tripduration,starttime,stoptime,start station id,start station name,start station latitude,start station longitude,end station id,end station name,end station latitude,end station longitude,bikeid,usertype,birth year,gender
1920,2014-01-31 18:36:35,2014-01-31 19:08:35,9,W 52 St & 9 Ave,40.7644,-73.9878,47,E 20 St & Park Ave,40.73818,-73.98433,22037,Customer,1956,2
1440,2014-01-31 18:39:50,2014-01-31 19:03:50,41,Grand St & Elizabeth St,40.7185,-73.9972,60,Columbus Ave & W 72 St,40.77813,-73.97371,21353,Subscriber,1972,0
420,2014-01-31 11:28:11,2014-01-31 11:35:11,47,E 20 St & Park Ave,40.73818,-73.98433,60,Columbus Ave & W 72 St,40.77813,-73.97371,21814,Customer,1999,1
420,2014-01-31 08:28:55,2014-01-31 08:35:55,7,Washington Square E,40.73049,-73.99572,28,Stanton St & Chrystie St,40.72229,-73.99147,20347,Subscriber,1972,2
540,2014-01-31 09:08:06,2014-01-31 09:17:06,9,W 52 St & 9 Ave,40.7644,-73.9878,28,Stanton St & Chrystie St,40.72229,-73.99147,20564,Subscriber,1972,1
1560,2014-01-31 14:43:27,2014-01-31 15:09:27,28,Stanton St & Chrystie St,40.72229,-73.99147,60,Columbus Ave & W 72 St,40.77813,-73.97371,22093,Customer,1952,0
1500,2014-01-31 12:34:59,2014-01-31 12:59:59,52,E 33 St & 1 Ave,40.74402,-73.97196,28,Stanton St & Chrystie St,40.72229,-73.99147,22799,Customer,1976,0
2100,2014-01-31 13:10:28,2014-01-31 13:45:28,47,E 20 St & Park Ave,40.73818,-73.98433,28,Stanton St & Chrystie St,40.72229,-73.99147,22260,Customer,1965,2
420,2014-01-31 10:35:13,2014-01-31 10:42:13,41,Grand St & Elizabeth St,40.7185,-73.9972,28,Stanton St & Chrystie St,40.72229,-73.99147,20985,Subscriber,1998,0
720,2014-01-31 14:12:27,2014-01-31 14:24:27,33,Greenwich Ave & 8 Ave,40.73902,-74.00264,52,E 33 St & 1 Ave,40.74402,-73.97196,20377,Customer,1950,0
2040,2014-01-31 16:31:51,2014-01-31 17:05:51,7,Washington Square E,40.73049,-73.99572,60,Columbus Ave & W 72 St,40.77813,-73.97371,22215,Subscriber,1965,1
720,2014-01-31 17:53:02,2014-01-31 18:05:02,28,Stanton St & Chrystie St,40.72229,-73.99147,60,Columbus Ave & W 72 St,40.77813,-73.97371,22768,Customer,1968,2
1860,2014-01-31 18:39:21,2014-01-31 19:10:21,41,Grand St & Elizabeth St,40.7185,-73.9972,47,E 20 St & Park Ave,40.73818,-73.98433,20981,Customer,1969,2
480,2014-01-31 14:46:55,2014-01-31 14:54:55,41,Grand St & Elizabeth St,40.7185,-73.9972,60,Columbus Ave & W 72 St,40.77813,-73.97371,22717,Customer,2000,2
660,2014-01-31 09:27:35,2014-01-31 09:38:35,60,Columbus Ave & W 72 St,40.77813,-73.97371,52,E 33 St & 1 Ave,40.74402,-73.97196,21128,Subscriber,1959,0
600,2014-01-31 12:55:14,2014-01-31 13:05:14,33,Greenwich Ave & 8 Ave,40.73902,-74.00264,47,E 20 St & Park Ave,40.73818,-73.98433,22943,Subscriber,1955,1
2100,2014-01-31 08:41:09,2014-01-31 09:16:09,47,E 20 St & Park Ave,40.73818,-73.98433,28,Stanton St & Chrystie St,40.72229,-73.99147,22195,Subscriber,1982,1
1620,2014-01-31 14:56:46,2014-01-31 15:23:46,52,E 33 St & 1 Ave,40.74402,-73.97196,33,Greenwich Ave & 8 Ave,40.73902,-74.00264,21889,Customer,1977,2
1560,2014-01-31 14:42:47,2014-01-31 15:08:47,41,Grand St & Elizabeth St,40.7185,-73.9972,44,St James Pl & Pearl St,40.71117,-74.00016,22705,Customer,2001,1
1440,2014-01-31 14:28:20,2014-01-31 14:52:20,9,W 52 St & 9 Ave,40.7644,-73.9878,44,St James Pl & Pearl St,40.71117,-74.00016,20257,Subscriber,1999,2
2100,2014-01-31 18:30:03,2014-01-31 19:05:03,41,Grand St & Elizabeth St,40.7185,-73.9972,33,Greenwich Ave & 8 Ave,40.73902,-74.00264,21245,Customer,1960,1
1200,2014-01-31 11:37:18,2014-01-31 11:57:18,33,Greenwich Ave & 8 Ave,40.73902,-74.00264,44,St James Pl & Pearl St,40.71117,-74.00016,20818,Customer,1981,2
1620,2014-01-31 16:38:17,2014-01-31 17:05:17,47,E 20 St & Park Ave,40.73818,-73.98433,44,St James Pl & Pearl St,40.71117,-74.00016,22119,Subscriber,1968,1
1920,2014-01-31 17:41:07,2014-01-31 18:13:07,9,W 52 St & 9 Ave,40.7644,-73.9878,47,E 20 St & Park Ave,40.73818,-73.98433,22600,Subscriber,1974,2
540,2014-01-31 14:36:37,2014-01-31 14:45:37,47,E 20 St & Park Ave,40.73818,-73.98433,44,St James Pl & Pearl St,40.71117,-74.00016,20125,Subscriber,1988,0
1980,2014-01-31 14:04:01,2014-01-31 14:37:01,9,W 52 St & 9 Ave,40.7644,-73.9878,44,St James Pl & Pearl St,40.71117,-74.00016,21961,Customer,1981,2
540,2014-01-31 11:13:25,2014-01-31 11:22:25,52,E 33 St & 1 Ave,40.74402,-73.97196,60,Columbus Ave & W 72 St,40.77813,-73.97371,21022,Customer,1955,0
1200,2014-01-31 11:07:40,2014-01-31 11:27:40,52,E 33 St & 1 Ave,40.74402,-73.97196,60,Columbus Ave & W 72 St,40.77813,-73.97371,22474,Subscriber,1996,1
1620,2014-01-31 07:58:06,2014-01-31 08:25:06,60,Columbus Ave & W 72 St,40.77813,-73.97371,44,St James Pl & Pearl St,40.71117,-74.00016,20334,Subscriber,1952,2
720,2014-01-31 15:01:04,2014-01-31 15:13:04,44,St James Pl & Pearl St,40.71117,-74.00016,60,Columbus Ave & W 72 St,40.77813,-73.97371,21782,Subscriber,1983,1
420,2014-01-31 17:47:11,2014-01-31 17:54:11,44,St James Pl & Pearl St,40.71117,-74.00016,41,Grand St & Elizabeth St,40.7185,-73.9972,22960,Customer,1999,0
960,2014-01-31 10:26:24,2014-01-31 10:42:24,9,W 52 St & 9 Ave,40.7644,-73.9878,28,Stanton St & Chrystie St,40.72229,-73.99147,22209,Customer,1968,1
1620,2014-01-31 07:11:15,2014-01-31 07:38:15,8,Hudson St & Reade St,40.71534,-74.00915,33,Greenwich Ave & 8 Ave,40.73902,-74.00264,20610,Subscriber,1975,2
1260,2014-01-31 08:52:33,2014-01-31 09:13:33,8,Hudson St & Reade St,40.71534,-74.00915,52,E 33 St & 1 Ave,40.74402,-73.97196,21055,Customer,1958,1
1920,2014-01-31 08:33:15,2014-01-31 09:05:15,7,Washington Square E,40.73049,-73.99572,52,E 33 St & 1 Ave,40.74402,-73.97196,22015,Customer,1971,0
1980,2014-01-31 16:39:28,2014-01-31 17:12:28,52,E 33 St & 1 Ave,40.74402,-73.97196,41,Grand St & Elizabeth St,40.7185,-73.9972,22599,Customer,1993,0
780,2014-01-31 10:07:53,2014-01-31 10:20:53,9,W 52 St & 9 Ave,40.7644,-73.9878,60,Columbus Ave & W 72 St,40.77813,-73.97371,20313,Customer,1967,2
1800,2014-01-31 14:50:45,2014-01-31 15:20:45,8,Hudson St & Reade St,40.71534,-74.00915,60,Columbus Ave & W 72 St,40.77813,-73.97371,20473,Customer,1970,2
1980,2014-01-31 08:57:10,2014-01-31 09:30:10,47,E 20 St & Park Ave,40.73818,-73.98433,41,Grand St & Elizabeth St,40.7185,-73.9972,20215,Subscriber,1999,0
840,2014-01-31 12:00:53,2014-01-31 12:14:53,41,Grand St & Elizabeth St,40.7185,-73.9972,47,E 20 St & Park Ave,40.73818,-73.98433,22703,Customer,1992,2
1860,2014-01-31 13:02:00,2014-01-31 13:33:00,8,Hudson St & Reade St,40.71534,-74.00915,28,Stanton St & Chrystie St,40.72229,-73.99147,21720,Customer,1975,1
1080,2014-01-31 07:58:14,2014-01-31 08:16:14,7,Washington Square E,40.73049,-73.99572,60,Columbus Ave & W 72 St,40.77813,-73.97371,22350,Subscriber,1952,1
1860,2014-01-31 07:40:32,2014-01-31 08:11:32,47,E 20 St & Park Ave,40.73818,-73.98433,41,Grand St & Elizabeth St,40.7185,-73.9972,20934,Subscriber,1974,1
1440,2014-01-31 18:05:09,2014-01-31 18:29:09,9,W 52 St & 9 Ave,40.7644,-73.9878,47,E 20 St & Park Ave,40.73818,-73.98433,20273,Customer,1991,2
1440,2014-01-31 18:14:06,2014-01-31 18:38:06,44,St James Pl & Pearl St,40.71117,-74.00016,60,Columbus Ave & W 72 St,40.77813,-73.97371,20933,Customer,1955,2
1020,2014-01-31 09:16:18,2014-01-31 09:33:18,41,Grand St & Elizabeth St,40.7185,-73.9972,52,E 33 St & 1 Ave,40.74402,-73.97196,21380,Subscriber,1956,0
480,2014-01-31 15:28:37,2014-01-31 15:36:37,44,St James Pl & Pearl St,40.71117,-74.00016,33,Greenwich Ave & 8 Ave,40.73902,-74.00264,22226,Customer,1999,2
1920,2014-01-31 08:54:28,2014-01-31 09:26:28,7,Washington Square E,40.73049,-73.99572,44,St James Pl & Pearl St,40.71117,-74.00016,20335,Subscriber,2004,0
540,2014-01-31 09:17:41,2014-01-31 09:26:41,60,Columbus Ave & W 72 St,40.77813,-73.97371,28,Stanton St & Chrystie St,40.72229,-73.99147,20852,Customer,1962,1
720,2014-01-31 14:32:36,2014-01-31 14:44:36,8,Hudson St & Reade St,40.71534,-74.00915,28,Stanton St & Chrystie St,40.72229,-73.99147,22621,Customer,1988,1
1560,2014-01-31 08:29:39,2014-01-31 08:55:39,8,Hudson St & Reade St,40.71534,-74.00915,41,Grand St & Elizabeth St,40.7185,-73.9972,21475,Customer,1976,2
900,2014-01-31 15:26:48,2014-01-31 15:41:48,7,Washington Square E,40.73049,-73.99572,60,Columbus Ave & W 72 St,40.77813,-73.97371,22178,Subscriber,1975,0
1020,2014-01-31 16:02:08,2014-01-31 16:19:08,44,St James Pl & Pearl St,40.71117,-74.00016,47,E 20 St & Park Ave,40.73818,-73.98433,22047,Customer,1990,2
360,2014-01-31 09:09:22,2014-01-31 09:15:22,52,E 33 St & 1 Ave,40.74402,-73.97196,60,Columbus Ave & W 72 St,40.77813,-73.97371,20264,Customer,1954,0
1080,2014-01-31 07:12:15,2014-01-31 07:30:15,9,W 52 St & 9 Ave,40.7644,-73.9878,52,E 33 St & 1 Ave,40.74402,-73.97196,22266,Customer,2003,0
720,2014-01-31 17:35:39,2014-01-31 17:47:39,44,St James Pl & Pearl St,40.71117,-74.00016,28,Stanton St & Chrystie St,40.72229,-73.99147,21208,Customer,1983,2
1440,2014-01-31 18:55:19,2014-01-31 19:19:19,44,St James Pl & Pearl St,40.71117,-74.00016,41,Grand St & Elizabeth St,40.7185,-73.9972,21437,Customer,1964,0
1980,2014-01-31 18:29:58,2014-01-31 19:02:58,7,Washington Square E,40.73049,-73.99572,44,St James Pl & Pearl St,40.71117,-74.00016,20681,Customer,2004,2
1260,2014-01-31 09:08:32,2014-01-31 09:29:32,9,W 52 St & 9 Ave,40.7644,-73.9878,33,Greenwich Ave & 8 Ave,40.73902,-74.00264,22772,Customer,1989,0
1200,2014-01-31 15:16:15,2014-01-31 15:36:15,47,E 20 St & Park Ave,40.73818,-73.98433,60,Columbus Ave & W 72 St,40.77813,-73.97371,21890,Subscriber,1955,0
600,2014-01-31 12:44:24,2014-01-31 12:54:24,44,St James Pl & Pearl St,40.71117,-74.00016,47,E 20 St & Park Ave,40.73818,-73.98433,21587,Customer,1985,0
1860,2014-01-31 13:49:57,2014-01-31 14:20:57,52,E 33 St & 1 Ave,40.74402,-73.97196,33,Greenwich Ave & 8 Ave,40.73902,-74.00264,20988,Customer,1993,2
900,2014-01-31 16:15:30,2014-01-31 16:30:30,44,St James Pl & Pearl St,40.71117,-74.00016,41,Grand St & Elizabeth St,40.7185,-73.9972,21051,Customer,1984,2
1740,2014-01-31 14:19:24,2014-01-31 14:48:24,60,Columbus Ave & W 72 St,40.77813,-73.97371,52,E 33 St & 1 Ave,40.74402,-73.97196,20425,Subscriber,1964,1
1020,2014-01-31 07:41:14,2014-01-31 07:58:14,52,E 33 St & 1 Ave,40.74402,-73.97196,33,Greenwich Ave & 8 Ave,40.73902,-74.00264,22650,Subscriber,1969,0
540,2014-01-31 12:16:18,2014-01-31 12:25:18,44,St James Pl & Pearl St,40.71117,-74.00016,52,E 33 St & 1 Ave,40.74402,-73.97196,21083,Subscriber,2001,2
1140,2014-01-31 18:49:09,2014-01-31 19:08:09,60,Columbus Ave & W 72 St,40.77813,-73.97371,33,Greenwich Ave & 8 Ave,40.73902,-74.00264,21845,Subscriber,1953,0
1320,2014-01-31 08:16:05,2014-01-31 08:38:05,8,Hudson St & Reade St,40.71534,-74.00915,33,Greenwich Ave & 8 Ave,40.73902,-74.00264,20395,Customer,1968,0
1800,2014-01-31 07:06:34,2014-01-31 07:36:34,9,W 52 St & 9 Ave,40.7644,-73.9878,47,E 20 St & Park Ave,40.73818,-73.98433,20406,Subscriber,1960,0
1560,2014-01-31 11:33:18,2014-01-31 11:59:18,28,Stanton St & Chrystie St,40.72229,-73.99147,41,Grand St & Elizabeth St,40.7185,-73.9972,21406,Subscriber,1990,1
1140,2014-01-31 10:44:15,2014-01-31 11:03:15,8,Hudson St & Reade St,40.71534,-74.00915,41,Grand St & Elizabeth St,40.7185,-73.9972,20241,Customer,1954,2
420,2014-01-31 12:40:28,2014-01-31 12:47:28,52,E 33 St & 1 Ave,40.74402,-73.97196,47,E 20 St & Park Ave,40.73818,-73.98433,20987,Customer,1967,0
1140,2014-01-31 14:32:05,2014-01-31 14:51:05,44,St James Pl & Pearl St,40.71117,-74.00016,33,Greenwich Ave & 8 Ave,40.73902,-74.00264,20329,Subscriber,1969,1
960,2014-01-31 17:46:23,2014-01-31 18:02:23,60,Columbus Ave & W 72 St,40.77813,-73.97371,44,St James Pl & Pearl St,40.71117,-74.00016,21532,Customer,1981,1
360,2014-01-31 08:21:31,2014-01-31 08:27:31,9,W 52 St & 9 Ave,40.7644,-73.9878,52,E 33 St & 1 Ave,40.74402,-73.97196,20899,Customer,1979,1
1320,2014-01-31 15:41:49,2014-01-31 16:03:49,47,E 20 St & Park Ave,40.73818,-73.98433,52,E 33 St & 1 Ave,40.74402,-73.97196,21218,Customer,1999,2
420,2014-01-31 11:25:52,2014-01-31 11:32:52,47,E 20 St & Park Ave,40.73818,-73.98433,44,St James Pl & Pearl St,40.71117,-74.00016,21514,Subscriber,1969,1
1020,2014-01-31 17:20:59,2014-01-31 17:37:59,52,E 33 St & 1 Ave,40.74402,-73.97196,47,E 20 St & Park Ave,40.73818,-73.98433,21016,Subscriber,1966,1
1740,2014-01-31 14:36:25,2014-01-31 15:05:25,41,Grand St & Elizabeth St,40.7185,-73.9972,60,Columbus Ave & W 72 St,40.77813,-73.97371,21685,Customer,1992,0
2100,2014-01-31 12:00:14,2014-01-31 12:35:14,28,Stanton St & Chrystie St,40.72229,-73.99147,47,E 20 St & Park Ave,40.73818,-73.98433,21347,Customer,2003,0
1500,2014-01-31 13:05:04,2014-01-31 13:30:04,33,Greenwich Ave & 8 Ave,40.73902,-74.00264,41,Grand St & Elizabeth St,40.7185,-73.9972,20052,Customer,1961,1
1740,2014-01-31 11:00:27,2014-01-31 11:29:27,8,Hudson St & Reade St,40.71534,-74.00915,41,Grand St & Elizabeth St,40.7185,-73.9972,21934,Subscriber,1977,2
1380,2014-01-31 17:56:30,2014-01-31 18:19:30,9,W 52 St & 9 Ave,40.7644,-73.9878,41,Grand St & Elizabeth St,40.7185,-73.9972,21184,Subscriber,1977,0
1020,2014-01-31 07:36:06,2014-01-31 07:53:06,47,E 20 St & Park Ave,40.73818,-73.98433,33,Greenwich Ave & 8 Ave,40.73902,-74.00264,21390,Customer,2005,2
900,2014-01-31 09:19:22,2014-01-31 09:34:22,41,Grand St & Elizabeth St,40.7185,-73.9972,33,Greenwich Ave & 8 Ave,40.73902,-74.00264,22388,Customer,1957,1
1860,2014-01-31 11:02:19,2014-01-31 11:33:19,44,St James Pl & Pearl St,40.71117,-74.00016,33,Greenwich Ave & 8 Ave,40.73902,-74.00264,20350,Customer,1972,2
1260,2014-01-31 11:22:41,2014-01-31 11:43:41,7,Washington Square E,40.73049,-73.99572,44,St James Pl & Pearl St,40.71117,-74.00016,22678,Subscriber,1965,0
900,2014-01-31 11:06:31,2014-01-31 11:21:31,60,Columbus Ave & W 72 St,40.77813,-73.97371,28,Stanton St & Chrystie St,40.72229,-73.99147,21310,Subscriber,1960,0
2040,2014-01-31 11:28:03,2014-01-31 12:02:03,8,Hudson St & Reade St,40.71534,-74.00915,47,E 20 St & Park Ave,40.73818,-73.98433,20710,Customer,2005,2
420,2014-01-31 13:04:46,2014-01-31 13:11:46,47,E 20 St & Park Ave,40.73818,-73.98433,41,Grand St & Elizabeth St,40.7185,-73.9972,20976,Subscriber,1952,2
1680,2014-01-31 17:53:27,2014-01-31 18:21:27,33,Greenwich Ave & 8 Ave,40.73902,-74.00264,44,St James Pl & Pearl St,40.71117,-74.00016,22588,Subscriber,1966,1
1200,2014-01-31 16:12:46,2014-01-31 16:32:46,41,Grand St & Elizabeth St,40.7185,-73.9972,60,Columbus Ave & W 72 St,40.77813,-73.97371,22107,Customer,1961,2
1020,2014-01-31 18:32:00,2014-01-31 18:49:00,41,Grand St & Elizabeth St,40.7185,-73.9972,60,Columbus Ave & W 72 St,40.77813,-73.97371,21389,Subscriber,2002,0
720,2014-01-31 17:00:20,2014-01-31 17:12:20,9,W 52 St & 9 Ave,40.7644,-73.9878,28,Stanton St & Chrystie St,40.72229,-73.99147,21664,Customer,1971,1
1020,2014-01-31 13:44:55,2014-01-31 14:01:55,47,E 20 St & Park Ave,40.73818,-73.98433,28,Stanton St & Chrystie St,40.72229,-73.99147,21120,Customer,1992,1
1500,2014-01-31 13:15:14,2014-01-31 13:40:14,8,Hudson St & Reade St,40.71534,-74.00915,60,Columbus Ave & W 72 St,40.77813,-73.97371,21528,Customer,1955,1
600,2014-01-31 15:35:15,2014-01-31 15:45:15,41,Grand St & Elizabeth St,40.7185,-73.9972,47,E 20 St & Park Ave,40.73818,-73.98433,20510,Customer,1950,0
420,2014-01-31 16:37:02,2014-01-31 16:44:02,60,Columbus Ave & W 72 St,40.77813,-73.97371,52,E 33 St & 1 Ave,40.74402,-73.97196,20307,Subscriber,1957,0
2100,2014-01-31 09:05:11,2014-01-31 09:40:11,44,St James Pl & Pearl St,40.71117,-74.00016,28,Stanton St & Chrystie St,40.72229,-73.99147,21848,Customer,1989,1
840,2014-01-31 18:36:12,2014-01-31 18:50:12,52,E 33 St & 1 Ave,40.74402,-73.97196,60,Columbus Ave & W 72 St,40.77813,-73.97371,20021,Subscriber,1984,2
1020,2014-01-31 15:47:01,2014-01-31 16:04:01,52,E 33 St & 1 Ave,40.74402,-73.97196,47,E 20 St & Park Ave,40.73818,-73.98433,20354,Subscriber,1987,2
2100,2014-01-31 14:09:30,2014-01-31 14:44:30,8,Hudson St & Reade St,40.71534,-74.00915,44,St James Pl & Pearl St,40.71117,-74.00016,22513,Subscriber,1999,2
1140,2014-01-31 15:41:08,2014-01-31 16:00:08,7,Washington Square E,40.73049,-73.99572,47,E 20 St & Park Ave,40.73818,-73.98433,22586,Subscriber,1973,1
660,2014-01-31 13:07:13,2014-01-31 13:18:13,41,Grand St & Elizabeth St,40.7185,-73.9972,60,Columbus Ave & W 72 St,40.77813,-73.97371,20520,Customer,1986,1
2100,2014-01-31 14:45:49,2014-01-31 15:20:49,33,Greenwich Ave & 8 Ave,40.73902,-74.00264,41,Grand St & Elizabeth St,40.7185,-73.9972,21361,Customer,1991,2
1320,2014-01-31 11:48:09,2014-01-31 12:10:09,52,E 33 St & 1 Ave,40.74402,-73.97196,44,St James Pl & Pearl St,40.71117,-74.00016,21502,Customer,1978,2
1980,2014-01-31 08:33:59,2014-01-31 09:06:59,41,Grand St & Elizabeth St,40.7185,-73.9972,44,St James Pl & Pearl St,40.71117,-74.00016,21271,Subscriber,1980,0
1500,2014-01-31 15:02:39,2014-01-31 15:27:39,41,Grand St & Elizabeth St,40.7185,-73.9972,52,E 33 St & 1 Ave,40.74402,-73.97196,20102,Customer,1988,0
960,2014-01-31 10:23:42,2014-01-31 10:39:42,28,Stanton St & Chrystie St,40.72229,-73.99147,52,E 33 St & 1 Ave,40.74402,-73.97196,21873,Subscriber,1980,0
1200,2014-01-31 17:49:10,2014-01-31 18:09:10,52,E 33 St & 1 Ave,40.74402,-73.97196,28,Stanton St & Chrystie St,40.72229,-73.99147,21484,Customer,1997,2
540,2014-01-31 11:34:40,2014-01-31 11:43:40,8,Hudson St & Reade St,40.71534,-74.00915,60,Columbus Ave & W 72 St,40.77813,-73.97371,22786,Customer,1999,2
1740,2014-01-31 18:22:02,2014-01-31 18:51:02,8,Hudson St & Reade St,40.71534,-74.00915,44,St James Pl & Pearl St,40.71117,-74.00016,20501,Customer,1950,2
1740,2014-01-31 13:50:45,2014-01-31 14:19:45,33,Greenwich Ave & 8 Ave,40.73902,-74.00264,41,Grand St & Elizabeth St,40.7185,-73.9972,21000,Subscriber,1953,1
540,2014-01-31 09:45:26,2014-01-31 09:54:26,41,Grand St & Elizabeth St,40.7185,-73.9972,33,Greenwich Ave & 8 Ave,40.73902,-74.00264,20636,Subscriber,2001,2
1140,2014-01-31 17:56:00,2014-01-31 18:15:00,52,E 33 St & 1 Ave,40.74402,-73.97196,60,Columbus Ave & W 72 St,40.77813,-73.97371,20044,Subscriber,1962,1
1140,2014-01-31 12:15:08,2014-01-31 12:34:08,52,E 33 St & 1 Ave,40.74402,-73.97196,41,Grand St & Elizabeth St,40.7185,-73.9972,22091,Customer,1999,0
1860,2014-01-31 17:37:03,2014-01-31 18:08:03,33,Greenwich Ave & 8 Ave,40.73902,-74.00264,60,Columbus Ave & W 72 St,40.77813,-73.97371,21148,Subscriber,1963,2
2100,2014-01-31 14:42:36,2014-01-31 15:17:36,41,Grand St & Elizabeth St,40.7185,-73.9972,60,Columbus Ave & W 72 St,40.77813,-73.97371,22429,Customer,2004,2
360,2014-01-31 17:07:14,2014-01-31 17:13:14,33,Greenwich Ave & 8 Ave,40.73902,-74.00264,60,Columbus Ave & W 72 St,40.77813,-73.97371,22612,Subscriber,1969,1
1560,2014-01-31 12:41:24,2014-01-31 13:07:24,7,Washington Square E,40.73049,-73.99572,44,St James Pl & Pearl St,40.71117,-74.00016,20963,Subscriber,1982,0
660,2014-01-31 13:19:30,2014-01-31 13:30:30,47,E 20 St & Park Ave,40.73818,-73.98433,28,Stanton St & Chrystie St,40.72229,-73.99147,20424,Subscriber,1963,2
600,2014-01-31 15:32:18,2014-01-31 15:42:18,60,Columbus Ave & W 72 St,40.77813,-73.97371,33,Greenwich Ave & 8 Ave,40.73902,-74.00264,22034,Subscriber,1972,1
360,2014-01-31 10:04:41,2014-01-31 10:10:41,33,Greenwich Ave & 8 Ave,40.73902,-74.00264,47,E 20 St & Park Ave,40.73818,-73.98433,20277,Customer,1972,0
660,2014-01-31 10:22:00,2014-01-31 10:33:00,33,Greenwich Ave & 8 Ave,40.73902,-74.00264,60,Columbus Ave & W 72 St,40.77813,-73.97371,20433,Customer,1953,1
1140,2014-01-31 14:46:54,2014-01-31 15:05:54,60,Columbus Ave & W 72 St,40.77813,-73.97371,47,E 20 St & Park Ave,40.73818,-73.98433,21673,Subscriber,1968,1
1920,2014-01-31 17:42:51,2014-01-31 18:14:51,44,St James Pl & Pearl St,40.71117,-74.00016,47,E 20 St & Park Ave,40.73818,-73.98433,21628,Subscriber,2000,2
660,2014-01-31 09:46:06,2014-01-31 09:57:06,33,Greenwich Ave & 8 Ave,40.73902,-74.00264,44,St James Pl & Pearl St,40.71117,-74.00016,21404,Subscriber,1988,2
1680,2014-01-31 15:46:00,2014-01-31 16:14:00,7,Washington Square E,40.73049,-73.99572,41,Grand St & Elizabeth St,40.7185,-73.9972,22622,Subscriber,1976,1
1560,2014-01-31 13:52:30,2014-01-31 14:18:30,8,Hudson St & Reade St,40.71534,-74.00915,44,St James Pl & Pearl St,40.71117,-74.00016,20016,Customer,1960,1
1620,2014-01-31 17:22:48,2014-01-31 17:49:48,9,W 52 St & 9 Ave,40.7644,-73.9878,41,Grand St & Elizabeth St,40.7185,-73.9972,20020,Customer,1986,1
540,2014-01-31 12:05:01,2014-01-31 12:14:01,52,E 33 St & 1 Ave,40.74402,-73.97196,60,Columbus Ave & W 72 St,40.77813,-73.97371,20555,Subscriber,1980,0
600,2014-01-31 14:08:54,2014-01-31 14:18:54,33,Greenwich Ave & 8 Ave,40.73902,-74.00264,47,E 20 St & Park Ave,40.73818,-73.98433,21733,Subscriber,1981,1
420,2014-01-31 15:23:02,2014-01-31 15:30:02,41,Grand St & Elizabeth St,40.7185,-73.9972,28,Stanton St & Chrystie St,40.72229,-73.99147,21038,Subscriber,2002,2
480,2014-01-31 18:39:52,2014-01-31 18:47:52,52,E 33 St & 1 Ave,40.74402,-73.97196,47,E 20 St & Park Ave,40.73818,-73.98433,21857,Customer,1971,0
1020,2014-01-31 09:28:09,2014-01-31 09:45:09,47,E 20 St & Park Ave,40.73818,-73.98433,28,Stanton St & Chrystie St,40.72229,-73.99147,20756,Subscriber,1953,0
720,2014-01-31 15:02:02,2014-01-31 15:14:02,8,Hudson St & Reade St,40.71534,-74.00915,33,Greenwich Ave & 8 Ave,40.73902,-74.00264,21518,Customer,1984,0
1080,2014-01-31 18:01:56,2014-01-31 18:19:56,44,St James Pl & Pearl St,40.71117,-74.00016,47,E 20 St & Park Ave,40.73818,-73.98433,22229,Subscriber,1951,2
1860,2014-01-31 15:54:52,2014-01-31 16:25:52,44,St James Pl & Pearl St,40.71117,-74.00016,28,Stanton St & Chrystie St,40.72229,-73.99147,22706,Subscriber,1985,1
1800,2014-01-31 14:12:42,2014-01-31 14:42:42,47,E 20 St & Park Ave,40.73818,-73.98433,28,Stanton St & Chrystie St,40.72229,-73.99147,22453,Customer,2002,0
1500,2014-01-31 17:34:25,2014-01-31 17:59:25,33,Greenwich Ave & 8 Ave,40.73902,-74.00264,44,St James Pl & Pearl St,40.71117,-74.00016,22936,Subscriber,1957,1
1920,2014-01-31 08:31:21,2014-01-31 09:03:21,41,Grand St & Elizabeth St,40.7185,-73.9972,33,Greenwich Ave & 8 Ave,40.73902,-74.00264,20227,Customer,1959,2
1260,2014-01-31 10:20:34,2014-01-31 10:41:34,41,Grand St & Elizabeth St,40.7185,-73.9972,47,E 20 St & Park Ave,40.73818,-73.98433,20937,Subscriber,1975,2
1860,2014-01-31 10:03:28,2014-01-31 10:34:28,9,W 52 St & 9 Ave,40.7644,-73.9878,44,St James Pl & Pearl St,40.71117,-74.00016,21129,Customer,1961,1
720,2014-02-01 00:04:00,2014-02-01 00:16:00,8,Hudson St & Reade St,40.71534,-74.00915,8,Hudson St & Reade St,40.71534,-74.00915,20008,Subscriber,1959,2
1860,2014-01-31 14:01:52,2014-01-31 14:32:52,47,E 20 St & Park Ave,40.73818,-73.98433,52,E 33 St & 1 Ave,40.74402,-73.97196,22081,Subscriber,1978,2
600,2014-01-31 16:44:05,2014-01-31 16:54:05,33,Greenwich Ave & 8 Ave,40.73902,-74.00264,60,Columbus Ave & W 72 St,40.77813,-73.97371,21663,Customer,1992,1
540,2014-01-31 07:13:26,2014-01-31 07:22:26,60,Columbus Ave & W 72 St,40.77813,-73.97371,47,E 20 St & Park Ave,40.73818,-73.98433,22302,Customer,1985,2
1080,2014-01-31 13:02:27,2014-01-31 13:20:27,33,Greenwich Ave & 8 Ave,40.73902,-74.00264,41,Grand St & Elizabeth St,40.7185,-73.9972,21684,Customer,1992,2
1140,2014-01-31 07:09:58,2014-01-31 07:28:58,41,Grand St & Elizabeth St,40.7185,-73.9972,52,E 33 St & 1 Ave,40.74402,-73.97196,20670,Subscriber,1984,0
780,2014-01-31 07:52:09,2014-01-31 08:05:09,7,Washington Square E,40.73049,-73.99572,60,Columbus Ave & W 72 St,40.77813,-73.97371,22494,Customer,1953,1
1260,2014-01-31 18:47:45,2014-01-31 19:08:45,44,St James Pl & Pearl St,40.71117,-74.00016,33,Greenwich Ave & 8 Ave,40.73902,-74.00264,22961,Subscriber,1959,1
840,2014-01-31 16:34:20,2014-01-31 16:48:20,60,Columbus Ave & W 72 St,40.77813,-73.97371,52,E 33 St & 1 Ave,40.74402,-73.97196,22347,Subscriber,1985,1
780,2014-01-31 14:21:56,2014-01-31 14:34:56,33,Greenwich Ave & 8 Ave,40.73902,-74.00264,60,Columbus Ave & W 72 St,40.77813,-73.97371,20449,Subscriber,1966,2
1080,2014-01-31 15:33:07,2014-01-31 15:51:07,28,Stanton St & Chrystie St,40.72229,-73.99147,41,Grand St & Elizabeth St,40.7185,-73.9972,22898,Customer,2003,2
1020,2014-01-31 16:35:14,2014-01-31 16:52:14,47,E 20 St & Park Ave,40.73818,-73.98433,41,Grand St & Elizabeth St,40.7185,-73.9972,22755,Subscriber,1977,2
1800,2014-01-31 13:20:37,2014-01-31 13:50:37,41,Grand St & Elizabeth St,40.7185,-73.9972,44,St James Pl & Pearl St,40.71117,-74.00016,21228,Subscriber,1964,0
480,2014-01-31 15:26:37,2014-01-31 15:34:37,47,E 20 St & Park Ave,40.73818,-73.98433,33,Greenwich Ave & 8 Ave,40.73902,-74.00264,22010,Subscriber,1985,0
2100,2014-01-31 16:16:46,2014-01-31 16:51:46,44,St James Pl & Pearl St,40.71117,-74.00016,33,Greenwich Ave & 8 Ave,40.73902,-74.00264,22767,Subscriber,1965,1
1200,2014-01-31 17:11:55,2014-01-31 17:31:55,60,Columbus Ave & W 72 St,40.77813,-73.97371,47,E 20 St & Park Ave,40.73818,-73.98433,21556,Subscriber,1999,1
1980,2014-01-31 17:14:35,2014-01-31 17:47:35,47,E 20 St & Park Ave,40.73818,-73.98433,41,Grand St & Elizabeth St,40.7185,-73.9972,22060,Subscriber,1992,0
600,2014-01-31 08:29:00,2014-01-31 08:39:00,33,Greenwich Ave & 8 Ave,40.73902,-74.00264,60,Columbus Ave & W 72 St,40.77813,-73.97371,20599,Subscriber,1980,0
1020,2014-01-31 16:43:32,2014-01-31 17:00:32,47,E 20 St & Park Ave,40.73818,-73.98433,52,E 33 St & 1 Ave,40.74402,-73.97196,20355,Subscriber,1988,2
1380,2014-01-31 07:20:13,2014-01-31 07:43:13,44,St James Pl & Pearl St,40.71117,-74.00016,41,Grand St & Elizabeth St,40.7185,-73.9972,20010,Customer,1977,1
1380,2014-01-31 15:02:41,2014-01-31 15:25:41,7,Washington Square E,40.73049,-73.99572,33,Greenwich Ave & 8 Ave,40.73902,-74.00264,21302,Customer,1972,1
2100,2014-01-31 07:50:55,2014-01-31 08:25:55,28,Stanton St & Chrystie St,40.72229,-73.99147,41,Grand St & Elizabeth St,40.7185,-73.9972,21162,Customer,1984,2
420,2014-01-31 12:09:37,2014-01-31 12:16:37,7,Washington Square E,40.73049,-73.99572,44,St James Pl & Pearl St,40.71117,-74.00016,22775,Customer,1966,2
960,2014-01-31 09:04:48,2014-01-31 09:20:48,9,W 52 St & 9 Ave,40.7644,-73.9878,41,Grand St & Elizabeth St,40.7185,-73.9972,22628,Customer,1997,1
420,2014-01-31 14:22:05,2014-01-31 14:29:05,8,Hudson St & Reade St,40.71534,-74.00915,44,St James Pl & Pearl St,40.71117,-74.00016,22801,Subscriber,1966,0
1380,2014-01-31 11:26:50,2014-01-31 11:49:50,9,W 52 St & 9 Ave,40.7644,-73.9878,52,E 33 St & 1 Ave,40.74402,-73.97196,20422,Subscriber,1956,2
1140,2014-01-31 15:20:36,2014-01-31 15:39:36,7,Washington Square E,40.73049,-73.99572,28,Stanton St & Chrystie St,40.72229,-73.99147,20294,Customer,1977,1
1140,2014-01-31 10:10:52,2014-01-31 10:29:52,41,Grand St & Elizabeth St,40.7185,-73.9972,33,Greenwich Ave & 8 Ave,40.73902,-74.00264,22437,Subscriber,1998,2
1500,2014-01-31 18:20:37,2014-01-31 18:45:37,33,Greenwich Ave & 8 Ave,40.73902,-74.00264,28,Stanton St & Chrystie St,40.72229,-73.99147,21893,Subscriber,1953,2
300,2014-01-31 23:48:00,2014-01-31 23:53:00,7,Washington Square E,40.73049,-73.99572,28,Stanton St & Chrystie St,40.72229,-73.99147,20000,Subscriber,1972,2
1440,2014-01-31 10:38:23,2014-01-31 11:02:23,28,Stanton St & Chrystie St,40.72229,-73.99147,47,E 20 St & Park Ave,40.73818,-73.98433,20649,Subscriber,1958,0
1860,2014-01-31 18:05:57,2014-01-31 18:36:57,33,Greenwich Ave & 8 Ave,40.73902,-74.00264,28,Stanton St & Chrystie St,40.72229,-73.99147,21941,Subscriber,1969,2
1740,2014-01-31 18:02:58,2014-01-31 18:31:58,44,St James Pl & Pearl St,40.71117,-74.00016,33,Greenwich Ave & 8 Ave,40.73902,-74.00264,22865,Subscriber,1951,2
960,2014-01-31 17:44:38,2014-01-31 18:00:38,8,Hudson St & Reade St,40.71534,-74.00915,47,E 20 St & Park Ave,40.73818,-73.98433,21304,Customer,1958,1
1260,2014-01-31 15:16:01,2014-01-31 15:37:01,7,Washington Square E,40.73049,-73.99572,52,E 33 St & 1 Ave,40.74402,-73.97196,22982,Customer,1964,2
1440,2014-01-31 10:54:47,2014-01-31 11:18:47,60,Columbus Ave & W 72 St,40.77813,-73.97371,47,E 20 St & Park Ave,40.73818,-73.98433,22797,Subscriber,1961,2
480,2014-01-31 13:10:21,2014-01-31 13:18:21,8,Hudson St & Reade St,40.71534,-74.00915,41,Grand St & Elizabeth St,40.7185,-73.9972,20544,Subscriber,1999,2
360,2014-01-31 13:50:10,2014-01-31 13:56:10,44,St James Pl & Pearl St,40.71117,-74.00016,47,E 20 St & Park Ave,40.73818,-73.98433,21312,Customer,1971,0
480,2014-01-31 17:49:16,2014-01-31 17:57:16,33,Greenwich Ave & 8 Ave,40.73902,-74.00264,41,Grand St & Elizabeth St,40.7185,-73.9972,21220,Customer,2001,2
1680,2014-01-31 16:38:28,2014-01-31 17:06:28,8,Hudson St & Reade St,40.71534,-74.00915,60,Columbus Ave & W 72 St,40.77813,-73.97371,21699,Subscriber,1986,1
1740,2014-01-31 14:04:02,2014-01-31 14:33:02,47,E 20 St & Park Ave,40.73818,-73.98433,52,E 33 St & 1 Ave,40.74402,-73.97196,22201,Subscriber,1961,2
840,2014-01-31 10:06:19,2014-01-31 10:20:19,44,St James Pl & Pearl St,40.71117,-74.00016,60,Columbus Ave & W 72 St,40.77813,-73.97371,21369,Subscriber,1983,1
840,2014-01-31 18:27:35,2014-01-31 18:41:35,28,Stanton St & Chrystie St,40.72229,-73.99147,44,St James Pl & Pearl St,40.71117,-74.00016,20417,Subscriber,1978,2
840,2014-01-31 09:06:03,2014-01-31 09:20:03,52,E 33 St & 1 Ave,40.74402,-73.97196,28,Stanton St & Chrystie St,40.72229,-73.99147,20648,Subscriber,1954,1
2040,2014-01-31 11:35:59,2014-01-31 12:09:59,41,Grand St & Elizabeth St,40.7185,-73.9972,44,St James Pl & Pearl St,40.71117,-74.00016,20410,Subscriber,1969,1
420,2014-01-31 08:29:05,2014-01-31 08:36:05,7,Washington Square E,40.73049,-73.99572,33,Greenwich Ave & 8 Ave,40.73902,-74.00264,20959,Customer,2001,0
360,2014-01-31 10:14:53,2014-01-31 10:20:53,52,E 33 St & 1 Ave,40.74402,-73.97196,28,Stanton St & Chrystie St,40.72229,-73.99147,20073,Customer,2002,1
1380,2014-01-31 15:19:36,2014-01-31 15:42:36,7,Washington Square E,40.73049,-73.99572,28,Stanton St & Chrystie St,40.72229,-73.99147,21770,Customer,1976,1
960,2014-01-31 17:04:35,2014-01-31 17:20:35,8,Hudson St & Reade St,40.71534,-74.00915,60,Columbus Ave & W 72 St,40.77813,-73.97371,22120,Customer,1961,2
1560,2014-01-31 16:20:44,2014-01-31 16:46:44,52,E 33 St & 1 Ave,40.74402,-73.97196,33,Greenwich Ave & 8 Ave,40.73902,-74.00264,20091,Subscriber,1991,2
1560,2014-01-31 14:03:11,2014-01-31 14:29:11,52,E 33 St & 1 Ave,40.74402,-73.97196,47,E 20 St & Park Ave,40.73818,-73.98433,21337,Subscriber,1995,2
2100,2014-01-31 12:13:00,2014-01-31 12:48:00,9,W 52 St & 9 Ave,40.7644,-73.9878,44,St James Pl & Pearl St,40.71117,-74.00016,22139,Customer,1996,1
1860,2014-01-31 15:44:23,2014-01-31 16:15:23,60,Columbus Ave & W 72 St,40.77813,-73.97371,52,E 33 St & 1 Ave,40.74402,-73.97196,21602,Customer,1985,2
1020,2014-01-31 14:09:49,2014-01-31 14:26:49,60,Columbus Ave & W 72 St,40.77813,-73.97371,41,Grand St & Elizabeth St,40.7185,-73.9972,20821,Subscriber,1982,2
360,2014-01-31 15:33:47,2014-01-31 15:39:47,41,Grand St & Elizabeth St,40.7185,-73.9972,33,Greenwich Ave & 8 Ave,40.73902,-74.00264,21926,Customer,1972,1
1560,2014-01-31 14:51:55,2014-01-31 15:17:55,28,Stanton St & Chrystie St,40.72229,-73.99147,52,E 33 St & 1 Ave,40.74402,-73.97196,22393,Customer,1963,2
1200,2014-01-31 12:01:03,2014-01-31 12:21:03,44,St James Pl & Pearl St,40.71117,-74.00016,47,E 20 St & Park Ave,40.73818,-73.98433,22919,Customer,1950,0
1920,2014-01-31 12:58:21,2014-01-31 13:30:21,60,Columbus Ave & W 72 St,40.77813,-73.97371,33,Greenwich Ave & 8 Ave,40.73902,-74.00264,21827,Customer,1986,0
2040,2014-01-31 09:09:48,2014-01-31 09:43:48,9,W 52 St & 9 Ave,40.7644,-73.9878,52,E 33 St & 1 Ave,40.74402,-73.97196,21896,Customer,1989,0
1080,2014-01-31 13:04:05,2014-01-31 13:22:05,8,Hudson St & Reade St,40.71534,-74.00915,28,Stanton St & Chrystie St,40.72229,-73.99147,20316,Customer,1977,1
1740,2014-01-31 14:12:25,2014-01-31 14:41:25,44,St James Pl & Pearl St,40.71117,-74.00016,33,Greenwich Ave & 8 Ave,40.73902,-74.00264,20149,Customer,1992,2
1080,2014-01-31 18:58:49,2014-01-31 19:16:49,41,Grand St & Elizabeth St,40.7185,-73.9972,47,E 20 St & Park Ave,40.73818,-73.98433,20777,Customer,1985,0
420,2014-01-31 07:19:51,2014-01-31 07:26:51,44,St James Pl & Pearl St,40.71117,-74.00016,33,Greenwich Ave & 8 Ave,40.73902,-74.00264,21582,Customer,1980,0
1680,2014-01-31 10:44:01,2014-01-31 11:12:01,28,Stanton St & Chrystie St,40.72229,-73.99147,47,E 20 St & Park Ave,40.73818,-73.98433,20181,Customer,1964,1
1020,2014-01-31 09:34:19,2014-01-31 09:51:19,60,Columbus Ave & W 72 St,40.77813,-73.97371,41,Grand St & Elizabeth St,40.7185,-73.9972,20204,Customer,2005,1
1620,2014-01-31 16:56:26,2014-01-31 17:23:26,60,Columbus Ave & W 72 St,40.77813,-73.97371,28,Stanton St & Chrystie St,40.72229,-73.99147,22695,Customer,1991,0
1260,2014-01-31 10:51:39,2014-01-31 11:12:39,7,Washington Square E,40.73049,-73.99572,28,Stanton St & Chrystie St,40.72229,-73.99147,21405,Customer,1958,2
840,2014-01-31 13:03:09,2014-01-31 13:17:09,28,Stanton St & Chrystie St,40.72229,-73.99147,52,E 33 St & 1 Ave,40.74402,-73.97196,22752,Customer,1999,0
540,2014-01-31 08:35:28,2014-01-31 08:44:28,41,Grand St & Elizabeth St,40.7185,-73.9972,60,Columbus Ave & W 72 St,40.77813,-73.97371,20119,Subscriber,1996,2
1860,2014-01-31 12:52:39,2014-01-31 13:23:39,28,Stanton St & Chrystie St,40.72229,-73.99147,33,Greenwich Ave & 8 Ave,40.73902,-74.00264,21467,Customer,1975,0
360,2014-01-31 17:00:44,2014-01-31 17:06:44,33,Greenwich Ave & 8 Ave,40.73902,-74.00264,47,E 20 St & Park Ave,40.73818,-73.98433,22036,Subscriber,1996,0
1080,2014-01-31 14:43:35,2014-01-31 15:01:35,41,Grand St & Elizabeth St,40.7185,-73.9972,52,E 33 St & 1 Ave,40.74402,-73.97196,22129,Subscriber,1988,2
1500,2014-01-31 13:45:20,2014-01-31 14:10:20,28,Stanton St & Chrystie St,40.72229,-73.99147,60,Columbus Ave & W 72 St,40.77813,-73.97371,22620,Customer,1978,2
1440,2014-01-31 07:56:00,2014-01-31 08:20:00,52,E 33 St & 1 Ave,40.74402,-73.97196,60,Columbus Ave & W 72 St,40.77813,-73.97371,22518,Customer,1960,0
780,2014-01-31 07:30:11,2014-01-31 07:43:11,7,Washington Square E,40.73049,-73.99572,28,Stanton St & Chrystie St,40.72229,-73.99147,22530,Subscriber,2001,1
1860,2014-01-31 11:13:54,2014-01-31 11:44:54,28,Stanton St & Chrystie St,40.72229,-73.99147,44,St James Pl & Pearl St,40.71117,-74.00016,20602,Subscriber,1985,1
2040,2014-01-31 17:49:35,2014-01-31 18:23:35,28,Stanton St & Chrystie St,40.72229,-73.99147,47,E 20 St & Park Ave,40.73818,-73.98433,21292,Customer,1992,0
1920,2014-01-31 07:28:31,2014-01-31 08:00:31,41,Grand St & Elizabeth St,40.7185,-73.9972,33,Greenwich Ave & 8 Ave,40.73902,-74.00264,22278,Subscriber,2005,0
2100,2014-01-31 16:15:49,2014-01-31 16:50:49,52,E 33 St & 1 Ave,40.74402,-73.97196,44,St James Pl & Pearl St,40.71117,-74.00016,22395,Customer,1990,0
1680,2014-01-31 14:58:23,2014-01-31 15:26:23,44,St James Pl & Pearl St,40.71117,-74.00016,33,Greenwich Ave & 8 Ave,40.73902,-74.00264,20281,Subscriber,1975,2
840,2014-01-31 11:29:24,2014-01-31 11:43:24,47,E 20 St & Park Ave,40.73818,-73.98433,44,St James Pl & Pearl St,40.71117,-74.00016,21970,Subscriber,1997,2
1980,2014-01-31 15:37:51,2014-01-31 16:10:51,28,Stanton St & Chrystie St,40.72229,-73.99147,33,Greenwich Ave & 8 Ave,40.73902,-74.00264,21242,Customer,1952,0
1440,2014-01-31 13:07:01,2014-01-31 13:31:01,41,Grand St & Elizabeth St,40.7185,-73.9972,28,Stanton St & Chrystie St,40.72229,-73.99147,21984,Customer,1983,2
900,2014-01-31 18:13:58,2014-01-31 18:28:58,44,St James Pl & Pearl St,40.71117,-74.00016,41,Grand St & Elizabeth St,40.7185,-73.9972,21797,Subscriber,2000,0
1440,2014-01-31 12:32:55,2014-01-31 12:56:55,33,Greenwich Ave & 8 Ave,40.73902,-74.00264,60,Columbus Ave & W 72 St,40.77813,-73.97371,21155,Subscriber,1954,0
1080,2014-01-31 08:06:20,2014-01-31 08:24:20,7,Washington Square E,40.73049,-73.99572,44,St James Pl & Pearl St,40.71117,-74.00016,20731,Customer,1989,0
1320,2014-01-31 12:45:22,2014-01-31 13:07:22,33,Greenwich Ave & 8 Ave,40.73902,-74.00264,28,Stanton St & Chrystie St,40.72229,-73.99147,21611,Subscriber,2002,2
840,2014-01-31 14:34:47,2014-01-31 14:48:47,8,Hudson St & Reade St,40.71534,-74.00915,28,Stanton St & Chrystie St,40.72229,-73.99147,20917,Customer,1984,1
1620,2014-01-31 09:31:41,2014-01-31 09:58:41,9,W 52 St & 9 Ave,40.7644,-73.9878,52,E 33 St & 1 Ave,40.74402,-73.97196,22484,Subscriber,1954,1
1800,2014-01-31 08:46:44,2014-01-31 09:16:44,9,W 52 St & 9 Ave,40.7644,-73.9878,47,E 20 St & Park Ave,40.73818,-73.98433,22219,Subscriber,1975,1
1080,2014-01-31 12:46:07,2014-01-31 13:04:07,47,E 20 St & Park Ave,40.73818,-73.98433,28,Stanton St & Chrystie St,40.72229,-73.99147,22967,Customer,1963,0
1260,2014-01-31 08:40:18,2014-01-31 09:01:18,44,St James Pl & Pearl St,40.71117,-74.00016,33,Greenwich Ave & 8 Ave,40.73902,-74.00264,21235,Customer,1951,2
780,2014-01-31 18:54:43,2014-01-31 19:07:43,41,Grand St & Elizabeth St,40.7185,-73.9972,44,St James Pl & Pearl St,40.71117,-74.00016,21761,Subscriber,2003,2
1560,2014-01-31 12:59:04,2014-01-31 13:25:04,28,Stanton St & Chrystie St,40.72229,-73.99147,33,Greenwich Ave & 8 Ave,40.73902,-74.00264,22307,Subscriber,1976,1
960,2014-01-31 16:52:33,2014-01-31 17:08:33,52,E 33 St & 1 Ave,40.74402,-73.97196,28,Stanton St & Chrystie St,40.72229,-73.99147,22491,Customer,1961,1
480,2014-01-31 12:02:42,2014-01-31 12:10:42,52,E 33 St & 1 Ave,40.74402,-73.97196,60,Columbus Ave & W 72 St,40.77813,-73.97371,20891,Customer,2001,2
720,2014-01-31 14:29:57,2014-01-31 14:41:57,28,Stanton St & Chrystie St,40.72229,-73.99147,41,Grand St & Elizabeth St,40.7185,-73.9972,20269,Subscriber,1981,0
1620,2014-01-31 11:48:04,2014-01-31 12:15:04,41,Grand St & Elizabeth St,40.7185,-73.9972,33,Greenwich Ave & 8 Ave,40.73902,-74.00264,21322,Customer,1956,2
1440,2014-01-31 14:38:44,2014-01-31 15:02:44,60,Columbus Ave & W 72 St,40.77813,-73.97371,41,Grand St & Elizabeth St,40.7185,-73.9972,22897,Customer,1994,0
420,2014-01-31 10:56:15,2014-01-31 11:03:15,8,Hudson St & Reade St,40.71534,-74.00915,28,Stanton St & Chrystie St,40.72229,-73.99147,22833,Customer,1992,1
1620,2014-01-31 18:47:58,2014-01-31 19:14:58,9,W 52 St & 9 Ave,40.7644,-73.9878,60,Columbus Ave & W 72 St,40.77813,-73.97371,22589,Customer,1953,2
420,2014-01-31 16:41:22,2014-01-31 16:48:22,33,Greenwich Ave & 8 Ave,40.73902,-74.00264,60,Columbus Ave & W 72 St,40.77813,-73.97371,20403,Customer,1997,2
600,2014-01-31 10:31:54,2014-01-31 10:41:54,44,St James Pl & Pearl St,40.71117,-74.00016,33,Greenwich Ave & 8 Ave,40.73902,-74.00264,20925,Subscriber,1959,0
600,2014-01-31 17:17:20,2014-01-31 17:27:20,33,Greenwich Ave & 8 Ave,40.73902,-74.00264,28,Stanton St & Chrystie St,40.72229,-73.99147,21424,Customer,1985,0
660,2014-01-31 09:36:34,2014-01-31 09:47:34,7,Washington Square E,40.73049,-73.99572,33,Greenwich Ave & 8 Ave,40.73902,-74.00264,22004,Subscriber,1968,0
1620,2014-01-31 10:50:17,2014-01-31 11:17:17,28,Stanton St & Chrystie St,40.72229,-73.99147,47,E 20 St & Park Ave,40.73818,-73.98433,20229,Customer,1951,0
1440,2014-01-31 08:25:59,2014-01-31 08:49:59,33,Greenwich Ave & 8 Ave,40.73902,-74.00264,47,E 20 St & Park Ave,40.73818,-73.98433,21247,Subscriber,1958,2
600,2014-01-31 18:35:08,2014-01-31 18:45:08,41,Grand St & Elizabeth St,40.7185,-73.9972,52,E 33 St & 1 Ave,40.74402,-73.97196,20309,Customer,1953,1
540,2014-01-31 09:12:58,2014-01-31 09:21:58,41,Grand St & Elizabeth St,40.7185,-73.9972,44,St James Pl & Pearl St,40.71117,-74.00016,21908,Subscriber,1959,1
1320,2014-01-31 18:49:54,2014-01-31 19:11:54,28,Stanton St & Chrystie St,40.72229,-73.99147,44,St James Pl & Pearl St,40.71117,-74.00016,22793,Customer,1965,2
1320,2014-01-31 07:02:41,2014-01-31 07:24:41,9,W 52 St & 9 Ave,40.7644,-73.9878,47,E 20 St & Park Ave,40.73818,-73.98433,22806,Subscriber,1991,0
480,2014-01-31 14:30:08,2014-01-31 14:38:08,47,E 20 St & Park Ave,40.73818,-73.98433,60,Columbus Ave & W 72 St,40.77813,-73.97371,20437,Subscriber,1997,1
1440,2014-01-31 07:54:36,2014-01-31 08:18:36,28,Stanton St & Chrystie St,40.72229,-73.99147,41,Grand St & Elizabeth St,40.7185,-73.9972,22470,Subscriber,1952,0
2040,2014-01-31 14:50:13,2014-01-31 15:24:13,47,E 20 St & Park Ave,40.73818,-73.98433,52,E 33 St & 1 Ave,40.74402,-73.97196,20401,Subscriber,1980,0
1140,2014-01-31 16:27:15,2014-01-31 16:46:15,7,Washington Square E,40.73049,-73.99572,33,Greenwich Ave & 8 Ave,40.73902,-74.00264,20211,Customer,2000,2
660,2014-01-31 12:37:34,2014-01-31 12:48:34,28,Stanton St & Chrystie St,40.72229,-73.99147,44,St James Pl & Pearl St,40.71117,-74.00016,22247,Customer,1964,0
2040,2014-01-31 12:21:00,2014-01-31 12:55:00,8,Hudson St & Reade St,40.71534,-74.00915,41,Grand St & Elizabeth St,40.7185,-73.9972,22523,Subscriber,1993,1
1860,2014-01-31 10:09:39,2014-01-31 10:40:39,47,E 20 St & Park Ave,40.73818,-73.98433,60,Columbus Ave & W 72 St,40.77813,-73.97371,22869,Customer,2003,0
780,2014-01-31 17:03:04,2014-01-31 17:16:04,9,W 52 St & 9 Ave,40.7644,-73.9878,52,E 33 St & 1 Ave,40.74402,-73.97196,21856,Subscriber,2002,0
1920,2014-01-31 10:17:02,2014-01-31 10:49:02,60,Columbus Ave & W 72 St,40.77813,-73.97371,33,Greenwich Ave & 8 Ave,40.73902,-74.00264,21345,Customer,1968,0
1920,2014-01-31 13:04:21,2014-01-31 13:36:21,8,Hudson St & Reade St,40.71534,-74.00915,47,E 20 St & Park Ave,40.73818,-73.98433,22092,Customer,1977,2
2100,2014-01-31 07:07:09,2014-01-31 07:42:09,8,Hudson St & Reade St,40.71534,-74.00915,60,Columbus Ave & W 72 St,40.77813,-73.97371,20946,Customer,1951,1
840,2014-01-31 17:55:07,2014-01-31 18:09:07,47,E 20 St & Park Ave,40.73818,-73.98433,41,Grand St & Elizabeth St,40.7185,-73.9972,22636,Customer,1973,2
1680,2014-01-31 14:35:04,2014-01-31 15:03:04,8,Hudson St & Reade St,40.71534,-74.00915,33,Greenwich Ave & 8 Ave,40.73902,-74.00264,20353,Customer,1979,2
1140,2014-01-31 13:47:31,2014-01-31 14:06:31,41,Grand St & Elizabeth St,40.7185,-73.9972,33,Greenwich Ave & 8 Ave,40.73902,-74.00264,21300,Subscriber,1961,2
1440,2014-01-31 18:12:09,2014-01-31 18:36:09,47,E 20 St & Park Ave,40.73818,-73.98433,60,Columbus Ave & W 72 St,40.77813,-73.97371,21197,Customer,2004,0
1980,2014-01-31 14:54:34,2014-01-31 15:27:34,44,St James Pl & Pearl St,40.71117,-74.00016,33,Greenwich Ave & 8 Ave,40.73902,-74.00264,22813,Customer,1997,2
1560,2014-01-31 07:49:02,2014-01-31 08:15:02,47,E 20 St & Park Ave,40.73818,-73.98433,28,Stanton St & Chrystie St,40.72229,-73.99147,21678,Customer,1960,2
900,2014-01-31 16:04:21,2014-01-31 16:19:21,41,Grand St & Elizabeth St,40.7185,-73.9972,28,Stanton St & Chrystie St,40.72229,-73.99147,20499,Subscriber,1981,1
1020,2014-01-31 18:28:49,2014-01-31 18:45:49,60,Columbus Ave & W 72 St,40.77813,-73.97371,28,Stanton St & Chrystie St,40.72229,-73.99147,20093,Subscriber,1987,2
1740,2014-01-31 09:05:56,2014-01-31 09:34:56,47,E 20 St & Park Ave,40.73818,-73.98433,52,E 33 St & 1 Ave,40.74402,-73.97196,21980,Customer,1999,1
1200,2014-01-31 18:01:27,2014-01-31 18:21:27,33,Greenwich Ave & 8 Ave,40.73902,-74.00264,41,Grand St & Elizabeth St,40.7185,-73.9972,20753,Subscriber,1952,0
480,2014-01-31 13:21:57,2014-01-31 13:29:57,28,Stanton St & Chrystie St,40.72229,-73.99147,33,Greenwich Ave & 8 Ave,40.73902,-74.00264,22596,Subscriber,1995,2
720,2014-02-01 00:05:00,2014-02-01 00:17:00,41,Grand St & Elizabeth St,40.7185,-73.9972,33,Greenwich Ave & 8 Ave,40.73902,-74.00264,20007,Subscriber,2002,1
1140,2014-01-31 15:54:37,2014-01-31 16:13:37,47,E 20 St & Park Ave,40.73818,-73.98433,44,St James Pl & Pearl St,40.71117,-74.00016,22814,Subscriber,1962,0
1440,2014-01-31 08:38:00,2014-01-31 09:02:00,33,Greenwich Ave & 8 Ave,40.73902,-74.00264,47,E 20 St & Park Ave,40.73818,-73.98433,21523,Subscriber,1959,2
1620,2014-01-31 08:04:39,2014-01-31 08:31:39,7,Washington Square E,40.73049,-73.99572,33,Greenwich Ave & 8 Ave,40.73902,-74.00264,21571,Subscriber,2001,0
1440,2014-01-31 14:31:55,2014-01-31 14:55:55,47,E 20 St & Park Ave,40.73818,-73.98433,52,E 33 St & 1 Ave,40.74402,-73.97196,20677,Customer,1996,0
1020,2014-01-31 07:14:08,2014-01-31 07:31:08,9,W 52 St & 9 Ave,40.7644,-73.9878,33,Greenwich Ave & 8 Ave,40.73902,-74.00264,22590,Subscriber,1986,1
1020,2014-01-31 09:49:32,2014-01-31 10:06:32,41,Grand St & Elizabeth St,40.7185,-73.9972,52,E 33 St & 1 Ave,40.74402,-73.97196,20132,Customer,1998,0
1320,2014-01-31 10:02:13,2014-01-31 10:24:13,8,Hudson St & Reade St,40.71534,-74.00915,41,Grand St & Elizabeth St,40.7185,-73.9972,20025,Customer,1977,2
1920,2014-01-31 18:23:38,2014-01-31 18:55:38,60,Columbus Ave & W 72 St,40.77813,-73.97371,52,E 33 St & 1 Ave,40.74402,-73.97196,21029,Customer,1992,1
1980,2014-01-31 07:29:09,2014-01-31 08:02:09,60,Columbus Ave & W 72 St,40.77813,-73.97371,28,Stanton St & Chrystie St,40.72229,-73.99147,20682,Subscriber,1980,2
1200,2014-01-31 15:33:38,2014-01-31 15:53:38,9,W 52 St & 9 Ave,40.7644,-73.9878,44,St James Pl & Pearl St,40.71117,-74.00016,20498,Subscriber,1955,0
2100,2014-01-31 08:59:22,2014-01-31 09:34:22,47,E 20 St & Park Ave,40.73818,-73.98433,28,Stanton St & Chrystie St,40.72229,-73.99147,22495,Customer,1997,1
1500,2014-01-31 10:45:02,2014-01-31 11:10:02,41,Grand St & Elizabeth St,40.7185,-73.9972,52,E 33 St & 1 Ave,40.74402,-73.97196,21669,Subscriber,1951,0
960,2014-01-31 10:03:53,2014-01-31 10:19:53,7,Washington Square E,40.73049,-73.99572,41,Grand St & Elizabeth St,40.7185,-73.9972,21969,Subscriber,2002,2
2040,2014-01-31 10:13:22,2014-01-31 10:47:22,9,W 52 St & 9 Ave,40.7644,-73.9878,52,E 33 St & 1 Ave,40.74402,-73.97196,22113,Subscriber,1985,0
1980,2014-01-31 17:38:13,2014-01-31 18:11:13,41,Grand St & Elizabeth St,40.7185,-73.9972,47,E 20 St & Park Ave,40.73818,-73.98433,21352,Customer,2003,0
1560,2014-01-31 13:13:02,2014-01-31 13:39:02,28,Stanton St & Chrystie St,40.72229,-73.99147,52,E 33 St & 1 Ave,40.74402,-73.97196,20844,Customer,2001,1
2100,2014-01-31 16:23:05,2014-01-31 16:58:05,47,E 20 St & Park Ave,40.73818,-73.98433,52,E 33 St & 1 Ave,40.74402,-73.97196,21567,Subscriber,1970,0
1080,2014-01-31 07:00:10,2014-01-31 07:18:10,47,E 20 St & Park Ave,40.73818,-73.98433,44,St James Pl & Pearl St,40.71117,-74.00016,22146,Subscriber,1967,1
960,2014-01-31 16:48:04,2014-01-31 17:04:04,44,St James Pl & Pearl St,40.71117,-74.00016,41,Grand St & Elizabeth St,40.7185,-73.9972,21651,Customer,2002,0
1800,2014-01-31 13:40:05,2014-01-31 14:10:05,8,Hudson St & Reade St,40.71534,-74.00915,44,St James Pl & Pearl St,40.71117,-74.00016,22212,Customer,1954,2
780,2014-01-31 17:42:26,2014-01-31 17:55:26,7,Washington Square E,40.73049,-73.99572,60,Columbus Ave & W 72 St,40.77813,-73.97371,21244,Subscriber,1985,1
1380,2014-01-31 18:36:18,2014-01-31 18:59:18,7,Washington Square E,40.73049,-73.99572,60,Columbus Ave & W 72 St,40.77813,-73.97371,22529,Customer,1958,0
660,2014-01-31 16:39:35,2014-01-31 16:50:35,47,E 20 St & Park Ave,40.73818,-73.98433,28,Stanton St & Chrystie St,40.72229,-73.99147,20559,Customer,1965,1
1440,2014-01-31 16:59:18,2014-01-31 17:23:18,52,E 33 St & 1 Ave,40.74402,-73.97196,33,Greenwich Ave & 8 Ave,40.73902,-74.00264,20367,Customer,1961,1
1440,2014-01-31 09:46:07,2014-01-31 10:10:07,28,Stanton St & Chrystie St,40.72229,-73.99147,52,E 33 St & 1 Ave,40.74402,-73.97196,21164,Subscriber,1960,1
840,2014-01-31 12:49:11,2014-01-31 13:03:11,33,Greenwich Ave & 8 Ave,40.73902,-74.00264,52,E 33 St & 1 Ave,40.74402,-73.97196,21503,Customer,1982,0
480,2014-01-31 12:49:26,2014-01-31 12:57:26,8,Hudson St & Reade St,40.71534,-74.00915,41,Grand St & Elizabeth St,40.7185,-73.9972,22235,Customer,1972,2
360,2014-01-31 08:14:01,2014-01-31 08:20:01,33,Greenwich Ave & 8 Ave,40.73902,-74.00264,60,Columbus Ave & W 72 St,40.77813,-73.97371,20611,Customer,1950,1
420,2014-01-31 09:06:25,2014-01-31 09:13:25,60,Columbus Ave & W 72 St,40.77813,-73.97371,47,E 20 St & Park Ave,40.73818,-73.98433,22136,Customer,1967,2
480,2014-01-31 07:38:44,2014-01-31 07:46:44,33,Greenwich Ave & 8 Ave,40.73902,-74.00264,60,Columbus Ave & W 72 St,40.77813,-73.97371,21690,Subscriber,1964,2
1980,2014-01-31 18:26:59,2014-01-31 18:59:59,52,E 33 St & 1 Ave,40.74402,-73.97196,33,Greenwich Ave & 8 Ave,40.73902,-74.00264,20609,Customer,1974,2
960,2014-01-31 10:15:35,2014-01-31 10:31:35,33,Greenwich Ave & 8 Ave,40.73902,-74.00264,60,Columbus Ave & W 72 St,40.77813,-73.97371,20589,Subscriber,1950,1
360,2014-01-31 14:00:39,2014-01-31 14:06:39,7,Washington Square E,40.73049,-73.99572,47,E 20 St & Park Ave,40.73818,-73.98433,21205,Subscriber,1982,0
720,2014-01-31 18:12:35,2014-01-31 18:24:35,9,W 52 St & 9 Ave,40.7644,-73.9878,44,St James Pl & Pearl St,40.71117,-74.00016,21569,Subscriber,1998,2
1560,2014-01-31 09:53:28,2014-01-31 10:19:28,60,Columbus Ave & W 72 St,40.77813,-73.97371,28,Stanton St & Chrystie St,40.72229,-73.99147,20384,Customer,1950,0
1020,2014-01-31 09:35:46,2014-01-31 09:52:46,8,Hudson St & Reade St,40.71534,-74.00915,52,E 33 St & 1 Ave,40.74402,-73.97196,22340,Subscriber,1965,0
660,2014-01-31 08:52:10,2014-01-31 09:03:10,52,E 33 St & 1 Ave,40.74402,-73.97196,47,E 20 St & Park Ave,40.73818,-73.98433,20815,Customer,1988,0
1560,2014-01-31 07:58:32,2014-01-31 08:24:32,44,St James Pl & Pearl St,40.71117,-74.00016,60,Columbus Ave & W 72 St,40.77813,-73.97371,22398,Customer,2005,2
420,2014-01-31 18:29:09,2014-01-31 18:36:09,52,E 33 St & 1 Ave,40.74402,-73.97196,47,E 20 St & Park Ave,40.73818,-73.98433,22913,Customer,1980,1
660,2014-01-31 18:57:19,2014-01-31 19:08:19,52,E 33 St & 1 Ave,40.74402,-73.97196,44,St James Pl & Pearl St,40.71117,-74.00016,21425,Subscriber,1965,0
1200,2014-01-31 07:46:48,2014-01-31 08:06:48,33,Greenwich Ave & 8 Ave,40.73902,-74.00264,60,Columbus Ave & W 72 St,40.77813,-73.97371,22122,Subscriber,1981,2
1380,2014-01-31 11:34:20,2014-01-31 11:57:20,41,Grand St & Elizabeth St,40.7185,-73.9972,33,Greenwich Ave & 8 Ave,40.73902,-74.00264,21886,Subscriber,1963,0
1560,2014-01-31 12:04:57,2014-01-31 12:30:57,52,E 33 St & 1 Ave,40.74402,-73.97196,60,Columbus Ave & W 72 St,40.77813,-73.97371,21095,Subscriber,2001,1
1200,2014-01-31 14:17:37,2014-01-31 14:37:37,9,W 52 St & 9 Ave,40.7644,-73.9878,60,Columbus Ave & W 72 St,40.77813,-73.97371,22117,Customer,2001,1
1140,2014-01-31 14:54:48,2014-01-31 15:13:48,33,Greenwich Ave & 8 Ave,40.73902,-74.00264,47,E 20 St & Park Ave,40.73818,-73.98433,20077,Subscriber,1952,1
720,2014-01-31 15:05:13,2014-01-31 15:17:13,52,E 33 St & 1 Ave,40.74402,-73.97196,28,Stanton St & Chrystie St,40.72229,-73.99147,21350,Customer,1987,0
1560,2014-01-31 08:01:01,2014-01-31 08:27:01,9,W 52 St & 9 Ave,40.7644,-73.9878,44,St James Pl & Pearl St,40.71117,-74.00016,22711,Customer,1969,1
2100,2014-01-31 13:50:34,2014-01-31 14:25:34,44,St James Pl & Pearl St,40.71117,-74.00016,41,Grand St & Elizabeth St,40.7185,-73.9972,20460,Subscriber,1989,0
1320,2014-01-31 07:26:14,2014-01-31 07:48:14,7,Washington Square E,40.73049,-73.99572,47,E 20 St & Park Ave,40.73818,-73.98433,20166,Customer,1991,0
1860,2014-01-31 12:25:02,2014-01-31 12:56:02,28,Stanton St & Chrystie St,40.72229,-73.99147,41,Grand St & Elizabeth St,40.7185,-73.9972,20543,Customer,1989,2
1800,2014-01-31 17:10:30,2014-01-31 17:40:30,7,Washington Square E,40.73049,-73.99572,52,E 33 St & 1 Ave,40.74402,-73.97196,21616,Customer,1969,2
1200,2014-01-31 12:58:55,2014-01-31 13:18:55,47,E 20 St & Park Ave,40.73818,-73.98433,60,Columbus Ave & W 72 St,40.77813,-73.97371,21563,Subscriber,1989,0
780,2014-01-31 09:06:17,2014-01-31 09:19:17,47,E 20 St & Park Ave,40.73818,-73.98433,28,Stanton St & Chrystie St,40.72229,-73.99147,22412,Customer,1985,2
1380,2014-01-31 18:59:01,2014-01-31 19:22:01,8,Hudson St & Reade St,40.71534,-74.00915,41,Grand St & Elizabeth St,40.7185,-73.9972,22241,Subscriber,1992,1
780,2014-01-31 18:16:36,2014-01-31 18:29:36,28,Stanton St & Chrystie St,40.72229,-73.99147,52,E 33 St & 1 Ave,40.74402,-73.97196,21881,Subscriber,1973,0
1080,2014-01-31 18:24:15,2014-01-31 18:42:15,44,St James Pl & Pearl St,40.71117,-74.00016,60,Columbus Ave & W 72 St,40.77813,-73.97371,22721,Subscriber,1989,0
1920,2014-01-31 07:59:00,2014-01-31 08:31:00,52,E 33 St & 1 Ave,40.74402,-73.97196,28,Stanton St & Chrystie St,40.72229,-73.99147,21414,Customer,1985,0
360,2014-01-31 09:25:37,2014-01-31 09:31:37,28,Stanton St & Chrystie St,40.72229,-73.99147,52,E 33 St & 1 Ave,40.74402,-73.97196,21608,Subscriber,1992,2
720,2014-02-01 00:02:00,2014-02-01 00:14:00,8,Hudson St & Reade St,40.71534,-74.00915,8,Hudson St & Reade St,40.71534,-74.00915,20003,Subscriber,1959,0
2040,2014-01-31 11:54:50,2014-01-31 12:28:50,8,Hudson St & Reade St,40.71534,-74.00915,28,Stanton St & Chrystie St,40.72229,-73.99147,20542,Customer,1969,2
600,2014-01-31 14:38:09,2014-01-31 14:48:09,41,Grand St & Elizabeth St,40.7185,-73.9972,33,Greenwich Ave & 8 Ave,40.73902,-74.00264,21901,Customer,1991,1
1800,2014-01-31 15:26:06,2014-01-31 15:56:06,9,W 52 St & 9 Ave,40.7644,-73.9878,47,E 20 St & Park Ave,40.73818,-73.98433,20246,Subscriber,1957,2
1800,2014-01-31 18:47:38,2014-01-31 19:17:38,33,Greenwich Ave & 8 Ave,40.73902,-74.00264,44,St James Pl & Pearl St,40.71117,-74.00016,21653,Subscriber,1991,2
840,2014-01-31 18:29:56,2014-01-31 18:43:56,44,St James Pl & Pearl St,40.71117,-74.00016,47,E 20 St & Park Ave,40.73818,-73.98433,20249,Customer,1967,2
420,2014-01-31 12:38:28,2014-01-31 12:45:28,33,Greenwich Ave & 8 Ave,40.73902,-74.00264,28,Stanton St & Chrystie St,40.72229,-73.99147,22847,Subscriber,1968,2
1440,2014-01-31 13:02:40,2014-01-31 13:26:40,52,E 33 St & 1 Ave,40.74402,-73.97196,41,Grand St & Elizabeth St,40.7185,-73.9972,21660,Customer,1953,2
2100,2014-01-31 10:17:29,2014-01-31 10:52:29,60,Columbus Ave & W 72 St,40.77813,-73.97371,52,E 33 St & 1 Ave,40.74402,-73.97196,20913,Customer,1963,1
1080,2014-01-31 17:00:29,2014-01-31 17:18:29,7,Washington Square E,40.73049,-73.99572,44,St James Pl & Pearl St,40.71117,-74.00016,20584,Customer,1993,0
1440,2014-01-31 08:54:26,2014-01-31 09:18:26,33,Greenwich Ave & 8 Ave,40.73902,-74.00264,44,St James Pl & Pearl St,40.71117,-74.00016,20383,Customer,1976,2
900,2014-01-31 09:23:05,2014-01-31 09:38:05,41,Grand St & Elizabeth St,40.7185,-73.9972,33,Greenwich Ave & 8 Ave,40.73902,-74.00264,22316,Customer,2003,0
1680,2014-01-31 17:17:34,2014-01-31 17:45:34,52,E 33 St & 1 Ave,40.74402,-73.97196,33,Greenwich Ave & 8 Ave,40.73902,-74.00264,21748,Customer,1983,0
1440,2014-01-31 07:50:13,2014-01-31 08:14:13,52,E 33 St & 1 Ave,40.74402,-73.97196,44,St James Pl & Pearl St,40.71117,-74.00016,22614,Subscriber,1960,1
600,2014-01-31 09:49:33,2014-01-31 09:59:33,33,Greenwich Ave & 8 Ave,40.73902,-74.00264,47,E 20 St & Park Ave,40.73818,-73.98433,22664,Subscriber,1981,0
900,2014-01-31 16:41:50,2014-01-31 16:56:50,52,E 33 St & 1 Ave,40.74402,-73.97196,41,Grand St & Elizabeth St,40.7185,-73.9972,21171,Customer,1968,2
720,2014-01-31 18:18:44,2014-01-31 18:30:44,41,Grand St & Elizabeth St,40.7185,-73.9972,33,Greenwich Ave & 8 Ave,40.73902,-74.00264,20297,Customer,1963,1
1140,2014-01-31 07:44:30,2014-01-31 08:03:30,60,Columbus Ave & W 72 St,40.77813,-73.97371,41,Grand St & Elizabeth St,40.7185,-73.9972,22134,Customer,1964,2
1620,2014-01-31 15:42:30,2014-01-31 16:09:30,47,E 20 St & Park Ave,40.73818,-73.98433,28,Stanton St & Chrystie St,40.72229,-73.99147,22910,Customer,1990,1
420,2014-01-31 13:04:21,2014-01-31 13:11:21,41,Grand St & Elizabeth St,40.7185,-73.9972,28,Stanton St & Chrystie St,40.72229,-73.99147,20604,Customer,2003,0
1440,2014-01-31 15:46:41,2014-01-31 16:10:41,47,E 20 St & Park Ave,40.73818,-73.98433,28,Stanton St & Chrystie St,40.72229,-73.99147,22190,Customer,1993,2
1080,2014-01-31 10:38:05,2014-01-31 10:56:05,47,E 20 St & Park Ave,40.73818,-73.98433,33,Greenwich Ave & 8 Ave,40.73902,-74.00264,22077,Subscriber,1972,2
1500,2014-01-31 15:46:23,2014-01-31 16:11:23,33,Greenwich Ave & 8 Ave,40.73902,-74.00264,44,St James Pl & Pearl St,40.71117,-74.00016,21098,Customer,1973,1
1740,2014-01-31 12:32:36,2014-01-31 13:01:36,8,Hudson St & Reade St,40.71534,-74.00915,28,Stanton St & Chrystie St,40.72229,-73.99147,22871,Subscriber,1954,0
780,2014-01-31 18:42:15,2014-01-31 18:55:15,41,Grand St & Elizabeth St,40.7185,-73.9972,60,Columbus Ave & W 72 St,40.77813,-73.97371,22013,Subscriber,1984,2
480,2014-01-31 15:26:10,2014-01-31 15:34:10,52,E 33 St & 1 Ave,40.74402,-73.97196,41,Grand St & Elizabeth St,40.7185,-73.9972,21866,Customer,1996,0
900,2014-01-31 10:51:22,2014-01-31 11:06:22,8,Hudson St & Reade St,40.71534,-74.00915,44,St James Pl & Pearl St,40.71117,-74.00016,21285,Subscriber,2003,2
1080,2014-01-31 13:58:40,2014-01-31 14:16:40,52,E 33 St & 1 Ave,40.74402,-73.97196,28,Stanton St & Chrystie St,40.72229,-73.99147,22788,Customer,1970,0
1740,2014-01-31 14:19:08,2014-01-31 14:48:08,47,E 20 St & Park Ave,40.73818,-73.98433,44,St James Pl & Pearl St,40.71117,-74.00016,21229,Subscriber,1996,0
1740,2014-01-31 09:45:14,2014-01-31 10:14:14,44,St James Pl & Pearl St,40.71117,-74.00016,47,E 20 St & Park Ave,40.73818,-73.98433,22604,Subscriber,2003,0
1680,2014-01-31 10:19:13,2014-01-31 10:47:13,44,St James Pl & Pearl St,40.71117,-74.00016,47,E 20 St & Park Ave,40.73818,-73.98433,21981,Subscriber,1981,2
1500,2014-01-31 14:12:19,2014-01-31 14:37:19,9,W 52 St & 9 Ave,40.7644,-73.9878,28,Stanton St & Chrystie St,40.72229,-73.99147,21157,Customer,1951,2
1200,2014-01-31 14:51:04,2014-01-31 15:11:04,8,Hudson St & Reade St,40.71534,-74.00915,41,Grand St & Elizabeth St,40.7185,-73.9972,22861,Customer,1985,0
1980,2014-01-31 07:50:52,2014-01-31 08:23:52,9,W 52 St & 9 Ave,40.7644,-73.9878,33,Greenwich Ave & 8 Ave,40.73902,-74.00264,21366,Customer,1981,2
600,2014-01-31 08:44:04,2014-01-31 08:54:04,41,Grand St & Elizabeth St,40.7185,-73.9972,28,Stanton St & Chrystie St,40.72229,-73.99147,20707,Customer,1987,1
1560,2014-01-31 12:38:42,2014-01-31 13:04:42,47,E 20 St & Park Ave,40.73818,-73.98433,33,Greenwich Ave & 8 Ave,40.73902,-74.00264,21935,Customer,1987,2
1200,2014-01-31 13:47:28,2014-01-31 14:07:28,47,E 20 St & Park Ave,40.73818,-73.98433,44,St James Pl & Pearl St,40.71117,-74.00016,21960,Customer,2004,0
960,2014-01-31 09:49:26,2014-01-31 10:05:26,33,Greenwich Ave & 8 Ave,40.73902,-74.00264,41,Grand St & Elizabeth St,40.7185,-73.9972,22520,Customer,1991,0
1620,2014-01-31 15:55:50,2014-01-31 16:22:50,47,E 20 St & Park Ave,40.73818,-73.98433,52,E 33 St & 1 Ave,40.74402,-73.97196,20486,Customer,1988,0
1320,2014-01-31 08:26:29,2014-01-31 08:48:29,8,Hudson St & Reade St,40.71534,-74.00915,44,St James Pl & Pearl St,40.71117,-74.00016,20887,Subscriber,1980,2
780,2014-01-31 13:13:14,2014-01-31 13:26:14,44,St James Pl & Pearl St,40.71117,-74.00016,60,Columbus Ave & W 72 St,40.77813,-73.97371,22056,Customer,1982,2
360,2014-01-31 07:15:28,2014-01-31 07:21:28,52,E 33 St & 1 Ave,40.74402,-73.97196,28,Stanton St & Chrystie St,40.72229,-73.99147,20286,Subscriber,1987,1
1800,2014-01-31 10:34:24,2014-01-31 11:04:24,44,St James Pl & Pearl St,40.71117,-74.00016,47,E 20 St & Park Ave,40.73818,-73.98433,20865,Subscriber,1999,2
1380,2014-01-31 18:26:21,2014-01-31 18:49:21,8,Hudson St & Reade St,40.71534,-74.00915,28,Stanton St & Chrystie St,40.72229,-73.99147,20237,Subscriber,1956,2
1260,2014-01-31 17:10:50,2014-01-31 17:31:50,8,Hudson St & Reade St,40.71534,-74.00915,52,E 33 St & 1 Ave,40.74402,-73.97196,21232,Subscriber,1987,1
1260,2014-01-31 13:33:20,2014-01-31 13:54:20,7,Washington Square E,40.73049,-73.99572,60,Columbus Ave & W 72 St,40.77813,-73.97371,20676,Subscriber,1953,1
960,2014-01-31 09:23:48,2014-01-31 09:39:48,44,St James Pl & Pearl St,40.71117,-74.00016,28,Stanton St & Chrystie St,40.72229,-73.99147,20420,Customer,1976,0
1500,2014-01-31 09:33:09,2014-01-31 09:58:09,52,E 33 St & 1 Ave,40.74402,-73.97196,60,Columbus Ave & W 72 St,40.77813,-73.97371,21632,Customer,1964,2
420,2014-01-31 17:34:13,2014-01-31 17:41:13,33,Greenwich Ave & 8 Ave,40.73902,-74.00264,28,Stanton St & Chrystie St,40.72229,-73.99147,22864,Customer,1959,1
660,2014-01-31 18:18:13,2014-01-31 18:29:13,7,Washington Square E,40.73049,-73.99572,41,Grand St & Elizabeth St,40.7185,-73.9972,21773,Subscriber,1971,2
1800,2014-01-31 10:00:29,2014-01-31 10:30:29,52,E 33 St & 1 Ave,40.74402,-73.97196,41,Grand St & Elizabeth St,40.7185,-73.9972,21057,Customer,1997,0
600,2014-01-31 14:59:55,2014-01-31 15:09:55,60,Columbus Ave & W 72 St,40.77813,-73.97371,52,E 33 St & 1 Ave,40.74402,-73.97196,22777,Customer,1999,0
1740,2014-01-31 17:12:18,2014-01-31 17:41:18,33,Greenwich Ave & 8 Ave,40.73902,-74.00264,60,Columbus Ave & W 72 St,40.77813,-73.97371,22816,Customer,1998,2
1800,2014-01-31 08:29:09,2014-01-31 08:59:09,8,Hudson St & Reade St,40.71534,-74.00915,44,St James Pl & Pearl St,40.71117,-74.00016,22147,Customer,2000,0
960,2014-01-31 11:14:58,2014-01-31 11:30:58,47,E 20 St & Park Ave,40.73818,-73.98433,52,E 33 St & 1 Ave,40.74402,-73.97196,21598,Customer,1954,0
1260,2014-01-31 15:48:12,2014-01-31 16:09:12,33,Greenwich Ave & 8 Ave,40.73902,-74.00264,60,Columbus Ave & W 72 St,40.77813,-73.97371,21998,Subscriber,1976,1
1440,2014-01-31 16:58:02,2014-01-31 17:22:02,44,St James Pl & Pearl St,40.71117,-74.00016,52,E 33 St & 1 Ave,40.74402,-73.97196,21795,Customer,1961,0
900,2014-01-31 17:22:43,2014-01-31 17:37:43,9,W 52 St & 9 Ave,40.7644,-73.9878,47,E 20 St & Park Ave,40.73818,-73.98433,22684,Customer,1996,0
1920,2014-01-31 18:24:26,2014-01-31 18:56:26,47,E 20 St & Park Ave,40.73818,-73.98433,33,Greenwich Ave & 8 Ave,40.73902,-74.00264,22829,Subscriber,1984,1
1620,2014-01-31 08:25:22,2014-01-31 08:52:22,44,St James Pl & Pearl St,40.71117,-74.00016,60,Columbus Ave & W 72 St,40.77813,-73.97371,22507,Customer,1987,1
1020,2014-01-31 09:48:55,2014-01-31 10:05:55,47,E 20 St & Park Ave,40.73818,-73.98433,44,St James Pl & Pearl St,40.71117,-74.00016,22532,Subscriber,1984,1
540,2014-01-31 07:51:14,2014-01-31 08:00:14,33,Greenwich Ave & 8 Ave,40.73902,-74.00264,44,St James Pl & Pearl St,40.71117,-74.00016,22770,Customer,1970,2
540,2014-01-31 10:58:10,2014-01-31 11:07:10,33,Greenwich Ave & 8 Ave,40.73902,-74.00264,60,Columbus Ave & W 72 St,40.77813,-73.97371,22269,Customer,1951,1
1440,2014-01-31 07:14:07,2014-01-31 07:38:07,28,Stanton St & Chrystie St,40.72229,-73.99147,41,Grand St & Elizabeth St,40.7185,-73.9972,22854,Subscriber,1976,1
840,2014-01-31 16:08:50,2014-01-31 16:22:50,52,E 33 St & 1 Ave,40.74402,-73.97196,47,E 20 St & Park Ave,40.73818,-73.98433,20247,Customer,1992,1
1380,2014-01-31 08:43:36,2014-01-31 09:06:36,8,Hudson St & Reade St,40.71534,-74.00915,60,Columbus Ave & W 72 St,40.77813,-73.97371,20011,Subscriber,1998,1
1860,2014-01-31 11:05:51,2014-01-31 11:36:51,33,Greenwich Ave & 8 Ave,40.73902,-74.00264,52,E 33 St & 1 Ave,40.74402,-73.97196,22390,Subscriber,1950,0
1440,2014-01-31 07:31:56,2014-01-31 07:55:56,9,W 52 St & 9 Ave,40.7644,-73.9878,47,E 20 St & Park Ave,40.73818,-73.98433,20586,Subscriber,1989,0
840,2014-01-31 12:40:04,2014-01-31 12:54:04,8,Hudson St & Reade St,40.71534,-74.00915,60,Columbus Ave & W 72 St,40.77813,-73.97371,22115,Customer,2005,1
1740,2014-01-31 16:44:48,2014-01-31 17:13:48,9,W 52 St & 9 Ave,40.7644,-73.9878,47,E 20 St & Park Ave,40.73818,-73.98433,21543,Subscriber,1982,2
1500,2014-01-31 13:24:44,2014-01-31 13:49:44,44,St James Pl & Pearl St,40.71117,-74.00016,41,Grand St & Elizabeth St,40.7185,-73.9972,21024,Customer,1992,0
2040,2014-01-31 08:59:18,2014-01-31 09:33:18,60,Columbus Ave & W 72 St,40.77813,-73.97371,47,E 20 St & Park Ave,40.73818,-73.98433,21739,Customer,1959,1
360,2014-01-31 11:19:17,2014-01-31 11:25:17,60,Columbus Ave & W 72 St,40.77813,-73.97371,44,St James Pl & Pearl St,40.71117,-74.00016,20854,Customer,1986,0
2100,2014-01-31 09:12:16,2014-01-31 09:47:16,47,E 20 St & Park Ave,40.73818,-73.98433,28,Stanton St & Chrystie St,40.72229,-73.99147,21068,Customer,1955,2
840,2014-01-31 15:36:56,2014-01-31 15:50:56,9,W 52 St & 9 Ave,40.7644,-73.9878,60,Columbus Ave & W 72 St,40.77813,-73.97371,20462,Subscriber,1984,2
1620,2014-01-31 16:19:13,2014-01-31 16:46:13,7,Washington Square E,40.73049,-73.99572,28,Stanton St & Chrystie St,40.72229,-73.99147,20787,Customer,1980,2
660,2014-01-31 13:53:57,2014-01-31 14:04:57,60,Columbus Ave & W 72 St,40.77813,-73.97371,41,Grand St & Elizabeth St,40.7185,-73.9972,22188,Subscriber,2005,1
1560,2014-01-31 13:30:47,2014-01-31 13:56:47,47,E 20 St & Park Ave,40.73818,-73.98433,41,Grand St & Elizabeth St,40.7185,-73.9972,22884,Subscriber,1978,0
360,2014-01-31 16:27:00,2014-01-31 16:33:00,8,Hudson St & Reade St,40.71534,-74.00915,52,E 33 St & 1 Ave,40.74402,-73.97196,22611,Subscriber,1956,2
660,2014-01-31 10:48:57,2014-01-31 10:59:57,33,Greenwich Ave & 8 Ave,40.73902,-74.00264,47,E 20 St & Park Ave,40.73818,-73.98433,22473,Subscriber,1987,2
720,2014-01-31 10:09:09,2014-01-31 10:21:09,60,Columbus Ave & W 72 St,40.77813,-73.97371,44,St James Pl & Pearl St,40.71117,-74.00016,21513,Subscriber,1978,1
1080,2014-01-31 14:13:50,2014-01-31 14:31:50,8,Hudson St & Reade St,40.71534,-74.00915,47,E 20 St & Park Ave,40.73818,-73.98433,22441,Customer,1950,2
1500,2014-01-31 09:34:50,2014-01-31 09:59:50,47,E 20 St & Park Ave,40.73818,-73.98433,41,Grand St & Elizabeth St,40.7185,-73.9972,22280,Customer,1989,2
900,2014-01-31 14:28:33,2014-01-31 14:43:33,60,Columbus Ave & W 72 St,40.77813,-73.97371,47,E 20 St & Park Ave,40.73818,-73.98433,22297,Subscriber,1997,1
1680,2014-01-31 11:07:48,2014-01-31 11:35:48,47,E 20 St & Park Ave,40.73818,-73.98433,41,Grand St & Elizabeth St,40.7185,-73.9972,20266,Subscriber,1961,1
1920,2014-01-31 10:09:12,2014-01-31 10:41:12,52,E 33 St & 1 Ave,40.74402,-73.97196,33,Greenwich Ave & 8 Ave,40.73902,-74.00264,20841,Customer,1967,0
720,2014-01-31 18:51:54,2014-01-31 19:03:54,7,Washington Square E,40.73049,-73.99572,33,Greenwich Ave & 8 Ave,40.73902,-74.00264,21173,Subscriber,1979,1
1080,2014-01-31 16:59:13,2014-01-31 17:17:13,60,Columbus Ave & W 72 St,40.77813,-73.97371,28,Stanton St & Chrystie St,40.72229,-73.99147,21219,Customer,1971,0
1860,2014-01-31 11:33:16,2014-01-31 12:04:16,60,Columbus Ave & W 72 St,40.77813,-73.97371,41,Grand St & Elizabeth St,40.7185,-73.9972,20578,Customer,1970,0
1440,2014-01-31 10:54:02,2014-01-31 11:18:02,60,Columbus Ave & W 72 St,40.77813,-73.97371,28,Stanton St & Chrystie St,40.72229,-73.99147,22749,Subscriber,1986,0
540,2014-01-31 16:12:01,2014-01-31 16:21:01,8,Hudson St & Reade St,40.71534,-74.00915,47,E 20 St & Park Ave,40.73818,-73.98433,22083,Subscriber,1969,1
660,2014-01-31 16:01:22,2014-01-31 16:12:22,7,Washington Square E,40.73049,-73.99572,44,St James Pl & Pearl St,40.71117,-74.00016,20811,Subscriber,1951,0
360,2014-01-31 11:03:31,2014-01-31 11:09:31,41,Grand St & Elizabeth St,40.7185,-73.9972,47,E 20 St & Park Ave,40.73818,-73.98433,22570,Subscriber,1999,2
1140,2014-01-31 07:35:45,2014-01-31 07:54:45,52,E 33 St & 1 Ave,40.74402,-73.97196,47,E 20 St & Park Ave,40.73818,-73.98433,20982,Subscriber,1987,1
2040,2014-01-31 17:39:25,2014-01-31 18:13:25,9,W 52 St & 9 Ave,40.7644,-73.9878,52,E 33 St & 1 Ave,40.74402,-73.97196,21052,Customer,2003,1
780,2014-01-31 08:42:25,2014-01-31 08:55:25,9,W 52 St & 9 Ave,40.7644,-73.9878,28,Stanton St & Chrystie St,40.72229,-73.99147,21751,Customer,1982,1
1440,2014-01-31 14:30:29,2014-01-31 14:54:29,60,Columbus Ave & W 72 St,40.77813,-73.97371,41,Grand St & Elizabeth St,40.7185,-73.9972,22417,Subscriber,1987,1
1800,2014-01-31 10:52:08,2014-01-31 11:22:08,60,Columbus Ave & W 72 St,40.77813,-73.97371,47,E 20 St & Park Ave,40.73818,-73.98433,22281,Subscriber,2004,2
1020,2014-01-31 17:11:50,2014-01-31 17:28:50,44,St James Pl & Pearl St,40.71117,-74.00016,41,Grand St & Elizabeth St,40.7185,-73.9972,20512,Subscriber,1958,2
1860,2014-01-31 11:45:51,2014-01-31 12:16:51,7,Washington Square E,40.73049,-73.99572,47,E 20 St & Park Ave,40.73818,-73.98433,21070,Customer,1996,2
1620,2014-01-31 15:53:17,2014-01-31 16:20:17,60,Columbus Ave & W 72 St,40.77813,-73.97371,41,Grand St & Elizabeth St,40.7185,-73.9972,21638,Subscriber,1982,1
1860,2014-01-31 09:54:34,2014-01-31 10:25:34,33,Greenwich Ave & 8 Ave,40.73902,-74.00264,52,E 33 St & 1 Ave,40.74402,-73.97196,22868,Subscriber,1965,1
1560,2014-01-31 10:13:49,2014-01-31 10:39:49,60,Columbus Ave & W 72 St,40.77813,-73.97371,47,E 20 St & Park Ave,40.73818,-73.98433,21801,Subscriber,1950,2
1260,2014-01-31 13:58:30,2014-01-31 14:19:30,33,Greenwich Ave & 8 Ave,40.73902,-74.00264,52,E 33 St & 1 Ave,40.74402,-73.97196,20880,Customer,1997,1
540,2014-01-31 08:44:44,2014-01-31 08:53:44,47,E 20 St & Park Ave,40.73818,-73.98433,44,St James Pl & Pearl St,40.71117,-74.00016,20743,Customer,1974,2
900,2014-01-31 13:42:56,2014-01-31 13:57:56,8,Hudson St & Reade St,40.71534,-74.00915,47,E 20 St & Park Ave,40.73818,-73.98433,21600,Customer,1998,2
1560,2014-01-31 15:58:39,2014-01-31 16:24:39,47,E 20 St & Park Ave,40.73818,-73.98433,52,E 33 St & 1 Ave,40.74402,-73.97196,20210,Customer,2002,1
2100,2014-01-31 11:13:40,2014-01-31 11:48:40,60,Columbus Ave & W 72 St,40.77813,-73.97371,44,St James Pl & Pearl St,40.71117,-74.00016,20146,Customer,2001,2
1980,2014-01-31 17:01:06,2014-01-31 17:34:06,7,Washington Square E,40.73049,-73.99572,60,Columbus Ave & W 72 St,40.77813,-73.97371,21904,Customer,1991,1
1500,2014-01-31 14:51:46,2014-01-31 15:16:46,60,Columbus Ave & W 72 St,40.77813,-73.97371,41,Grand St & Elizabeth St,40.7185,-73.9972,21613,Customer,1960,0
1920,2014-01-31 13:44:19,2014-01-31 14:16:19,52,E 33 St & 1 Ave,40.74402,-73.97196,41,Grand St & Elizabeth St,40.7185,-73.9972,20064,Customer,2001,2
480,2014-01-31 17:32:12,2014-01-31 17:40:12,44,St James Pl & Pearl St,40.71117,-74.00016,28,Stanton St & Chrystie St,40.72229,-73.99147,20248,Subscriber,1991,0
1500,2014-01-31 12:48:39,2014-01-31 13:13:39,44,St James Pl & Pearl St,40.71117,-74.00016,41,Grand St & Elizabeth St,40.7185,-73.9972,22187,Subscriber,2005,2
900,2014-01-31 10:37:39,2014-01-31 10:52:39,44,St James Pl & Pearl St,40.71117,-74.00016,52,E 33 St & 1 Ave,40.74402,-73.97196,22713,Subscriber,1959,1
1380,2014-01-31 17:28:19,2014-01-31 17:51:19,28,Stanton St & Chrystie St,40.72229,-73.99147,47,E 20 St & Park Ave,40.73818,-73.98433,22888,Customer,1981,1
1860,2014-01-31 13:22:36,2014-01-31 13:53:36,33,Greenwich Ave & 8 Ave,40.73902,-74.00264,41,Grand St & Elizabeth St,40.7185,-73.9972,22932,Subscriber,1970,0
900,2014-01-31 09:57:46,2014-01-31 10:12:46,44,St James Pl & Pearl St,40.71117,-74.00016,60,Columbus Ave & W 72 St,40.77813,-73.97371,20696,Customer,2002,1
660,2014-01-31 07:12:53,2014-01-31 07:23:53,41,Grand St & Elizabeth St,40.7185,-73.9972,44,St James Pl & Pearl St,40.71117,-74.00016,20178,Subscriber,1987,0
840,2014-01-31 15:41:25,2014-01-31 15:55:25,41,Grand St & Elizabeth St,40.7185,-73.9972,28,Stanton St & Chrystie St,40.72229,-73.99147,22166,Customer,1962,2
2040,2014-01-31 07:17:19,2014-01-31 07:51:19,8,Hudson St & Reade St,40.71534,-74.00915,28,Stanton St & Chrystie St,40.72229,-73.99147,21798,Subscriber,1982,2
1680,2014-01-31 16:46:14,2014-01-31 17:14:14,52,E 33 St & 1 Ave,40.74402,-73.97196,41,Grand St & Elizabeth St,40.7185,-73.9972,21639,Customer,1960,2
720,2014-01-31 08:44:21,2014-01-31 08:56:21,47,E 20 St & Park Ave,40.73818,-73.98433,33,Greenwich Ave & 8 Ave,40.73902,-74.00264,22315,Customer,1962,2
1440,2014-01-31 11:10:20,2014-01-31 11:34:20,60,Columbus Ave & W 72 St,40.77813,-73.97371,52,E 33 St & 1 Ave,40.74402,-73.97196,22834,Subscriber,2004,1
1380,2014-01-31 14:23:31,2014-01-31 14:46:31,33,Greenwich Ave & 8 Ave,40.73902,-74.00264,41,Grand St & Elizabeth St,40.7185,-73.9972,22729,Customer,1951,1
1260,2014-01-31 09:50:54,2014-01-31 10:11:54,28,Stanton St & Chrystie St,40.72229,-73.99147,44,St James Pl & Pearl St,40.71117,-74.00016,22220,Customer,1967,1
1080,2014-01-31 17:38:54,2014-01-31 17:56:54,52,E 33 St & 1 Ave,40.74402,-73.97196,28,Stanton St & Chrystie St,40.72229,-73.99147,20200,Customer,2004,1
1920,2014-01-31 12:21:05,2014-01-31 12:53:05,41,Grand St & Elizabeth St,40.7185,-73.9972,28,Stanton St & Chrystie St,40.72229,-73.99147,21455,Subscriber,1975,1
2100,2014-01-31 07:36:30,2014-01-31 08:11:30,47,E 20 St & Park Ave,40.73818,-73.98433,44,St James Pl & Pearl St,40.71117,-74.00016,22062,Subscriber,2001,0
960,2014-01-31 16:41:10,2014-01-31 16:57:10,33,Greenwich Ave & 8 Ave,40.73902,-74.00264,60,Columbus Ave & W 72 St,40.77813,-73.97371,20271,Subscriber,1959,1
840,2014-01-31 11:53:24,2014-01-31 12:07:24,28,Stanton St & Chrystie St,40.72229,-73.99147,60,Columbus Ave & W 72 St,40.77813,-73.97371,21358,Customer,1961,1
720,2014-01-31 07:12:16,2014-01-31 07:24:16,9,W 52 St & 9 Ave,40.7644,-73.9878,52,E 33 St & 1 Ave,40.74402,-73.97196,21894,Customer,1989,0
1020,2014-01-31 07:11:59,2014-01-31 07:28:59,9,W 52 St & 9 Ave,40.7644,-73.9878,47,E 20 St & Park Ave,40.73818,-73.98433,20526,Customer,1995,1
1860,2014-01-31 10:20:15,2014-01-31 10:51:15,8,Hudson St & Reade St,40.71534,-74.00915,44,St James Pl & Pearl St,40.71117,-74.00016,20205,Subscriber,1967,1
1500,2014-01-31 18:04:50,2014-01-31 18:29:50,9,W 52 St & 9 Ave,40.7644,-73.9878,60,Columbus Ave & W 72 St,40.77813,-73.97371,21449,Subscriber,1974,1
1860,2014-01-31 18:58:27,2014-01-31 19:29:27,33,Greenwich Ave & 8 Ave,40.73902,-74.00264,28,Stanton St & Chrystie St,40.72229,-73.99147,22025,Customer,2004,2
1860,2014-01-31 14:00:11,2014-01-31 14:31:11,33,Greenwich Ave & 8 Ave,40.73902,-74.00264,28,Stanton St & Chrystie St,40.72229,-73.99147,21697,Subscriber,1963,2
1860,2014-01-31 18:55:57,2014-01-31 19:26:57,41,Grand St & Elizabeth St,40.7185,-73.9972,47,E 20 St & Park Ave,40.73818,-73.98433,20189,Subscriber,1955,0
540,2014-01-31 09:53:06,2014-01-31 10:02:06,9,W 52 St & 9 Ave,40.7644,-73.9878,41,Grand St & Elizabeth St,40.7185,-73.9972,22736,Customer,2002,0
1080,2014-01-31 16:10:45,2014-01-31 16:28:45,28,Stanton St & Chrystie St,40.72229,-73.99147,41,Grand St & Elizabeth St,40.7185,-73.9972,20715,Subscriber,1994,0
1020,2014-01-31 11:15:19,2014-01-31 11:32:19,47,E 20 St & Park Ave,40.73818,-73.98433,41,Grand St & Elizabeth St,40.7185,-73.9972,20434,Customer,1972,0
1080,2014-01-31 07:02:22,2014-01-31 07:20:22,60,Columbus Ave & W 72 St,40.77813,-73.97371,47,E 20 St & Park Ave,40.73818,-73.98433,20922,Subscriber,2004,0
1680,2014-01-31 08:31:24,2014-01-31 08:59:24,7,Washington Square E,40.73049,-73.99572,44,St James Pl & Pearl St,40.71117,-74.00016,21655,Subscriber,1991,2
1320,2014-01-31 14:35:01,2014-01-31 14:57:01,33,Greenwich Ave & 8 Ave,40.73902,-74.00264,60,Columbus Ave & W 72 St,40.77813,-73.97371,20185,Subscriber,1989,0
720,2014-01-31 16:13:28,2014-01-31 16:25:28,60,Columbus Ave & W 72 St,40.77813,-73.97371,33,Greenwich Ave & 8 Ave,40.73902,-74.00264,21027,Customer,2002,2
480,2014-01-31 10:27:32,2014-01-31 10:35:32,7,Washington Square E,40.73049,-73.99572,41,Grand St & Elizabeth St,40.7185,-73.9972,22041,Subscriber,1994,1
1440,2014-01-31 15:10:09,2014-01-31 15:34:09,7,Washington Square E,40.73049,-73.99572,28,Stanton St & Chrystie St,40.72229,-73.99147,22550,Subscriber,1983,2
1080,2014-01-31 13:21:19,2014-01-31 13:39:19,60,Columbus Ave & W 72 St,40.77813,-73.97371,52,E 33 St & 1 Ave,40.74402,-73.97196,20484,Customer,1988,2
2040,2014-01-31 12:52:41,2014-01-31 13:26:41,44,St James Pl & Pearl St,40.71117,-74.00016,60,Columbus Ave & W 72 St,40.77813,-73.97371,20063,Customer,1974,0
2040,2014-01-31 16:59:45,2014-01-31 17:33:45,47,E 20 St & Park Ave,40.73818,-73.98433,44,St James Pl & Pearl St,40.71117,-74.00016,22623,Subscriber,1974,0
720,2014-01-31 07:22:07,2014-01-31 07:34:07,8,Hudson St & Reade St,40.71534,-74.00915,44,St James Pl & Pearl St,40.71117,-74.00016,21126,Subscriber,1992,1
1440,2014-01-31 18:38:52,2014-01-31 19:02:52,28,Stanton St & Chrystie St,40.72229,-73.99147,41,Grand St & Elizabeth St,40.7185,-73.9972,22889,Subscriber,1956,0
1860,2014-01-31 14:52:16,2014-01-31 15:23:16,33,Greenwich Ave & 8 Ave,40.73902,-74.00264,28,Stanton St & Chrystie St,40.72229,-73.99147,21649,Subscriber,1968,2
1440,2014-01-31 14:37:34,2014-01-31 15:01:34,33,Greenwich Ave & 8 Ave,40.73902,-74.00264,47,E 20 St & Park Ave,40.73818,-73.98433,22981,Customer,1992,2
1320,2014-01-31 12:48:51,2014-01-31 13:10:51,7,Washington Square E,40.73049,-73.99572,60,Columbus Ave & W 72 St,40.77813,-73.97371,21899,Subscriber,1953,0
1620,2014-01-31 16:34:40,2014-01-31 17:01:40,60,Columbus Ave & W 72 St,40.77813,-73.97371,44,St James Pl & Pearl St,40.71117,-74.00016,21891,Subscriber,1970,0
1860,2014-01-31 07:28:24,2014-01-31 07:59:24,47,E 20 St & Park Ave,40.73818,-73.98433,28,Stanton St & Chrystie St,40.72229,-73.99147,21294,Subscriber,1994,0
1860,2014-01-31 11:19:11,2014-01-31 11:50:11,28,Stanton St & Chrystie St,40.72229,-73.99147,60,Columbus Ave & W 72 St,40.77813,-73.97371,22078,Subscriber,1953,0
660,2014-01-31 17:14:11,2014-01-31 17:25:11,41,Grand St & Elizabeth St,40.7185,-73.9972,44,St James Pl & Pearl St,40.71117,-74.00016,22744,Customer,1997,1
360,2014-01-31 14:17:44,2014-01-31 14:23:44,33,Greenwich Ave & 8 Ave,40.73902,-74.00264,44,St James Pl & Pearl St,40.71117,-74.00016,20053,Subscriber,1992,1
720,2014-01-31 10:53:30,2014-01-31 11:05:30,44,St James Pl & Pearl St,40.71117,-74.00016,41,Grand St & Elizabeth St,40.7185,-73.9972,20577,Customer,1954,2
1980,2014-01-31 11:56:34,2014-01-31 12:29:34,8,Hudson St & Reade St,40.71534,-74.00915,41,Grand St & Elizabeth St,40.7185,-73.9972,21226,Customer,1998,2
1380,2014-01-31 13:04:38,2014-01-31 13:27:38,7,Washington Square E,40.73049,-73.99572,52,E 33 St & 1 Ave,40.74402,-73.97196,22116,Subscriber,2000,1
600,2014-01-31 11:19:48,2014-01-31 11:29:48,33,Greenwich Ave & 8 Ave,40.73902,-74.00264,47,E 20 St & Park Ave,40.73818,-73.98433,20122,Customer,1989,2
1800,2014-01-31 12:52:34,2014-01-31 13:22:34,52,E 33 St & 1 Ave,40.74402,-73.97196,47,E 20 St & Park Ave,40.73818,-73.98433,21851,Customer,1986,0
1440,2014-01-31 12:00:18,2014-01-31 12:24:18,47,E 20 St & Park Ave,40.73818,-73.98433,52,E 33 St & 1 Ave,40.74402,-73.97196,20915,Customer,1970,1
1860,2014-01-31 16:31:16,2014-01-31 17:02:16,28,Stanton St & Chrystie St,40.72229,-73.99147,44,St James Pl & Pearl St,40.71117,-74.00016,22095,Subscriber,1987,1
1380,2014-01-31 18:29:22,2014-01-31 18:52:22,41,Grand St & Elizabeth St,40.7185,-73.9972,28,Stanton St & Chrystie St,40.72229,-73.99147,22217,Customer,1976,0
1260,2014-01-31 15:29:35,2014-01-31 15:50:35,44,St James Pl & Pearl St,40.71117,-74.00016,41,Grand St & Elizabeth St,40.7185,-73.9972,21278,Subscriber,1989,1
600,2014-01-31 15:31:02,2014-01-31 15:41:02,8,Hudson St & Reade St,40.71534,-74.00915,44,St James Pl & Pearl St,40.71117,-74.00016,22238,Subscriber,1990,1
900,2014-01-31 11:52:32,2014-01-31 12:07:32,52,E 33 St & 1 Ave,40.74402,-73.97196,41,Grand St & Elizabeth St,40.7185,-73.9972,21190,Subscriber,1986,2
660,2014-01-31 14:17:36,2014-01-31 14:28:36,9,W 52 St & 9 Ave,40.7644,-73.9878,28,Stanton St & Chrystie St,40.72229,-73.99147,21493,Customer,1972,2
1980,2014-01-31 16:09:01,2014-01-31 16:42:01,47,E 20 St & Park Ave,40.73818,-73.98433,28,Stanton St & Chrystie St,40.72229,-73.99147,21135,Subscriber,1975,1
1800,2014-01-31 08:21:33,2014-01-31 08:51:33,44,St James Pl & Pearl St,40.71117,-74.00016,47,E 20 St & Park Ave,40.73818,-73.98433,21463,Subscriber,1966,1
1800,2014-01-31 12:18:30,2014-01-31 12:48:30,33,Greenwich Ave & 8 Ave,40.73902,-74.00264,52,E 33 St & 1 Ave,40.74402,-73.97196,21743,Subscriber,2003,2
1260,2014-01-31 15:47:37,2014-01-31 16:08:37,60,Columbus Ave & W 72 St,40.77813,-73.97371,44,St James Pl & Pearl St,40.71117,-74.00016,22058,Customer,2004,0
1800,2014-01-31 18:37:58,2014-01-31 19:07:58,47,E 20 St & Park Ave,40.73818,-73.98433,28,Stanton St & Chrystie St,40.72229,-73.99147,21785,Customer,1977,2
1620,2014-01-31 18:34:55,2014-01-31 19:01:55,9,W 52 St & 9 Ave,40.7644,-73.9878,60,Columbus Ave & W 72 St,40.77813,-73.97371,22493,Customer,1953,2
1380,2014-01-31 11:42:06,2014-01-31 12:05:06,60,Columbus Ave & W 72 St,40.77813,-73.97371,41,Grand St & Elizabeth St,40.7185,-73.9972,20494,Customer,1997,1
600,2014-01-31 15:32:30,2014-01-31 15:42:30,9,W 52 St & 9 Ave,40.7644,-73.9878,28,Stanton St & Chrystie St,40.72229,-73.99147,21962,Customer,1986,1
1740,2014-01-31 16:01:55,2014-01-31 16:30:55,7,Washington Square E,40.73049,-73.99572,33,Greenwich Ave & 8 Ave,40.73902,-74.00264,20871,Customer,1954,2
1980,2014-01-31 13:23:51,2014-01-31 13:56:51,28,Stanton St & Chrystie St,40.72229,-73.99147,33,Greenwich Ave & 8 Ave,40.73902,-74.00264,20256,Subscriber,1986,2
1380,2014-01-31 15:56:27,2014-01-31 16:19:27,28,Stanton St & Chrystie St,40.72229,-73.99147,41,Grand St & Elizabeth St,40.7185,-73.9972,20930,Customer,1972,2
2100,2014-01-31 12:47:20,2014-01-31 13:22:20,8,Hudson St & Reade St,40.71534,-74.00915,41,Grand St & Elizabeth St,40.7185,-73.9972,20507,Customer,1953,0
420,2014-01-31 16:47:05,2014-01-31 16:54:05,41,Grand St & Elizabeth St,40.7185,-73.9972,44,St James Pl & Pearl St,40.71117,-74.00016,22839,Subscriber,1950,2
360,2014-01-31 08:54:50,2014-01-31 09:00:50,7,Washington Square E,40.73049,-73.99572,60,Columbus Ave & W 72 St,40.77813,-73.97371,21499,Subscriber,1982,0
420,2014-01-31 17:36:20,2014-01-31 17:43:20,60,Columbus Ave & W 72 St,40.77813,-73.97371,41,Grand St & Elizabeth St,40.7185,-73.9972,22528,Customer,2002,1
1320,2014-01-31 09:57:44,2014-01-31 10:19:44,9,W 52 St & 9 Ave,40.7644,-73.9878,33,Greenwich Ave & 8 Ave,40.73902,-74.00264,22616,Subscriber,1978,2
1920,2014-01-31 08:03:01,2014-01-31 08:35:01,41,Grand St & Elizabeth St,40.7185,-73.9972,33,Greenwich Ave & 8 Ave,40.73902,-74.00264,22243,Subscriber,1956,2
540,2014-01-31 14:53:09,2014-01-31 15:02:09,44,St James Pl & Pearl St,40.71117,-74.00016,28,Stanton St & Chrystie St,40.72229,-73.99147,21433,Customer,1959,2
1200,2014-01-31 17:06:40,2014-01-31 17:26:40,28,Stanton St & Chrystie St,40.72229,-73.99147,60,Columbus Ave & W 72 St,40.77813,-73.97371,20632,Customer,1984,1
540,2014-01-31 15:29:03,2014-01-31 15:38:03,33,Greenwich Ave & 8 Ave,40.73902,-74.00264,41,Grand St & Elizabeth St,40.7185,-73.9972,22070,Customer,1982,0
1140,2014-01-31 15:51:49,2014-01-31 16:10:49,44,St James Pl & Pearl St,40.71117,-74.00016,60,Columbus Ave & W 72 St,40.77813,-73.97371,21002,Subscriber,1991,2
1860,2014-01-31 18:04:20,2014-01-31 18:35:20,33,Greenwich Ave & 8 Ave,40.73902,-74.00264,52,E 33 St & 1 Ave,40.74402,-73.97196,20033,Subscriber,1972,2
1260,2014-01-31 13:38:08,2014-01-31 13:59:08,52,E 33 St & 1 Ave,40.74402,-73.97196,60,Columbus Ave & W 72 St,40.77813,-73.97371,22380,Customer,1963,1
2040,2014-01-31 15:53:21,2014-01-31 16:27:21,33,Greenwich Ave & 8 Ave,40.73902,-74.00264,41,Grand St & Elizabeth St,40.7185,-73.9972,21170,Customer,1988,1
1740,2014-01-31 11:57:49,2014-01-31 12:26:49,8,Hudson St & Reade St,40.71534,-74.00915,60,Columbus Ave & W 72 St,40.77813,-73.97371,20170,Subscriber,1962,0
1740,2014-01-31 15:18:13,2014-01-31 15:47:13,52,E 33 St & 1 Ave,40.74402,-73.97196,33,Greenwich Ave & 8 Ave,40.73902,-74.00264,21086,Customer,1976,2
1260,2014-01-31 09:12:04,2014-01-31 09:33:04,41,Grand St & Elizabeth St,40.7185,-73.9972,33,Greenwich Ave & 8 Ave,40.73902,-74.00264,21584,Subscriber,1999,0
2040,2014-01-31 16:30:42,2014-01-31 17:04:42,9,W 52 St & 9 Ave,40.7644,-73.9878,47,E 20 St & Park Ave,40.73818,-73.98433,20643,Customer,1968,2
1560,2014-01-31 15:46:09,2014-01-31 16:12:09,33,Greenwich Ave & 8 Ave,40.73902,-74.00264,28,Stanton St & Chrystie St,40.72229,-73.99147,21434,Customer,1951,2
360,2014-01-31 09:34:19,2014-01-31 09:40:19,9,W 52 St & 9 Ave,40.7644,-73.9878,44,St James Pl & Pearl St,40.71117,-74.00016,20468,Customer,1951,2
780,2014-01-31 17:54:30,2014-01-31 18:07:30,44,St James Pl & Pearl St,40.71117,-74.00016,47,E 20 St & Park Ave,40.73818,-73.98433,22840,Subscriber,1968,0
720,2014-01-31 17:48:01,2014-01-31 18:00:01,9,W 52 St & 9 Ave,40.7644,-73.9878,41,Grand St & Elizabeth St,40.7185,-73.9972,21328,Customer,1979,2
540,2014-01-31 11:25:42,2014-01-31 11:34:42,28,Stanton St & Chrystie St,40.72229,-73.99147,60,Columbus Ave & W 72 St,40.77813,-73.97371,21130,Subscriber,1957,2
1140,2014-01-31 16:19:56,2014-01-31 16:38:56,7,Washington Square E,40.73049,-73.99572,44,St James Pl & Pearl St,40.71117,-74.00016,22647,Subscriber,1990,2
1140,2014-01-31 11:45:49,2014-01-31 12:04:49,28,Stanton St & Chrystie St,40.72229,-73.99147,44,St James Pl & Pearl St,40.71117,-74.00016,21622,Customer,1960,0
1260,2014-01-31 17:30:37,2014-01-31 17:51:37,41,Grand St & Elizabeth St,40.7185,-73.9972,52,E 33 St & 1 Ave,40.74402,-73.97196,22516,Subscriber,2004,2
1920,2014-01-31 10:38:34,2014-01-31 11:10:34,33,Greenwich Ave & 8 Ave,40.73902,-74.00264,52,E 33 St & 1 Ave,40.74402,-73.97196,21633,Subscriber,2005,0
780,2014-01-31 16:51:14,2014-01-31 17:04:14,28,Stanton St & Chrystie St,40.72229,-73.99147,60,Columbus Ave & W 72 St,40.77813,-73.97371,21771,Customer,1974,1
1200,2014-01-31 13:28:07,2014-01-31 13:48:07,47,E 20 St & Park Ave,40.73818,-73.98433,33,Greenwich Ave & 8 Ave,40.73902,-74.00264,20184,Subscriber,1972,2
480,2014-01-31 17:13:21,2014-01-31 17:21:21,8,Hudson St & Reade St,40.71534,-74.00915,60,Columbus Ave & W 72 St,40.77813,-73.97371,22420,Subscriber,1974,2
420,2014-01-31 13:41:18,2014-01-31 13:48:18,9,W 52 St & 9 Ave,40.7644,-73.9878,44,St James Pl & Pearl St,40.71117,-74.00016,22632,Customer,1952,1
900,2014-01-31 12:13:49,2014-01-31 12:28:49,52,E 33 St & 1 Ave,40.74402,-73.97196,60,Columbus Ave & W 72 St,40.77813,-73.97371,21995,Subscriber,1992,0
1980,2014-01-31 12:39:00,2014-01-31 13:12:00,8,Hudson St & Reade St,40.71534,-74.00915,60,Columbus Ave & W 72 St,40.77813,-73.97371,20879,Customer,1955,2
1980,2014-01-31 18:58:17,2014-01-31 19:31:17,52,E 33 St & 1 Ave,40.74402,-73.97196,60,Columbus Ave & W 72 St,40.77813,-73.97371,20945,Customer,1997,0
660,2014-01-31 12:40:14,2014-01-31 12:51:14,9,W 52 St & 9 Ave,40.7644,-73.9878,41,Grand St & Elizabeth St,40.7185,-73.9972,21299,Subscriber,1979,1
1740,2014-01-31 15:53:47,2014-01-31 16:22:47,28,Stanton St & Chrystie St,40.72229,-73.99147,47,E 20 St & Park Ave,40.73818,-73.98433,20198,Subscriber,1989,1
2040,2014-01-31 16:57:21,2014-01-31 17:31:21,41,Grand St & Elizabeth St,40.7185,-73.9972,44,St James Pl & Pearl St,40.71117,-74.00016,21447,Subscriber,1988,2
360,2014-01-31 17:20:22,2014-01-31 17:26:22,8,Hudson St & Reade St,40.71534,-74.00915,44,St James Pl & Pearl St,40.71117,-74.00016,20464,Subscriber,1983,1
420,2014-01-31 16:25:55,2014-01-31 16:32:55,9,W 52 St & 9 Ave,40.7644,-73.9878,44,St James Pl & Pearl St,40.71117,-74.00016,22335,Subscriber,1980,1
2040,2014-01-31 14:22:42,2014-01-31 14:56:42,60,Columbus Ave & W 72 St,40.77813,-73.97371,52,E 33 St & 1 Ave,40.74402,-73.97196,21565,Customer,1975,0
1680,2014-01-31 14:01:13,2014-01-31 14:29:13,41,Grand St & Elizabeth St,40.7185,-73.9972,33,Greenwich Ave & 8 Ave,40.73902,-74.00264,22741,Subscriber,1959,2
420,2014-01-31 07:44:38,2014-01-31 07:51:38,28,Stanton St & Chrystie St,40.72229,-73.99147,33,Greenwich Ave & 8 Ave,40.73902,-74.00264,22194,Customer,1967,0
2100,2014-01-31 13:19:03,2014-01-31 13:54:03,28,Stanton St & Chrystie St,40.72229,-73.99147,44,St James Pl & Pearl St,40.71117,-74.00016,22908,Subscriber,1975,0
480,2014-01-31 14:32:05,2014-01-31 14:40:05,52,E 33 St & 1 Ave,40.74402,-73.97196,47,E 20 St & Park Ave,40.73818,-73.98433,21373,Subscriber,1957,1
1560,2014-01-31 09:16:44,2014-01-31 09:42:44,8,Hudson St & Reade St,40.71534,-74.00915,60,Columbus Ave & W 72 St,40.77813,-73.97371,20924,Subscriber,1991,0
2040,2014-01-31 16:43:11,2014-01-31 17:17:11,28,Stanton St & Chrystie St,40.72229,-73.99147,44,St James Pl & Pearl St,40.71117,-74.00016,21915,Customer,2003,0
1080,2014-01-31 16:16:38,2014-01-31 16:34:38,47,E 20 St & Park Ave,40.73818,-73.98433,28,Stanton St & Chrystie St,40.72229,-73.99147,22479,Customer,1984,2
1380,2014-01-31 16:21:20,2014-01-31 16:44:20,60,Columbus Ave & W 72 St,40.77813,-73.97371,47,E 20 St & Park Ave,40.73818,-73.98433,22431,Customer,1978,0
1500,2014-01-31 18:10:08,2014-01-31 18:35:08,44,St James Pl & Pearl St,40.71117,-74.00016,33,Greenwich Ave & 8 Ave,40.73902,-74.00264,22937,Customer,1957,0
840,2014-01-31 16:38:37,2014-01-31 16:52:37,41,Grand St & Elizabeth St,40.7185,-73.9972,52,E 33 St & 1 Ave,40.74402,-73.97196,22635,Subscriber,1971,1
1260,2014-01-31 13:20:56,2014-01-31 13:41:56,33,Greenwich Ave & 8 Ave,40.73902,-74.00264,44,St James Pl & Pearl St,40.71117,-74.00016,20496,Subscriber,1998,2
1920,2014-01-31 16:50:21,2014-01-31 17:22:21,44,St James Pl & Pearl St,40.71117,-74.00016,52,E 33 St & 1 Ave,40.74402,-73.97196,22371,Customer,1950,1
1440,2014-01-31 18:41:32,2014-01-31 19:05:32,44,St James Pl & Pearl St,40.71117,-74.00016,47,E 20 St & Park Ave,40.73818,-73.98433,21617,Customer,1999,0
1260,2014-01-31 12:02:01,2014-01-31 12:23:01,9,W 52 St & 9 Ave,40.7644,-73.9878,41,Grand St & Elizabeth St,40.7185,-73.9972,20255,Subscriber,1966,1
360,2014-01-31 14:05:49,2014-01-31 14:11:49,7,Washington Square E,40.73049,-73.99572,52,E 33 St & 1 Ave,40.74402,-73.97196,21853,Customer,1974,0
1980,2014-01-31 16:38:40,2014-01-31 17:11:40,28,Stanton St & Chrystie St,40.72229,-73.99147,44,St James Pl & Pearl St,40.71117,-74.00016,20295,Customer,2005,2
1380,2014-01-31 15:34:59,2014-01-31 15:57:59,7,Washington Square E,40.73049,-73.99572,60,Columbus Ave & W 72 St,40.77813,-73.97371,21698,Subscriber,2000,1
1860,2014-01-31 15:43:11,2014-01-31 16:14:11,41,Grand St & Elizabeth St,40.7185,-73.9972,52,E 33 St & 1 Ave,40.74402,-73.97196,21230,Subscriber,1985,2
1260,2014-01-31 17:13:19,2014-01-31 17:34:19,9,W 52 St & 9 Ave,40.7644,-73.9878,52,E 33 St & 1 Ave,40.74402,-73.97196,22624,Customer,1956,0
2040,2014-01-31 14:36:17,2014-01-31 15:10:17,47,E 20 St & Park Ave,40.73818,-73.98433,28,Stanton St & Chrystie St,40.72229,-73.99147,22069,Subscriber,1967,1
1680,2014-01-31 10:55:02,2014-01-31 11:23:02,60,Columbus Ave & W 72 St,40.77813,-73.97371,44,St James Pl & Pearl St,40.71117,-74.00016,22977,Subscriber,1975,1
1500,2014-01-31 18:43:50,2014-01-31 19:08:50,9,W 52 St & 9 Ave,40.7644,-73.9878,52,E 33 St & 1 Ave,40.74402,-73.97196,21041,Subscriber,1986,1
1620,2014-01-31 10:49:32,2014-01-31 11:16:32,41,Grand St & Elizabeth St,40.7185,-73.9972,28,Stanton St & Chrystie St,40.72229,-73.99147,21273,Customer,1953,1
1440,2014-01-31 12:41:32,2014-01-31 13:05:32,7,Washington Square E,40.73049,-73.99572,44,St James Pl & Pearl St,40.71117,-74.00016,22439,Subscriber,1991,2
1380,2014-01-31 13:04:20,2014-01-31 13:27:20,7,Washington Square E,40.73049,-73.99572,60,Columbus Ave & W 72 St,40.77813,-73.97371,21408,Subscriber,1964,0
1740,2014-01-31 18:27:04,2014-01-31 18:56:04,52,E 33 St & 1 Ave,40.74402,-73.97196,33,Greenwich Ave & 8 Ave,40.73902,-74.00264,22805,Customer,1971,2
1260,2014-01-31 18:25:20,2014-01-31 18:46:20,41,Grand St & Elizabeth St,40.7185,-73.9972,44,St James Pl & Pearl St,40.71117,-74.00016,20765,Customer,1967,0
1800,2014-01-31 13:11:37,2014-01-31 13:41:37,52,E 33 St & 1 Ave,40.74402,-73.97196,44,St James Pl & Pearl St,40.71117,-74.00016,20124,Customer,1953,0
1440,2014-01-31 07:28:27,2014-01-31 07:52:27,41,Grand St & Elizabeth St,40.7185,-73.9972,52,E 33 St & 1 Ave,40.74402,-73.97196,21258,Subscriber,1983,2
1020,2014-01-31 16:10:20,2014-01-31 16:27:20,8,Hudson St & Reade St,40.71534,-74.00915,47,E 20 St & Park Ave,40.73818,-73.98433,22143,Customer,1989,1
1980,2014-01-31 12:27:04,2014-01-31 13:00:04,41,Grand St & Elizabeth St,40.7185,-73.9972,33,Greenwich Ave & 8 Ave,40.73902,-74.00264,21623,Customer,1971,0
1380,2014-01-31 16:08:45,2014-01-31 16:31:45,52,E 33 St & 1 Ave,40.74402,-73.97196,47,E 20 St & Park Ave,40.73818,-73.98433,20031,Customer,1952,1
1380,2014-01-31 15:51:30,2014-01-31 16:14:30,8,Hudson St & Reade St,40.71534,-74.00915,33,Greenwich Ave & 8 Ave,40.73902,-74.00264,22154,Subscriber,1950,0
1260,2014-01-31 13:13:05,2014-01-31 13:34:05,44,St James Pl & Pearl St,40.71117,-74.00016,28,Stanton St & Chrystie St,40.72229,-73.99147,21612,Customer,2001,0
1920,2014-01-31 18:41:14,2014-01-31 19:13:14,7,Washington Square E,40.73049,-73.99572,52,E 33 St & 1 Ave,40.74402,-73.97196,22901,Subscriber,1984,2
1140,2014-01-31 13:20:36,2014-01-31 13:39:36,8,Hudson St & Reade St,40.71534,-74.00915,47,E 20 St & Park Ave,40.73818,-73.98433,22464,Subscriber,1975,1
780,2014-01-31 10:53:17,2014-01-31 11:06:17,52,E 33 St & 1 Ave,40.74402,-73.97196,28,Stanton St & Chrystie St,40.72229,-73.99147,20745,Customer,1977,0
1740,2014-01-31 11:52:57,2014-01-31 12:21:57,33,Greenwich Ave & 8 Ave,40.73902,-74.00264,44,St James Pl & Pearl St,40.71117,-74.00016,22522,Customer,1992,1
1800,2014-01-31 11:34:56,2014-01-31 12:04:56,52,E 33 St & 1 Ave,40.74402,-73.97196,28,Stanton St & Chrystie St,40.72229,-73.99147,21010,Subscriber,1994,0
1740,2014-01-31 07:01:28,2014-01-31 07:30:28,60,Columbus Ave & W 72 St,40.77813,-73.97371,33,Greenwich Ave & 8 Ave,40.73902,-74.00264,21054,Subscriber,1953,2
2100,2014-01-31 08:55:07,2014-01-31 09:30:07,33,Greenwich Ave & 8 Ave,40.73902,-74.00264,52,E 33 St & 1 Ave,40.74402,-73.97196,22399,Subscriber,1951,2
1620,2014-01-31 13:36:42,2014-01-31 14:03:42,44,St James Pl & Pearl St,40.71117,-74.00016,47,E 20 St & Park Ave,40.73818,-73.98433,22044,Customer,1959,2
1440,2014-01-31 18:05:13,2014-01-31 18:29:13,52,E 33 St & 1 Ave,40.74402,-73.97196,33,Greenwich Ave & 8 Ave,40.73902,-74.00264,20993,Customer,1982,0
2040,2014-01-31 14:23:57,2014-01-31 14:57:57,28,Stanton St & Chrystie St,40.72229,-73.99147,44,St James Pl & Pearl St,40.71117,-74.00016,20197,Customer,1973,1
360,2014-01-31 16:19:52,2014-01-31 16:25:52,33,Greenwich Ave & 8 Ave,40.73902,-74.00264,52,E 33 St & 1 Ave,40.74402,-73.97196,21711,Customer,1988,2
1320,2014-01-31 08:01:01,2014-01-31 08:23:01,28,Stanton St & Chrystie St,40.72229,-73.99147,47,E 20 St & Park Ave,40.73818,-73.98433,22339,Customer,1957,1
1140,2014-01-31 07:12:05,2014-01-31 07:31:05,33,Greenwich Ave & 8 Ave,40.73902,-74.00264,47,E 20 St & Park Ave,40.73818,-73.98433,22446,Customer,1962,0
420,2014-01-31 14:29:47,2014-01-31 14:36:47,7,Washington Square E,40.73049,-73.99572,47,E 20 St & Park Ave,40.73818,-73.98433,21745,Subscriber,1991,2
900,2014-01-31 13:15:23,2014-01-31 13:30:23,47,E 20 St & Park Ave,40.73818,-73.98433,52,E 33 St & 1 Ave,40.74402,-73.97196,22716,Subscriber,1980,2
1920,2014-01-31 08:18:02,2014-01-31 08:50:02,52,E 33 St & 1 Ave,40.74402,-73.97196,47,E 20 St & Park Ave,40.73818,-73.98433,20995,Customer,1977,0
1740,2014-01-31 08:06:48,2014-01-31 08:35:48,33,Greenwich Ave & 8 Ave,40.73902,-74.00264,60,Columbus Ave & W 72 St,40.77813,-73.97371,21775,Subscriber,1970,1
1980,2014-01-31 13:03:09,2014-01-31 13:36:09,8,Hudson St & Reade St,40.71534,-74.00915,33,Greenwich Ave & 8 Ave,40.73902,-74.00264,21996,Customer,1998,1
660,2014-01-31 10:58:02,2014-01-31 11:09:02,60,Columbus Ave & W 72 St,40.77813,-73.97371,52,E 33 St & 1 Ave,40.74402,-73.97196,20889,Customer,1962,0
720,2014-01-31 10:06:50,2014-01-31 10:18:50,33,Greenwich Ave & 8 Ave,40.73902,-74.00264,28,Stanton St & Chrystie St,40.72229,-73.99147,22905,Subscriber,1970,2
1380,2014-01-31 18:52:06,2014-01-31 19:15:06,52,E 33 St & 1 Ave,40.74402,-73.97196,60,Columbus Ave & W 72 St,40.77813,-73.97371,20285,Customer,1974,0
1740,2014-01-31 12:23:32,2014-01-31 12:52:32,47,E 20 St & Park Ave,40.73818,-73.98433,33,Greenwich Ave & 8 Ave,40.73902,-74.00264,20651,Subscriber,1962,1
1740,2014-01-31 16:55:57,2014-01-31 17:24:57,47,E 20 St & Park Ave,40.73818,-73.98433,41,Grand St & Elizabeth St,40.7185,-73.9972,21483,Customer,2004,1
2040,2014-01-31 13:21:45,2014-01-31 13:55:45,9,W 52 St & 9 Ave,40.7644,-73.9878,28,Stanton St & Chrystie St,40.72229,-73.99147,20856,Subscriber,1965,1
1860,2014-01-31 13:10:16,2014-01-31 13:41:16,60,Columbus Ave & W 72 St,40.77813,-73.97371,44,St James Pl & Pearl St,40.71117,-74.00016,21276,Subscriber,1968,1
1260,2014-01-31 18:17:19,2014-01-31 18:38:19,60,Columbus Ave & W 72 St,40.77813,-73.97371,33,Greenwich Ave & 8 Ave,40.73902,-74.00264,22361,Customer,1998,0
1800,2014-01-31 16:40:26,2014-01-31 17:10:26,52,E 33 St & 1 Ave,40.74402,-73.97196,41,Grand St & Elizabeth St,40.7185,-73.9972,22131,Subscriber,1974,2
1680,2014-01-31 15:58:55,2014-01-31 16:26:55,44,St James Pl & Pearl St,40.71117,-74.00016,41,Grand St & Elizabeth St,40.7185,-73.9972,22526,Subscriber,1998,1
1920,2014-01-31 17:02:57,2014-01-31 17:34:57,60,Columbus Ave & W 72 St,40.77813,-73.97371,52,E 33 St & 1 Ave,40.74402,-73.97196,20668,Subscriber,1966,2
1680,2014-01-31 11:01:35,2014-01-31 11:29:35,44,St James Pl & Pearl St,40.71117,-74.00016,28,Stanton St & Chrystie St,40.72229,-73.99147,20062,Subscriber,1954,0
720,2014-01-31 16:14:46,2014-01-31 16:26:46,9,W 52 St & 9 Ave,40.7644,-73.9878,41,Grand St & Elizabeth St,40.7185,-73.9972,21723,Subscriber,1965,1
720,2014-01-31 08:13:25,2014-01-31 08:25:25,7,Washington Square E,40.73049,-73.99572,28,Stanton St & Chrystie St,40.72229,-73.99147,22051,Subscriber,1997,0
1080,2014-01-31 07:03:26,2014-01-31 07:21:26,60,Columbus Ave & W 72 St,40.77813,-73.97371,44,St James Pl & Pearl St,40.71117,-74.00016,21846,Customer,1956,2
1860,2014-01-31 14:39:21,2014-01-31 15:10:21,9,W 52 St & 9 Ave,40.7644,-73.9878,33,Greenwich Ave & 8 Ave,40.73902,-74.00264,20113,Customer,1956,1
2040,2014-01-31 14:16:59,2014-01-31 14:50:59,33,Greenwich Ave & 8 Ave,40.73902,-74.00264,47,E 20 St & Park Ave,40.73818,-73.98433,22021,Subscriber,1981,2
780,2014-01-31 11:12:54,2014-01-31 11:25:54,8,Hudson St & Reade St,40.71534,-74.00915,44,St James Pl & Pearl St,40.71117,-74.00016,21682,Subscriber,1950,1
1440,2014-01-31 09:37:24,2014-01-31 10:01:24,44,St James Pl & Pearl St,40.71117,-74.00016,33,Greenwich Ave & 8 Ave,40.73902,-74.00264,20720,Subscriber,1974,1
1380,2014-01-31 14:52:40,2014-01-31 15:15:40,8,Hudson St & Reade St,40.71534,-74.00915,33,Greenwich Ave & 8 Ave,40.73902,-74.00264,20461,Subscriber,1978,0
1800,2014-01-31 10:06:13,2014-01-31 10:36:13,60,Columbus Ave & W 72 St,40.77813,-73.97371,28,Stanton St & Chrystie St,40.72229,-73.99147,21021,Customer,1951,0
540,2014-01-31 09:59:16,2014-01-31 10:08:16,7,Washington Square E,40.73049,-73.99572,41,Grand St & Elizabeth St,40.7185,-73.9972,21956,Subscriber,1972,2
1500,2014-01-31 13:44:20,2014-01-31 14:09:20,44,St James Pl & Pearl St,40.71117,-74.00016,47,E 20 St & Park Ave,40.73818,-73.98433,21744,Subscriber,1978,0
1740,2014-01-31 15:37:21,2014-01-31 16:06:21,44,St James Pl & Pearl St,40.71117,-74.00016,41,Grand St & Elizabeth St,40.7185,-73.9972,20546,Customer,1993,0
1620,2014-01-31 13:21:07,2014-01-31 13:48:07,28,Stanton St & Chrystie St,40.72229,-73.99147,52,E 33 St & 1 Ave,40.74402,-73.97196,21360,Subscriber,1973,0
1320,2014-01-31 16:15:48,2014-01-31 16:37:48,41,Grand St & Elizabeth St,40.7185,-73.9972,47,E 20 St & Park Ave,40.73818,-73.98433,20907,Subscriber,1990,2
840,2014-01-31 10:43:34,2014-01-31 10:57:34,41,Grand St & Elizabeth St,40.7185,-73.9972,28,Stanton St & Chrystie St,40.72229,-73.99147,20373,Customer,1972,1
1920,2014-01-31 14:13:01,2014-01-31 14:45:01,9,W 52 St & 9 Ave,40.7644,-73.9878,47,E 20 St & Park Ave,40.73818,-73.98433,21397,Subscriber,1996,2
2100,2014-01-31 18:00:29,2014-01-31 18:35:29,52,E 33 St & 1 Ave,40.74402,-73.97196,47,E 20 St & Park Ave,40.73818,-73.98433,21377,Subscriber,1962,2
1800,2014-01-31 08:51:41,2014-01-31 09:21:41,41,Grand St & Elizabeth St,40.7185,-73.9972,60,Columbus Ave & W 72 St,40.77813,-73.97371,21295,Customer,1971,1
1980,2014-01-31 08:09:42,2014-01-31 08:42:42,9,W 52 St & 9 Ave,40.7644,-73.9878,44,St James Pl & Pearl St,40.71117,-74.00016,21955,Customer,1976,2
1380,2014-01-31 09:42:09,2014-01-31 10:05:09,8,Hudson St & Reade St,40.71534,-74.00915,60,Columbus Ave & W 72 St,40.77813,-73.97371,22256,Subscriber,1959,2
1680,2014-01-31 15:12:50,2014-01-31 15:40:50,52,E 33 St & 1 Ave,40.74402,-73.97196,33,Greenwich Ave & 8 Ave,40.73902,-74.00264,22382,Customer,2000,1
1500,2014-01-31 16:27:39,2014-01-31 16:52:39,52,E 33 St & 1 Ave,40.74402,-73.97196,28,Stanton St & Chrystie St,40.72229,-73.99147,21243,Subscriber,1995,0
1320,2014-01-31 12:17:41,2014-01-31 12:39:41,47,E 20 St & Park Ave,40.73818,-73.98433,28,Stanton St & Chrystie St,40.72229,-73.99147,20663,Customer,1973,2
1080,2014-01-31 09:44:11,2014-01-31 10:02:11,8,Hudson St & Reade St,40.71534,-74.00915,60,Columbus Ave & W 72 St,40.77813,-73.97371,20936,Subscriber,1993,1
1620,2014-01-31 18:59:30,2014-01-31 19:26:30,44,St James Pl & Pearl St,40.71117,-74.00016,28,Stanton St & Chrystie St,40.72229,-73.99147,22433,Customer,1979,2
1320,2014-01-31 07:32:33,2014-01-31 07:54:33,9,W 52 St & 9 Ave,40.7644,-73.9878,60,Columbus Ave & W 72 St,40.77813,-73.97371,21774,Customer,1955,2
1080,2014-01-31 09:16:08,2014-01-31 09:34:08,8,Hudson St & Reade St,40.71534,-74.00915,44,St James Pl & Pearl St,40.71117,-74.00016,20660,Customer,1965,0
1980,2014-01-31 15:25:07,2014-01-31 15:58:07,44,St James Pl & Pearl St,40.71117,-74.00016,33,Greenwich Ave & 8 Ave,40.73902,-74.00264,20078,Subscriber,1989,0
1260,2014-01-31 18:15:52,2014-01-31 18:36:52,60,Columbus Ave & W 72 St,40.77813,-73.97371,52,E 33 St & 1 Ave,40.74402,-73.97196,21977,Customer,2003,0
1980,2014-01-31 14:46:14,2014-01-31 15:19:14,28,Stanton St & Chrystie St,40.72229,-73.99147,44,St James Pl & Pearl St,40.71117,-74.00016,20881,Customer,1952,1
780,2014-01-31 18:58:55,2014-01-31 19:11:55,7,Washington Square E,40.73049,-73.99572,41,Grand St & Elizabeth St,40.7185,-73.9972,20453,Customer,1985,2
840,2014-01-31 10:33:17,2014-01-31 10:47:17,60,Columbus Ave & W 72 St,40.77813,-73.97371,47,E 20 St & Park Ave,40.73818,-73.98433,21453,Subscriber,1963,0
360,2014-01-31 07:57:37,2014-01-31 08:03:37,52,E 33 St & 1 Ave,40.74402,-73.97196,47,E 20 St & Park Ave,40.73818,-73.98433,21870,Subscriber,1980,1
1380,2014-01-31 18:06:59,2014-01-31 18:29:59,7,Washington Square E,40.73049,-73.99572,33,Greenwich Ave & 8 Ave,40.73902,-74.00264,20429,Customer,1984,0
720,2014-01-31 16:25:01,2014-01-31 16:37:01,7,Washington Square E,40.73049,-73.99572,28,Stanton St & Chrystie St,40.72229,-73.99147,22971,Subscriber,2000,2
840,2014-01-31 17:13:15,2014-01-31 17:27:15,60,Columbus Ave & W 72 St,40.77813,-73.97371,33,Greenwich Ave & 8 Ave,40.73902,-74.00264,22456,Subscriber,1986,0
1440,2014-01-31 14:43:49,2014-01-31 15:07:49,9,W 52 St & 9 Ave,40.7644,-73.9878,60,Columbus Ave & W 72 St,40.77813,-73.97371,20293,Subscriber,2003,1
480,2014-01-31 11:13:22,2014-01-31 11:21:22,41,Grand St & Elizabeth St,40.7185,-73.9972,60,Columbus Ave & W 72 St,40.77813,-73.97371,22438,Subscriber,1954,2
2100,2014-01-31 16:08:22,2014-01-31 16:43:22,8,Hudson St & Reade St,40.71534,-74.00915,41,Grand St & Elizabeth St,40.7185,-73.9972,20739,Customer,1957,2
480,2014-01-31 12:44:27,2014-01-31 12:52:27,7,Washington Square E,40.73049,-73.99572,47,E 20 St & Park Ave,40.73818,-73.98433,20567,Subscriber,1997,1
1080,2014-01-31 14:42:02,2014-01-31 15:00:02,33,Greenwich Ave & 8 Ave,40.73902,-74.00264,41,Grand St & Elizabeth St,40.7185,-73.9972,22969,Subscriber,1987,2
1920,2014-01-31 09:16:11,2014-01-31 09:48:11,47,E 20 St & Park Ave,40.73818,-73.98433,52,E 33 St & 1 Ave,40.74402,-73.97196,21716,Subscriber,1995,0
1920,2014-01-31 13:29:14,2014-01-31 14:01:14,33,Greenwich Ave & 8 Ave,40.73902,-74.00264,28,Stanton St & Chrystie St,40.72229,-73.99147,21396,Customer,1965,1
1740,2014-01-31 17:58:01,2014-01-31 18:27:01,8,Hudson St & Reade St,40.71534,-74.00915,47,E 20 St & Park Ave,40.73818,-73.98433,21940,Customer,1968,2
1080,2014-01-31 13:23:38,2014-01-31 13:41:38,41,Grand St & Elizabeth St,40.7185,-73.9972,44,St James Pl & Pearl St,40.71117,-74.00016,20040,Customer,1999,1
1920,2014-01-31 15:57:31,2014-01-31 16:29:31,9,W 52 St & 9 Ave,40.7644,-73.9878,28,Stanton St & Chrystie St,40.72229,-73.99147,20726,Customer,1959,2
2100,2014-01-31 12:43:51,2014-01-31 13:18:51,9,W 52 St & 9 Ave,40.7644,-73.9878,41,Grand St & Elizabeth St,40.7185,-73.9972,20111,Customer,1976,1
1560,2014-01-31 11:55:24,2014-01-31 12:21:24,52,E 33 St & 1 Ave,40.74402,-73.97196,33,Greenwich Ave & 8 Ave,40.73902,-74.00264,21214,Customer,1970,0
1860,2014-01-31 13:15:10,2014-01-31 13:46:10,60,Columbus Ave & W 72 St,40.77813,-73.97371,44,St James Pl & Pearl St,40.71117,-74.00016,22284,Customer,1987,2
1920,2014-01-31 08:35:42,2014-01-31 09:07:42,47,E 20 St & Park Ave,40.73818,-73.98433,41,Grand St & Elizabeth St,40.7185,-73.9972,21967,Subscriber,1982,2
660,2014-01-31 09:04:10,2014-01-31 09:15:10,44,St James Pl & Pearl St,40.71117,-74.00016,60,Columbus Ave & W 72 St,40.77813,-73.97371,22952,Customer,2005,1
1800,2014-01-31 17:46:53,2014-01-31 18:16:53,28,Stanton St & Chrystie St,40.72229,-73.99147,33,Greenwich Ave & 8 Ave,40.73902,-74.00264,22192,Customer,1952,1
1140,2014-01-31 17:04:59,2014-01-31 17:23:59,41,Grand St & Elizabeth St,40.7185,-73.9972,60,Columbus Ave & W 72 St,40.77813,-73.97371,20032,Subscriber,1988,2
1080,2014-01-31 11:01:01,2014-01-31 11:19:01,47,E 20 St & Park Ave,40.73818,-73.98433,60,Columbus Ave & W 72 St,40.77813,-73.97371,22330,Subscriber,1954,2
2040,2014-01-31 07:48:00,2014-01-31 08:22:00,47,E 20 St & Park Ave,40.73818,-73.98433,60,Columbus Ave & W 72 St,40.77813,-73.97371,20454,Subscriber,1977,1
1380,2014-01-31 17:01:16,2014-01-31 17:24:16,44,St James Pl & Pearl St,40.71117,-74.00016,52,E 33 St & 1 Ave,40.74402,-73.97196,22828,Subscriber,2003,0
1320,2014-01-31 15:07:40,2014-01-31 15:29:40,9,W 52 St & 9 Ave,40.7644,-73.9878,47,E 20 St & Park Ave,40.73818,-73.98433,22322,Subscriber,1978,1
540,2014-01-31 07:04:30,2014-01-31 07:13:30,52,E 33 St & 1 Ave,40.74402,-73.97196,28,Stanton St & Chrystie St,40.72229,-73.99147,20658,Subscriber,1964,1
1620,2014-01-31 16:08:59,2014-01-31 16:35:59,52,E 33 St & 1 Ave,40.74402,-73.97196,33,Greenwich Ave & 8 Ave,40.73902,-74.00264,21579,Customer,1983,1
540,2014-01-31 15:50:28,2014-01-31 15:59:28,28,Stanton St & Chrystie St,40.72229,-73.99147,44,St James Pl & Pearl St,40.71117,-74.00016,21314,Customer,1976,2
1740,2014-01-31 17:35:35,2014-01-31 18:04:35,28,Stanton St & Chrystie St,40.72229,-73.99147,47,E 20 St & Park Ave,40.73818,-73.98433,22972,Subscriber,1951,1
1680,2014-01-31 12:41:48,2014-01-31 13:09:48,60,Columbus Ave & W 72 St,40.77813,-73.97371,47,E 20 St & Park Ave,40.73818,-73.98433,21191,Subscriber,1991,1
960,2014-01-31 14:23:52,2014-01-31 14:39:52,8,Hudson St & Reade St,40.71534,-74.00915,47,E 20 St & Park Ave,40.73818,-73.98433,22177,Subscriber,1972,2
1440,2014-01-31 11:50:09,2014-01-31 12:14:09,44,St James Pl & Pearl St,40.71117,-74.00016,28,Stanton St & Chrystie St,40.72229,-73.99147,22750,Customer,1993,0
1020,2014-01-31 10:52:02,2014-01-31 11:09:02,28,Stanton St & Chrystie St,40.72229,-73.99147,52,E 33 St & 1 Ave,40.74402,-73.97196,21777,Subscriber,1995,1
1680,2014-01-31 16:11:57,2014-01-31 16:39:57,9,W 52 St & 9 Ave,40.7644,-73.9878,41,Grand St & Elizabeth St,40.7185,-73.9972,22059,Subscriber,1997,0
900,2014-01-31 10:22:43,2014-01-31 10:37:43,60,Columbus Ave & W 72 St,40.77813,-73.97371,52,E 33 St & 1 Ave,40.74402,-73.97196,20385,Subscriber,2002,0
900,2014-01-31 08:17:32,2014-01-31 08:32:32,60,Columbus Ave & W 72 St,40.77813,-73.97371,44,St James Pl & Pearl St,40.71117,-74.00016,20095,Subscriber,1992,2
1740,2014-01-31 17:43:04,2014-01-31 18:12:04,52,E 33 St & 1 Ave,40.74402,-73.97196,47,E 20 St & Park Ave,40.73818,-73.98433,21700,Subscriber,1993,1
1620,2014-01-31 13:33:01,2014-01-31 14:00:01,7,Washington Square E,40.73049,-73.99572,47,E 20 St & Park Ave,40.73818,-73.98433,22896,Customer,1988,1
1080,2014-01-31 10:15:44,2014-01-31 10:33:44,28,Stanton St & Chrystie St,40.72229,-73.99147,44,St James Pl & Pearl St,40.71117,-74.00016,20049,Customer,1995,2
1140,2014-01-31 08:57:55,2014-01-31 09:16:55,60,Columbus Ave & W 72 St,40.77813,-73.97371,28,Stanton St & Chrystie St,40.72229,-73.99147,21103,Subscriber,1962,2
1680,2014-01-31 09:14:47,2014-01-31 09:42:47,7,Washington Square E,40.73049,-73.99572,33,Greenwich Ave & 8 Ave,40.73902,-74.00264,21656,Subscriber,1970,2
1080,2014-01-31 09:28:33,2014-01-31 09:46:33,52,E 33 St & 1 Ave,40.74402,-73.97196,28,Stanton St & Chrystie St,40.72229,-73.99147,20168,Subscriber,1955,2
1320,2014-01-31 16:22:00,2014-01-31 16:44:00,41,Grand St & Elizabeth St,40.7185,-73.9972,52,E 33 St & 1 Ave,40.74402,-73.97196,22299,Subscriber,1986,1
1860,2014-01-31 09:46:59,2014-01-31 10:17:59,60,Columbus Ave & W 72 St,40.77813,-73.97371,47,E 20 St & Park Ave,40.73818,-73.98433,22748,Customer,1951,1
1920,2014-01-31 16:49:36,2014-01-31 17:21:36,44,St James Pl & Pearl St,40.71117,-74.00016,52,E 33 St & 1 Ave,40.74402,-73.97196,20235,Subscriber,1981,1
1320,2014-01-31 10:27:50,2014-01-31 10:49:50,60,Columbus Ave & W 72 St,40.77813,-73.97371,28,Stanton St & Chrystie St,40.72229,-73.99147,20409,Customer,1996,0
2100,2014-01-31 08:01:10,2014-01-31 08:36:10,52,E 33 St & 1 Ave,40.74402,-73.97196,28,Stanton St & Chrystie St,40.72229,-73.99147,20947,Subscriber,1990,0
1740,2014-01-31 10:15:51,2014-01-31 10:44:51,44,St James Pl & Pearl St,40.71117,-74.00016,28,Stanton St & Chrystie St,40.72229,-73.99147,22701,Subscriber,1961,2
1620,2014-01-31 15:00:13,2014-01-31 15:27:13,7,Washington Square E,40.73049,-73.99572,47,E 20 St & Park Ave,40.73818,-73.98433,22130,Customer,1960,1
1140,2014-01-31 08:36:16,2014-01-31 08:55:16,7,Washington Square E,40.73049,-73.99572,33,Greenwich Ave & 8 Ave,40.73902,-74.00264,21979,Customer,2002,1
1080,2014-01-31 10:14:16,2014-01-31 10:32:16,9,W 52 St & 9 Ave,40.7644,-73.9878,33,Greenwich Ave & 8 Ave,40.73902,-74.00264,22017,Subscriber,2004,0
1800,2014-01-31 10:57:46,2014-01-31 11:27:46,33,Greenwich Ave & 8 Ave,40.73902,-74.00264,28,Stanton St & Chrystie St,40.72229,-73.99147,21789,Subscriber,1960,0
1500,2014-01-31 14:33:33,2014-01-31 14:58:33,28,Stanton St & Chrystie St,40.72229,-73.99147,33,Greenwich Ave & 8 Ave,40.73902,-74.00264,21541,Subscriber,1994,2
1740,2014-01-31 14:20:30,2014-01-31 14:49:30,7,Washington Square E,40.73049,-73.99572,60,Columbus Ave & W 72 St,40.77813,-73.97371,22633,Subscriber,1970,1
1320,2014-01-31 14:08:44,2014-01-31 14:30:44,33,Greenwich Ave & 8 Ave,40.73902,-74.00264,44,St James Pl & Pearl St,40.71117,-74.00016,21973,Customer,2002,1
780,2014-01-31 08:38:34,2014-01-31 08:51:34,44,St James Pl & Pearl St,40.71117,-74.00016,28,Stanton St & Chrystie St,40.72229,-73.99147,20371,Subscriber,1957,2
1320,2014-01-31 10:31:14,2014-01-31 10:53:14,52,E 33 St & 1 Ave,40.74402,-73.97196,33,Greenwich Ave & 8 Ave,40.73902,-74.00264,21141,Customer,1998,2
1260,2014-01-31 18:50:08,2014-01-31 19:11:08,33,Greenwich Ave & 8 Ave,40.73902,-74.00264,44,St James Pl & Pearl St,40.71117,-74.00016,22577,Subscriber,1984,0
1740,2014-01-31 16:58:50,2014-01-31 17:27:50,41,Grand St & Elizabeth St,40.7185,-73.9972,33,Greenwich Ave & 8 Ave,40.73902,-74.00264,20079,Subscriber,2001,0
1980,2014-01-31 11:35:40,2014-01-31 12:08:40,47,E 20 St & Park Ave,40.73818,-73.98433,41,Grand St & Elizabeth St,40.7185,-73.9972,21730,Customer,1982,1
1680,2014-01-31 14:05:49,2014-01-31 14:33:49,44,St James Pl & Pearl St,40.71117,-74.00016,28,Stanton St & Chrystie St,40.72229,-73.99147,22285,Customer,2003,0
540,2014-01-31 17:12:12,2014-01-31 17:21:12,41,Grand St & Elizabeth St,40.7185,-73.9972,33,Greenwich Ave & 8 Ave,40.73902,-74.00264,22912,Customer,1994,2
1080,2014-01-31 07:02:39,2014-01-31 07:20:39,41,Grand St & Elizabeth St,40.7185,-73.9972,33,Greenwich Ave & 8 Ave,40.73902,-74.00264,21978,Subscriber,1950,0
1440,2014-01-31 15:44:36,2014-01-31 16:08:36,28,Stanton St & Chrystie St,40.72229,-73.99147,44,St James Pl & Pearl St,40.71117,-74.00016,22730,Subscriber,1995,1
840,2014-01-31 12:29:02,2014-01-31 12:43:02,33,Greenwich Ave & 8 Ave,40.73902,-74.00264,60,Columbus Ave & W 72 St,40.77813,-73.97371,22595,Customer,1973,0
1260,2014-01-31 17:17:55,2014-01-31 17:38:55,44,St James Pl & Pearl St,40.71117,-74.00016,60,Columbus Ave & W 72 St,40.77813,-73.97371,20068,Customer,2005,1
1440,2014-01-31 16:28:42,2014-01-31 16:52:42,33,Greenwich Ave & 8 Ave,40.73902,-74.00264,47,E 20 St & Park Ave,40.73818,-73.98433,20151,Customer,1982,2
1740,2014-01-31 16:42:50,2014-01-31 17:11:50,28,Stanton St & Chrystie St,40.72229,-73.99147,33,Greenwich Ave & 8 Ave,40.73902,-74.00264,20139,Customer,1971,2
1200,2014-01-31 15:17:38,2014-01-31 15:37:38,47,E 20 St & Park Ave,40.73818,-73.98433,44,St James Pl & Pearl St,40.71117,-74.00016,20810,Customer,1979,1
660,2014-01-31 07:36:39,2014-01-31 07:47:39,9,W 52 St & 9 Ave,40.7644,-73.9878,44,St James Pl & Pearl St,40.71117,-74.00016,20466,Customer,1957,2
1260,2014-01-31 14:44:25,2014-01-31 15:05:25,44,St James Pl & Pearl St,40.71117,-74.00016,41,Grand St & Elizabeth St,40.7185,-73.9972,21013,Subscriber,2005,1
900,2014-01-31 10:01:02,2014-01-31 10:16:02,9,W 52 St & 9 Ave,40.7644,-73.9878,60,Columbus Ave & W 72 St,40.77813,-73.97371,22581,Customer,1998,0
900,2014-01-31 08:22:08,2014-01-31 08:37:08,9,W 52 St & 9 Ave,40.7644,-73.9878,47,E 20 St & Park Ave,40.73818,-73.98433,20107,Subscriber,1968,0
600,2014-01-31 13:21:46,2014-01-31 13:31:46,44,St James Pl & Pearl St,40.71117,-74.00016,28,Stanton St & Chrystie St,40.72229,-73.99147,22872,Subscriber,2003,0
1680,2014-01-31 16:20:18,2014-01-31 16:48:18,41,Grand St & Elizabeth St,40.7185,-73.9972,44,St James Pl & Pearl St,40.71117,-74.00016,20043,Subscriber,1979,0
1860,2014-01-31 08:29:22,2014-01-31 09:00:22,44,St James Pl & Pearl St,40.71117,-74.00016,52,E 33 St & 1 Ave,40.74402,-73.97196,21763,Subscriber,1985,1
1320,2014-01-31 14:34:55,2014-01-31 14:56:55,9,W 52 St & 9 Ave,40.7644,-73.9878,47,E 20 St & Park Ave,40.73818,-73.98433,20857,Customer,1968,1
1920,2014-01-31 15:06:06,2014-01-31 15:38:06,8,Hudson St & Reade St,40.71534,-74.00915,41,Grand St & Elizabeth St,40.7185,-73.9972,22562,Customer,1987,1
480,2014-01-31 09:45:22,2014-01-31 09:53:22,47,E 20 St & Park Ave,40.73818,-73.98433,41,Grand St & Elizabeth St,40.7185,-73.9972,21188,Subscriber,1973,0
960,2014-01-31 11:27:10,2014-01-31 11:43:10,8,Hudson St & Reade St,40.71534,-74.00915,60,Columbus Ave & W 72 St,40.77813,-73.97371,21046,Customer,1951,2
1020,2014-01-31 11:53:19,2014-01-31 12:10:19,52,E 33 St & 1 Ave,40.74402,-73.97196,47,E 20 St & Park Ave,40.73818,-73.98433,20098,Customer,1989,0
660,2014-01-31 11:45:21,2014-01-31 11:56:21,7,Washington Square E,40.73049,-73.99572,47,E 20 St & Park Ave,40.73818,-73.98433,22258,Subscriber,1953,1
1740,2014-01-31 08:19:00,2014-01-31 08:48:00,7,Washington Square E,40.73049,-73.99572,44,St James Pl & Pearl St,40.71117,-74.00016,22039,Customer,1960,1
1980,2014-01-31 18:34:56,2014-01-31 19:07:56,41,Grand St & Elizabeth St,40.7185,-73.9972,60,Columbus Ave & W 72 St,40.77813,-73.97371,20141,Subscriber,1963,2
1320,2014-01-31 12:26:45,2014-01-31 12:48:45,44,St James Pl & Pearl St,40.71117,-74.00016,33,Greenwich Ave & 8 Ave,40.73902,-74.00264,22175,Customer,1956,2
1860,2014-01-31 14:49:31,2014-01-31 15:20:31,47,E 20 St & Park Ave,40.73818,-73.98433,52,E 33 St & 1 Ave,40.74402,-73.97196,22789,Subscriber,1964,2
1920,2014-01-31 07:00:12,2014-01-31 07:32:12,33,Greenwich Ave & 8 Ave,40.73902,-74.00264,52,E 33 St & 1 Ave,40.74402,-73.97196,21018,Customer,1977,1
960,2014-01-31 17:00:03,2014-01-31 17:16:03,47,E 20 St & Park Ave,40.73818,-73.98433,33,Greenwich Ave & 8 Ave,40.73902,-74.00264,22552,Customer,1987,2
1920,2014-01-31 11:23:07,2014-01-31 11:55:07,44,St James Pl & Pearl St,40.71117,-74.00016,28,Stanton St & Chrystie St,40.72229,-73.99147,21778,Customer,2004,1
540,2014-01-31 18:19:03,2014-01-31 18:28:03,33,Greenwich Ave & 8 Ave,40.73902,-74.00264,47,E 20 St & Park Ave,40.73818,-73.98433,21713,Customer,1950,0
1500,2014-01-31 08:39:15,2014-01-31 09:04:15,41,Grand St & Elizabeth St,40.7185,-73.9972,44,St James Pl & Pearl St,40.71117,-74.00016,22351,Customer,1988,1
1020,2014-01-31 14:03:37,2014-01-31 14:20:37,47,E 20 St & Park Ave,40.73818,-73.98433,52,E 33 St & 1 Ave,40.74402,-73.97196,22669,Customer,1959,2
900,2014-01-31 07:54:14,2014-01-31 08:09:14,7,Washington Square E,40.73049,-73.99572,41,Grand St & Elizabeth St,40.7185,-73.9972,20418,Customer,1982,2
960,2014-01-31 09:15:40,2014-01-31 09:31:40,9,W 52 St & 9 Ave,40.7644,-73.9878,33,Greenwich Ave & 8 Ave,40.73902,-74.00264,20588,Subscriber,1957,2
2100,2014-01-31 18:36:23,2014-01-31 19:11:23,44,St James Pl & Pearl St,40.71117,-74.00016,28,Stanton St & Chrystie St,40.72229,-73.99147,21341,Subscriber,1980,0
600,2014-01-31 10:06:09,2014-01-31 10:16:09,7,Washington Square E,40.73049,-73.99572,41,Grand St & Elizabeth St,40.7185,-73.9972,22845,Customer,1951,0
780,2014-01-31 14:00:59,2014-01-31 14:13:59,33,Greenwich Ave & 8 Ave,40.73902,-74.00264,47,E 20 St & Park Ave,40.73818,-73.98433,20605,Customer,2003,1
660,2014-01-31 10:07:47,2014-01-31 10:18:47,28,Stanton St & Chrystie St,40.72229,-73.99147,33,Greenwich Ave & 8 Ave,40.73902,-74.00264,20757,Customer,1990,0
1440,2014-01-31 15:50:46,2014-01-31 16:14:46,33,Greenwich Ave & 8 Ave,40.73902,-74.00264,60,Columbus Ave & W 72 St,40.77813,-73.97371,22310,Subscriber,1974,2
1320,2014-01-31 09:38:52,2014-01-31 10:00:52,33,Greenwich Ave & 8 Ave,40.73902,-74.00264,44,St James Pl & Pearl St,40.71117,-74.00016,22028,Subscriber,1994,0
1920,2014-01-31 15:40:20,2014-01-31 16:12:20,47,E 20 St & Park Ave,40.73818,-73.98433,33,Greenwich Ave & 8 Ave,40.73902,-74.00264,20894,Subscriber,1991,2
720,2014-01-31 13:28:00,2014-01-31 13:40:00,52,E 33 St & 1 Ave,40.74402,-73.97196,9,W 52 St & 9 Ave,40.7644,-73.9878,20005,Customer,1999,0
960,2014-01-31 12:08:28,2014-01-31 12:24:28,8,Hudson St & Reade St,40.71534,-74.00915,33,Greenwich Ave & 8 Ave,40.73902,-74.00264,21527,Customer,1998,2
1080,2014-01-31 16:45:39,2014-01-31 17:03:39,47,E 20 St & Park Ave,40.73818,-73.98433,60,Columbus Ave & W 72 St,40.77813,-73.97371,22155,Customer,1987,2
960,2014-01-31 08:26:30,2014-01-31 08:42:30,9,W 52 St & 9 Ave,40.7644,-73.9878,33,Greenwich Ave & 8 Ave,40.73902,-74.00264,21679,Customer,1973,0
1380,2014-01-31 09:36:39,2014-01-31 09:59:39,44,St James Pl & Pearl St,40.71117,-74.00016,33,Greenwich Ave & 8 Ave,40.73902,-74.00264,20576,Customer,1968,0
540,2014-01-31 09:08:06,2014-01-31 09:17:06,47,E 20 St & Park Ave,40.73818,-73.98433,44,St James Pl & Pearl St,40.71117,-74.00016,20048,Subscriber,2001,1
660,2014-01-31 15:35:05,2014-01-31 15:46:05,47,E 20 St & Park Ave,40.73818,-73.98433,60,Columbus Ave & W 72 St,40.77813,-73.97371,22670,Customer,1967,2
1920,2014-01-31 10:14:34,2014-01-31 10:46:34,7,Washington Square E,40.73049,-73.99572,44,St James Pl & Pearl St,40.71117,-74.00016,20421,Subscriber,1972,1
660,2014-01-31 15:01:43,2014-01-31 15:12:43,33,Greenwich Ave & 8 Ave,40.73902,-74.00264,28,Stanton St & Chrystie St,40.72229,-73.99147,20870,Subscriber,1959,0
1980,2014-01-31 08:15:00,2014-01-31 08:48:00,7,Washington Square E,40.73049,-73.99572,28,Stanton St & Chrystie St,40.72229,-73.99147,22183,Customer,2003,2
540,2014-01-31 15:35:37,2014-01-31 15:44:37,47,E 20 St & Park Ave,40.73818,-73.98433,33,Greenwich Ave & 8 Ave,40.73902,-74.00264,20558,Subscriber,1995,2
780,2014-01-31 14:30:59,2014-01-31 14:43:59,44,St James Pl & Pearl St,40.71117,-74.00016,33,Greenwich Ave & 8 Ave,40.73902,-74.00264,22681,Customer,1955,0
1500,2014-01-31 17:31:31,2014-01-31 17:56:31,52,E 33 St & 1 Ave,40.74402,-73.97196,44,St James Pl & Pearl St,40.71117,-74.00016,21568,Customer,1984,0
1620,2014-01-31 16:41:53,2014-01-31 17:08:53,52,E 33 St & 1 Ave,40.74402,-73.97196,41,Grand St & Elizabeth St,40.7185,-73.9972,20631,Subscriber,2001,2
1320,2014-01-31 18:52:23,2014-01-31 19:14:23,41,Grand St & Elizabeth St,40.7185,-73.9972,33,Greenwich Ave & 8 Ave,40.73902,-74.00264,21461,Subscriber,1995,1
960,2014-01-31 08:08:15,2014-01-31 08:24:15,60,Columbus Ave & W 72 St,40.77813,-73.97371,33,Greenwich Ave & 8 Ave,40.73902,-74.00264,21175,Customer,1970,0
1980,2014-01-31 07:01:46,2014-01-31 07:34:46,33,Greenwich Ave & 8 Ave,40.73902,-74.00264,41,Grand St & Elizabeth St,40.7185,-73.9972,20382,Subscriber,1958,1
1260,2014-01-31 11:08:59,2014-01-31 11:29:59,44,St James Pl & Pearl St,40.71117,-74.00016,41,Grand St & Elizabeth St,40.7185,-73.9972,20134,Subscriber,1974,0
1080,2014-01-31 09:05:43,2014-01-31 09:23:43,28,Stanton St & Chrystie St,40.72229,-73.99147,47,E 20 St & Park Ave,40.73818,-73.98433,22580,Subscriber,1972,2
1440,2014-01-31 08:00:20,2014-01-31 08:24:20,44,St James Pl & Pearl St,40.71117,-74.00016,28,Stanton St & Chrystie St,40.72229,-73.99147,21031,Customer,1953,2
540,2014-01-31 15:35:09,2014-01-31 15:44:09,7,Washington Square E,40.73049,-73.99572,41,Grand St & Elizabeth St,40.7185,-73.9972,22514,Subscriber,1991,1
1680,2014-01-31 15:51:05,2014-01-31 16:19:05,33,Greenwich Ave & 8 Ave,40.73902,-74.00264,52,E 33 St & 1 Ave,40.74402,-73.97196,20882,Customer,1975,0
540,2014-01-31 15:59:33,2014-01-31 16:08:33,60,Columbus Ave & W 72 St,40.77813,-73.97371,28,Stanton St & Chrystie St,40.72229,-73.99147,20282,Customer,1959,0
780,2014-01-31 17:09:56,2014-01-31 17:22:56,44,St James Pl & Pearl St,40.71117,-74.00016,52,E 33 St & 1 Ave,40.74402,-73.97196,21436,Subscriber,1974,1
2040,2014-01-31 12:53:31,2014-01-31 13:27:31,33,Greenwich Ave & 8 Ave,40.73902,-74.00264,47,E 20 St & Park Ave,40.73818,-73.98433,20711,Customer,1978,1
2100,2014-01-31 16:58:55,2014-01-31 17:33:55,33,Greenwich Ave & 8 Ave,40.73902,-74.00264,41,Grand St & Elizabeth St,40.7185,-73.9972,22071,Customer,1965,2
480,2014-01-31 11:27:19,2014-01-31 11:35:19,28,Stanton St & Chrystie St,40.72229,-73.99147,47,E 20 St & Park Ave,40.73818,-73.98433,20506,Subscriber,2003,2
1320,2014-01-31 17:56:32,2014-01-31 18:18:32,60,Columbus Ave & W 72 St,40.77813,-73.97371,28,Stanton St & Chrystie St,40.72229,-73.99147,22096,Subscriber,1982,1
600,2014-01-31 12:51:20,2014-01-31 13:01:20,47,E 20 St & Park Ave,40.73818,-73.98433,33,Greenwich Ave & 8 Ave,40.73902,-74.00264,21431,Customer,1960,1
780,2014-01-31 10:57:41,2014-01-31 11:10:41,7,Washington Square E,40.73049,-73.99572,41,Grand St & Elizabeth St,40.7185,-73.9972,20997,Customer,1985,2
1140,2014-01-31 17:36:25,2014-01-31 17:55:25,47,E 20 St & Park Ave,40.73818,-73.98433,28,Stanton St & Chrystie St,40.72229,-73.99147,21652,Customer,1950,1
1380,2014-01-31 12:15:36,2014-01-31 12:38:36,28,Stanton St & Chrystie St,40.72229,-73.99147,60,Columbus Ave & W 72 St,40.77813,-73.97371,21947,Customer,1966,0
1440,2014-01-31 09:30:51,2014-01-31 09:54:51,47,E 20 St & Park Ave,40.73818,-73.98433,44,St James Pl & Pearl St,40.71117,-74.00016,21536,Customer,1960,1
1740,2014-01-31 17:19:25,2014-01-31 17:48:25,7,Washington Square E,40.73049,-73.99572,41,Grand St & Elizabeth St,40.7185,-73.9972,21160,Subscriber,1972,2
840,2014-01-31 13:49:23,2014-01-31 14:03:23,44,St James Pl & Pearl St,40.71117,-74.00016,60,Columbus Ave & W 72 St,40.77813,-73.97371,22332,Customer,1970,2
2100,2014-01-31 08:34:55,2014-01-31 09:09:55,44,St James Pl & Pearl St,40.71117,-74.00016,28,Stanton St & Chrystie St,40.72229,-73.99147,22879,Subscriber,1984,2
2100,2014-01-31 12:56:02,2014-01-31 13:31:02,52,E 33 St & 1 Ave,40.74402,-73.97196,33,Greenwich Ave & 8 Ave,40.73902,-74.00264,20483,Subscriber,1979,0
1080,2014-01-31 10:32:29,2014-01-31 10:50:29,52,E 33 St & 1 Ave,40.74402,-73.97196,41,Grand St & Elizabeth St,40.7185,-73.9972,20901,Subscriber,1978,1
540,2014-01-31 17:16:33,2014-01-31 17:25:33,8,Hudson St & Reade St,40.71534,-74.00915,60,Columbus Ave & W 72 St,40.77813,-73.97371,21196,Subscriber,2003,0
1920,2014-01-31 15:36:35,2014-01-31 16:08:35,9,W 52 St & 9 Ave,40.7644,-73.9878,47,E 20 St & Park Ave,40.73818,-73.98433,20906,Customer,1973,0
960,2014-01-31 12:49:45,2014-01-31 13:05:45,41,Grand St & Elizabeth St,40.7185,-73.9972,47,E 20 St & Park Ave,40.73818,-73.98433,20399,Customer,1973,1
780,2014-01-31 07:07:50,2014-01-31 07:20:50,9,W 52 St & 9 Ave,40.7644,-73.9878,60,Columbus Ave & W 72 St,40.77813,-73.97371,21066,Customer,1989,2
480,2014-01-31 09:39:40,2014-01-31 09:47:40,7,Washington Square E,40.73049,-73.99572,41,Grand St & Elizabeth St,40.7185,-73.9972,21416,Subscriber,1961,0
360,2014-01-31 17:11:08,2014-01-31 17:17:08,60,Columbus Ave & W 72 St,40.77813,-73.97371,28,Stanton St & Chrystie St,40.72229,-73.99147,22660,Customer,1960,2
1800,2014-01-31 13:43:19,2014-01-31 14:13:19,33,Greenwich Ave & 8 Ave,40.73902,-74.00264,52,E 33 St & 1 Ave,40.74402,-73.97196,22704,Customer,1979,1
1440,2014-01-31 08:39:09,2014-01-31 09:03:09,7,Washington Square E,40.73049,-73.99572,52,E 33 St & 1 Ave,40.74402,-73.97196,22159,Customer,1999,2
1440,2014-01-31 09:12:47,2014-01-31 09:36:47,8,Hudson St & Reade St,40.71534,-74.00915,60,Columbus Ave & W 72 St,40.77813,-73.97371,22100,Customer,1979,2
1620,2014-01-31 12:40:47,2014-01-31 13:07:47,41,Grand St & Elizabeth St,40.7185,-73.9972,28,Stanton St & Chrystie St,40.72229,-73.99147,22199,Subscriber,1992,2
1320,2014-01-31 18:38:23,2014-01-31 19:00:23,47,E 20 St & Park Ave,40.73818,-73.98433,41,Grand St & Elizabeth St,40.7185,-73.9972,21725,Customer,1962,0
1320,2014-01-31 14:21:52,2014-01-31 14:43:52,41,Grand St & Elizabeth St,40.7185,-73.9972,47,E 20 St & Park Ave,40.73818,-73.98433,20365,Customer,1979,2
660,2014-01-31 17:08:54,2014-01-31 17:19:54,44,St James Pl & Pearl St,40.71117,-74.00016,52,E 33 St & 1 Ave,40.74402,-73.97196,22372,Customer,1986,0
420,2014-01-31 09:53:36,2014-01-31 10:00:36,44,St James Pl & Pearl St,40.71117,-74.00016,52,E 33 St & 1 Ave,40.74402,-73.97196,20192,Customer,1969,1
720,2014-01-31 18:12:30,2014-01-31 18:24:30,33,Greenwich Ave & 8 Ave,40.73902,-74.00264,41,Grand St & Elizabeth St,40.7185,-73.9972,21701,Customer,1984,0
2040,2014-01-31 11:46:51,2014-01-31 12:20:51,33,Greenwich Ave & 8 Ave,40.73902,-74.00264,28,Stanton St & Chrystie St,40.72229,-73.99147,22582,Subscriber,2002,1
480,2014-01-31 07:52:25,2014-01-31 08:00:25,60,Columbus Ave & W 72 St,40.77813,-73.97371,52,E 33 St & 1 Ave,40.74402,-73.97196,22818,Customer,1974,2
1500,2014-01-31 17:02:30,2014-01-31 17:27:30,47,E 20 St & Park Ave,40.73818,-73.98433,28,Stanton St & Chrystie St,40.72229,-73.99147,22924,Subscriber,1984,2
1200,2014-01-31 14:11:22,2014-01-31 14:31:22,52,E 33 St & 1 Ave,40.74402,-73.97196,60,Columbus Ave & W 72 St,40.77813,-73.97371,21265,Customer,1965,0
960,2014-01-31 16:02:20,2014-01-31 16:18:20,7,Washington Square E,40.73049,-73.99572,44,St James Pl & Pearl St,40.71117,-74.00016,20763,Customer,1994,2
480,2014-01-31 12:25:29,2014-01-31 12:33:29,28,Stanton St & Chrystie St,40.72229,-73.99147,41,Grand St & Elizabeth St,40.7185,-73.9972,20099,Customer,1991,1
2040,2014-01-31 07:45:35,2014-01-31 08:19:35,9,W 52 St & 9 Ave,40.7644,-73.9878,47,E 20 St & Park Ave,40.73818,-73.98433,20262,Customer,2003,1
1140,2014-01-31 10:27:27,2014-01-31 10:46:27,60,Columbus Ave & W 72 St,40.77813,-73.97371,41,Grand St & Elizabeth St,40.7185,-73.9972,22413,Subscriber,1995,0
1800,2014-01-31 14:45:23,2014-01-31 15:15:23,41,Grand St & Elizabeth St,40.7185,-73.9972,52,E 33 St & 1 Ave,40.74402,-73.97196,20953,Customer,1999,2
1620,2014-01-31 15:04:24,2014-01-31 15:31:24,44,St James Pl & Pearl St,40.71117,-74.00016,28,Stanton St & Chrystie St,40.72229,-73.99147,20690,Customer,1992,2
1800,2014-01-31 15:19:28,2014-01-31 15:49:28,41,Grand St & Elizabeth St,40.7185,-73.9972,28,Stanton St & Chrystie St,40.72229,-73.99147,21446,Customer,1957,1
1740,2014-01-31 15:54:47,2014-01-31 16:23:47,33,Greenwich Ave & 8 Ave,40.73902,-74.00264,41,Grand St & Elizabeth St,40.7185,-73.9972,20666,Customer,1958,1
600,2014-01-31 13:20:07,2014-01-31 13:30:07,60,Columbus Ave & W 72 St,40.77813,-73.97371,52,E 33 St & 1 Ave,40.74402,-73.97196,21060,Subscriber,1970,2
1080,2014-01-31 17:02:39,2014-01-31 17:20:39,47,E 20 St & Park Ave,40.73818,-73.98433,44,St James Pl & Pearl St,40.71117,-74.00016,20488,Customer,1979,2
1020,2014-01-31 09:33:47,2014-01-31 09:50:47,33,Greenwich Ave & 8 Ave,40.73902,-74.00264,28,Stanton St & Chrystie St,40.72229,-73.99147,20804,Subscriber,1968,2
480,2014-01-31 13:11:58,2014-01-31 13:19:58,33,Greenwich Ave & 8 Ave,40.73902,-74.00264,44,St James Pl & Pearl St,40.71117,-74.00016,22656,Customer,1967,0
1320,2014-01-31 18:19:24,2014-01-31 18:41:24,47,E 20 St & Park Ave,40.73818,-73.98433,60,Columbus Ave & W 72 St,40.77813,-73.97371,20669,Subscriber,1994,2
1080,2014-01-31 14:25:05,2014-01-31 14:43:05,33,Greenwich Ave & 8 Ave,40.73902,-74.00264,60,Columbus Ave & W 72 St,40.77813,-73.97371,22333,Subscriber,1997,0
1980,2014-01-31 10:30:36,2014-01-31 11:03:36,41,Grand St & Elizabeth St,40.7185,-73.9972,52,E 33 St & 1 Ave,40.74402,-73.97196,22389,Customer,1962,0
1020,2014-01-31 14:41:19,2014-01-31 14:58:19,60,Columbus Ave & W 72 St,40.77813,-73.97371,33,Greenwich Ave & 8 Ave,40.73902,-74.00264,20593,Subscriber,1953,2
1740,2014-01-31 12:14:30,2014-01-31 12:43:30,60,Columbus Ave & W 72 St,40.77813,-73.97371,44,St James Pl & Pearl St,40.71117,-74.00016,22895,Customer,1983,0
1980,2014-01-31 09:04:06,2014-01-31 09:37:06,47,E 20 St & Park Ave,40.73818,-73.98433,44,St James Pl & Pearl St,40.71117,-74.00016,22268,Subscriber,1989,1
780,2014-01-31 12:24:18,2014-01-31 12:37:18,44,St James Pl & Pearl St,40.71117,-74.00016,47,E 20 St & Park Ave,40.73818,-73.98433,22055,Subscriber,1995,2
960,2014-01-31 15:50:11,2014-01-31 16:06:11,9,W 52 St & 9 Ave,40.7644,-73.9878,41,Grand St & Elizabeth St,40.7185,-73.9972,22838,Customer,1956,2
720,2014-01-31 11:46:08,2014-01-31 11:58:08,28,Stanton St & Chrystie St,40.72229,-73.99147,52,E 33 St & 1 Ave,40.74402,-73.97196,22222,Subscriber,1961,0
1020,2014-01-31 12:47:14,2014-01-31 13:04:14,9,W 52 St & 9 Ave,40.7644,-73.9878,28,Stanton St & Chrystie St,40.72229,-73.99147,21635,Customer,1982,2
660,2014-01-31 08:21:16,2014-01-31 08:32:16,28,Stanton St & Chrystie St,40.72229,-73.99147,52,E 33 St & 1 Ave,40.74402,-73.97196,20983,Subscriber,2002,1
1080,2014-01-31 14:55:12,2014-01-31 15:13:12,28,Stanton St & Chrystie St,40.72229,-73.99147,52,E 33 St & 1 Ave,40.74402,-73.97196,21877,Subscriber,1967,1
1920,2014-01-31 11:09:53,2014-01-31 11:41:53,60,Columbus Ave & W 72 St,40.77813,-73.97371,33,Greenwich Ave & 8 Ave,40.73902,-74.00264,22846,Customer,1960,2
420,2014-01-31 12:58:20,2014-01-31 13:05:20,28,Stanton St & Chrystie St,40.72229,-73.99147,60,Columbus Ave & W 72 St,40.77813,-73.97371,21683,Customer,1993,2
1860,2014-01-31 09:13:53,2014-01-31 09:44:53,52,E 33 St & 1 Ave,40.74402,-73.97196,33,Greenwich Ave & 8 Ave,40.73902,-74.00264,22592,Customer,1981,0
1680,2014-01-31 08:27:02,2014-01-31 08:55:02,44,St James Pl & Pearl St,40.71117,-74.00016,41,Grand St & Elizabeth St,40.7185,-73.9972,21727,Subscriber,1955,0
1800,2014-01-31 13:14:10,2014-01-31 13:44:10,7,Washington Square E,40.73049,-73.99572,33,Greenwich Ave & 8 Ave,40.73902,-74.00264,21912,Subscriber,1997,0
1380,2014-01-31 11:43:39,2014-01-31 12:06:39,52,E 33 St & 1 Ave,40.74402,-73.97196,33,Greenwich Ave & 8 Ave,40.73902,-74.00264,21994,Subscriber,1996,1
1860,2014-01-31 08:21:01,2014-01-31 08:52:01,7,Washington Square E,40.73049,-73.99572,44,St James Pl & Pearl St,40.71117,-74.00016,21607,Subscriber,1984,1
2100,2014-01-31 12:08:31,2014-01-31 12:43:31,47,E 20 St & Park Ave,40.73818,-73.98433,60,Columbus Ave & W 72 St,40.77813,-73.97371,20327,Customer,1953,0
480,2014-01-31 13:28:01,2014-01-31 13:36:01,44,St James Pl & Pearl St,40.71117,-74.00016,60,Columbus Ave & W 72 St,40.77813,-73.97371,20664,Customer,1976,0
1740,2014-01-31 17:58:00,2014-01-31 18:27:00,47,E 20 St & Park Ave,40.73818,-73.98433,44,St James Pl & Pearl St,40.71117,-74.00016,20524,Subscriber,1950,2
480,2014-01-31 16:09:35,2014-01-31 16:17:35,60,Columbus Ave & W 72 St,40.77813,-73.97371,47,E 20 St & Park Ave,40.73818,-73.98433,22287,Customer,2004,1
540,2014-01-31 16:21:51,2014-01-31 16:30:51,44,St James Pl & Pearl St,40.71117,-74.00016,60,Columbus Ave & W 72 St,40.77813,-73.97371,20967,Subscriber,1966,1
1860,2014-01-31 09:29:42,2014-01-31 10:00:42,33,Greenwich Ave & 8 Ave,40.73902,-74.00264,28,Stanton St & Chrystie St,40.72229,-73.99147,22796,Customer,1977,2
900,2014-01-31 09:40:59,2014-01-31 09:55:59,47,E 20 St & Park Ave,40.73818,-73.98433,33,Greenwich Ave & 8 Ave,40.73902,-74.00264,22364,Customer,1977,1
2100,2014-01-31 17:22:12,2014-01-31 17:57:12,52,E 33 St & 1 Ave,40.74402,-73.97196,60,Columbus Ave & W 72 St,40.77813,-73.97371,20116,Subscriber,1953,1
420,2014-01-31 10:23:59,2014-01-31 10:30:59,47,E 20 St & Park Ave,40.73818,-73.98433,44,St James Pl & Pearl St,40.71117,-74.00016,22773,Subscriber,1981,0
780,2014-01-31 07:31:26,2014-01-31 07:44:26,8,Hudson St & Reade St,40.71534,-74.00915,47,E 20 St & Park Ave,40.73818,-73.98433,21750,Customer,1957,2
1080,2014-01-31 07:39:39,2014-01-31 07:57:39,28,Stanton St & Chrystie St,40.72229,-73.99147,60,Columbus Ave & W 72 St,40.77813,-73.97371,20910,Customer,1987,0
2040,2014-01-31 09:58:22,2014-01-31 10:32:22,52,E 33 St & 1 Ave,40.74402,-73.97196,44,St James Pl & Pearl St,40.71117,-74.00016,22232,Customer,2003,1
960,2014-01-31 07:38:13,2014-01-31 07:54:13,41,Grand St & Elizabeth St,40.7185,-73.9972,52,E 33 St & 1 Ave,40.74402,-73.97196,20022,Customer,1979,1
1980,2014-01-31 16:07:59,2014-01-31 16:40:59,44,St James Pl & Pearl St,40.71117,-74.00016,41,Grand St & Elizabeth St,40.7185,-73.9972,22743,Customer,1963,2
1680,2014-01-31 18:31:42,2014-01-31 18:59:42,47,E 20 St & Park Ave,40.73818,-73.98433,44,St James Pl & Pearl St,40.71117,-74.00016,20165,Customer,1968,0
1020,2014-01-31 10:05:19,2014-01-31 10:22:19,9,W 52 St & 9 Ave,40.7644,-73.9878,52,E 33 St & 1 Ave,40.74402,-73.97196,22425,Subscriber,2001,0
1920,2014-01-31 15:34:19,2014-01-31 16:06:19,9,W 52 St & 9 Ave,40.7644,-73.9878,33,Greenwich Ave & 8 Ave,40.73902,-74.00264,20738,Customer,1996,0
1800,2014-01-31 15:34:41,2014-01-31 16:04:41,9,W 52 St & 9 Ave,40.7644,-73.9878,47,E 20 St & Park Ave,40.73818,-73.98433,22634,Subscriber,1978,0
840,2014-01-31 17:43:37,2014-01-31 17:57:37,7,Washington Square E,40.73049,-73.99572,41,Grand St & Elizabeth St,40.7185,-73.9972,22024,Customer,1986,0
780,2014-01-31 09:11:20,2014-01-31 09:24:20,47,E 20 St & Park Ave,40.73818,-73.98433,28,Stanton St & Chrystie St,40.72229,-73.99147,21140,Customer,1952,2
1560,2014-01-31 07:17:52,2014-01-31 07:43:52,8,Hudson St & Reade St,40.71534,-74.00915,60,Columbus Ave & W 72 St,40.77813,-73.97371,20070,Customer,1959,1
1200,2014-01-31 17:54:16,2014-01-31 18:14:16,60,Columbus Ave & W 72 St,40.77813,-73.97371,47,E 20 St & Park Ave,40.73818,-73.98433,20548,Subscriber,1955,2
1980,2014-01-31 09:40:11,2014-01-31 10:13:11,33,Greenwich Ave & 8 Ave,40.73902,-74.00264,52,E 33 St & 1 Ave,40.74402,-73.97196,20552,Customer,1969,1
540,2014-01-31 16:12:17,2014-01-31 16:21:17,41,Grand St & Elizabeth St,40.7185,-73.9972,52,E 33 St & 1 Ave,40.74402,-73.97196,20979,Customer,1976,0
1140,2014-01-31 12:18:23,2014-01-31 12:37:23,47,E 20 St & Park Ave,40.73818,-73.98433,41,Grand St & Elizabeth St,40.7185,-73.9972,21059,Customer,1967,2
720,2014-01-31 09:37:12,2014-01-31 09:49:12,7,Washington Square E,40.73049,-73.99572,33,Greenwich Ave & 8 Ave,40.73902,-74.00264,21308,Customer,1972,2
1740,2014-01-31 12:43:58,2014-01-31 13:12:58,9,W 52 St & 9 Ave,40.7644,-73.9878,52,E 33 St & 1 Ave,40.74402,-73.97196,20039,Subscriber,1988,1
1740,2014-01-31 08:16:16,2014-01-31 08:45:16,44,St James Pl & Pearl St,40.71117,-74.00016,33,Greenwich Ave & 8 Ave,40.73902,-74.00264,22555,Subscriber,1971,0
720,2014-01-31 12:40:42,2014-01-31 12:52:42,41,Grand St & Elizabeth St,40.7185,-73.9972,44,St James Pl & Pearl St,40.71117,-74.00016,20423,Customer,1986,1
900,2014-01-31 18:28:46,2014-01-31 18:43:46,52,E 33 St & 1 Ave,40.74402,-73.97196,44,St James Pl & Pearl St,40.71117,-74.00016,21269,Subscriber,1999,0
780,2014-01-31 08:44:05,2014-01-31 08:57:05,28,Stanton St & Chrystie St,40.72229,-73.99147,47,E 20 St & Park Ave,40.73818,-73.98433,21283,Subscriber,1956,2
660,2014-01-31 08:05:02,2014-01-31 08:16:02,41,Grand St & Elizabeth St,40.7185,-73.9972,28,Stanton St & Chrystie St,40.72229,-73.99147,20575,Customer,2000,1
480,2014-01-31 13:09:51,2014-01-31 13:17:51,7,Washington Square E,40.73049,-73.99572,47,E 20 St & Park Ave,40.73818,-73.98433,20712,Subscriber,1999,2
1140,2014-01-31 12:05:40,2014-01-31 12:24:40,47,E 20 St & Park Ave,40.73818,-73.98433,33,Greenwich Ave & 8 Ave,40.73902,-74.00264,20675,Customer,2004,2
1200,2014-01-31 09:15:16,2014-01-31 09:35:16,41,Grand St & Elizabeth St,40.7185,-73.9972,52,E 33 St & 1 Ave,40.74402,-73.97196,21836,Customer,1956,2
540,2014-01-31 14:27:30,2014-01-31 14:36:30,7,Washington Square E,40.73049,-73.99572,33,Greenwich Ave & 8 Ave,40.73902,-74.00264,21277,Subscriber,1950,1
840,2014-01-31 10:46:29,2014-01-31 11:00:29,9,W 52 St & 9 Ave,40.7644,-73.9878,47,E 20 St & Park Ave,40.73818,-73.98433,20601,Customer,1997,0
1020,2014-01-31 14:24:03,2014-01-31 14:41:03,41,Grand St & Elizabeth St,40.7185,-73.9972,47,E 20 St & Park Ave,40.73818,-73.98433,21349,Subscriber,2004,2
840,2014-01-31 12:24:39,2014-01-31 12:38:39,28,Stanton St & Chrystie St,40.72229,-73.99147,41,Grand St & Elizabeth St,40.7185,-73.9972,21647,Customer,1952,2
780,2014-01-31 18:51:56,2014-01-31 19:04:56,60,Columbus Ave & W 72 St,40.77813,-73.97371,33,Greenwich Ave & 8 Ave,40.73902,-74.00264,20345,Subscriber,1991,1
780,2014-01-31 07:21:26,2014-01-31 07:34:26,52,E 33 St & 1 Ave,40.74402,-73.97196,47,E 20 St & Park Ave,40.73818,-73.98433,22602,Subscriber,1976,2
1440,2014-01-31 09:54:25,2014-01-31 10:18:25,8,Hudson St & Reade St,40.71534,-74.00915,44,St James Pl & Pearl St,40.71117,-74.00016,20984,Customer,1993,2
1140,2014-01-31 10:27:05,2014-01-31 10:46:05,9,W 52 St & 9 Ave,40.7644,-73.9878,52,E 33 St & 1 Ave,40.74402,-73.97196,20133,Subscriber,1995,1
720,2014-01-31 16:21:22,2014-01-31 16:33:22,8,Hudson St & Reade St,40.71534,-74.00915,33,Greenwich Ave & 8 Ave,40.73902,-74.00264,20175,Subscriber,1966,2
660,2014-01-31 13:02:33,2014-01-31 13:13:33,7,Washington Square E,40.73049,-73.99572,44,St James Pl & Pearl St,40.71117,-74.00016,20508,Customer,1956,1
1320,2014-01-31 10:29:10,2014-01-31 10:51:10,41,Grand St & Elizabeth St,40.7185,-73.9972,47,E 20 St & Park Ave,40.73818,-73.98433,20829,Customer,1951,2
840,2014-01-31 11:58:34,2014-01-31 12:12:34,28,Stanton St & Chrystie St,40.72229,-73.99147,47,E 20 St & Park Ave,40.73818,-73.98433,22378,Subscriber,1997,1
360,2014-01-31 08:24:04,2014-01-31 08:30:04,8,Hudson St & Reade St,40.71534,-74.00915,44,St James Pl & Pearl St,40.71117,-74.00016,21799,Subscriber,1958,0
1980,2014-01-31 07:22:49,2014-01-31 07:55:49,33,Greenwich Ave & 8 Ave,40.73902,-74.00264,44,St James Pl & Pearl St,40.71117,-74.00016,21822,Subscriber,1950,1
1680,2014-01-31 08:30:52,2014-01-31 08:58:52,41,Grand St & Elizabeth St,40.7185,-73.9972,44,St James Pl & Pearl St,40.71117,-74.00016,21415,Customer,1967,2
780,2014-01-31 09:35:39,2014-01-31 09:48:39,44,St James Pl & Pearl St,40.71117,-74.00016,41,Grand St & Elizabeth St,40.7185,-73.9972,22544,Subscriber,1964,2
1800,2014-01-31 14:53:08,2014-01-31 15:23:08,7,Washington Square E,40.73049,-73.99572,47,E 20 St & Park Ave,40.73818,-73.98433,20521,Customer,1980,2
720,2014-01-31 13:14:49,2014-01-31 13:26:49,47,E 20 St & Park Ave,40.73818,-73.98433,28,Stanton St & Chrystie St,40.72229,-73.99147,21816,Customer,1985,2
1380,2014-01-31 08:05:15,2014-01-31 08:28:15,60,Columbus Ave & W 72 St,40.77813,-73.97371,33,Greenwich Ave & 8 Ave,40.73902,-74.00264,22723,Customer,1952,1
1740,2014-01-31 14:43:53,2014-01-31 15:12:53,44,St James Pl & Pearl St,40.71117,-74.00016,41,Grand St & Elizabeth St,40.7185,-73.9972,20977,Subscriber,1957,1
1680,2014-01-31 11:49:45,2014-01-31 12:17:45,47,E 20 St & Park Ave,40.73818,-73.98433,33,Greenwich Ave & 8 Ave,40.73902,-74.00264,21382,Customer,1958,2
1920,2014-01-31 10:00:48,2014-01-31 10:32:48,47,E 20 St & Park Ave,40.73818,-73.98433,44,St James Pl & Pearl St,40.71117,-74.00016,21489,Customer,1992,2
480,2014-01-31 12:31:01,2014-01-31 12:39:01,47,E 20 St & Park Ave,40.73818,-73.98433,28,Stanton St & Chrystie St,40.72229,-73.99147,20363,Customer,1994,0
1740,2014-01-31 11:31:12,2014-01-31 12:00:12,60,Columbus Ave & W 72 St,40.77813,-73.97371,44,St James Pl & Pearl St,40.71117,-74.00016,22534,Customer,1981,2
420,2014-01-31 18:37:51,2014-01-31 18:44:51,7,Washington Square E,40.73049,-73.99572,41,Grand St & Elizabeth St,40.7185,-73.9972,22193,Customer,1970,0
780,2014-01-31 10:14:10,2014-01-31 10:27:10,44,St James Pl & Pearl St,40.71117,-74.00016,41,Grand St & Elizabeth St,40.7185,-73.9972,21645,Customer,1963,2
1200,2014-01-31 08:36:10,2014-01-31 08:56:10,7,Washington Square E,40.73049,-73.99572,33,Greenwich Ave & 8 Ave,40.73902,-74.00264,22471,Customer,1995,0
1740,2014-01-31 15:54:49,2014-01-31 16:23:49,9,W 52 St & 9 Ave,40.7644,-73.9878,47,E 20 St & Park Ave,40.73818,-73.98433,21578,Customer,1997,1
1620,2014-01-31 13:37:09,2014-01-31 14:04:09,60,Columbus Ave & W 72 St,40.77813,-73.97371,47,E 20 St & Park Ave,40.73818,-73.98433,22560,Subscriber,1954,2
540,2014-01-31 09:42:09,2014-01-31 09:51:09,8,Hudson St & Reade St,40.71534,-74.00915,47,E 20 St & Park Ave,40.73818,-73.98433,20372,Customer,1993,1
2040,2014-01-31 09:10:10,2014-01-31 09:44:10,8,Hudson St & Reade St,40.71534,-74.00915,28,Stanton St & Chrystie St,40.72229,-73.99147,22376,Subscriber,1985,2
1800,2014-01-31 15:07:22,2014-01-31 15:37:22,60,Columbus Ave & W 72 St,40.77813,-73.97371,28,Stanton St & Chrystie St,40.72229,-73.99147,21374,Customer,1979,0
2100,2014-01-31 11:57:14,2014-01-31 12:32:14,8,Hudson St & Reade St,40.71534,-74.00915,41,Grand St & Elizabeth St,40.7185,-73.9972,22486,Subscriber,1984,0
1080,2014-01-31 11:06:35,2014-01-31 11:24:35,44,St James Pl & Pearl St,40.71117,-74.00016,41,Grand St & Elizabeth St,40.7185,-73.9972,21106,Subscriber,1985,0
360,2014-01-31 12:03:11,2014-01-31 12:09:11,52,E 33 St & 1 Ave,40.74402,-73.97196,33,Greenwich Ave & 8 Ave,40.73902,-74.00264,21863,Customer,1976,0
480,2014-01-31 13:13:22,2014-01-31 13:21:22,44,St James Pl & Pearl St,40.71117,-74.00016,60,Columbus Ave & W 72 St,40.77813,-73.97371,22476,Subscriber,1988,0
600,2014-01-31 13:04:55,2014-01-31 13:14:55,8,Hudson St & Reade St,40.71534,-74.00915,60,Columbus Ave & W 72 St,40.77813,-73.97371,20532,Subscriber,1973,0
1680,2014-01-31 08:06:27,2014-01-31 08:34:27,47,E 20 St & Park Ave,40.73818,-73.98433,52,E 33 St & 1 Ave,40.74402,-73.97196,20191,Customer,1987,1
780,2014-01-31 16:58:57,2014-01-31 17:11:57,60,Columbus Ave & W 72 St,40.77813,-73.97371,47,E 20 St & Park Ave,40.73818,-73.98433,21807,Subscriber,1979,0
900,2014-01-31 14:26:08,2014-01-31 14:41:08,33,Greenwich Ave & 8 Ave,40.73902,-74.00264,28,Stanton St & Chrystie St,40.72229,-73.99147,21421,Subscriber,1978,0
2040,2014-01-31 13:43:05,2014-01-31 14:17:05,47,E 20 St & Park Ave,40.73818,-73.98433,41,Grand St & Elizabeth St,40.7185,-73.9972,21492,Customer,1980,0
1500,2014-01-31 17:22:51,2014-01-31 17:47:51,60,Columbus Ave & W 72 St,40.77813,-73.97371,33,Greenwich Ave & 8 Ave,40.73902,-74.00264,20884,Subscriber,1992,0
1440,2014-01-31 12:09:54,2014-01-31 12:33:54,28,Stanton St & Chrystie St,40.72229,-73.99147,41,Grand St & Elizabeth St,40.7185,-73.9972,21167,Subscriber,2005,1
1260,2014-01-31 07:15:11,2014-01-31 07:36:11,9,W 52 St & 9 Ave,40.7644,-73.9878,28,Stanton St & Chrystie St,40.72229,-73.99147,20886,Customer,1999,2
1140,2014-01-31 15:43:24,2014-01-31 16:02:24,52,E 33 St & 1 Ave,40.74402,-73.97196,60,Columbus Ave & W 72 St,40.77813,-73.97371,21062,Customer,1994,2
1440,2014-01-31 08:46:49,2014-01-31 09:10:49,44,St James Pl & Pearl St,40.71117,-74.00016,33,Greenwich Ave & 8 Ave,40.73902,-74.00264,22639,Customer,1999,2
780,2014-01-31 10:19:28,2014-01-31 10:32:28,33,Greenwich Ave & 8 Ave,40.73902,-74.00264,28,Stanton St & Chrystie St,40.72229,-73.99147,22353,Subscriber,1969,0
360,2014-01-31 09:48:00,2014-01-31 09:54:00,47,E 20 St & Park Ave,40.73818,-73.98433,41,Grand St & Elizabeth St,40.7185,-73.9972,21260,Subscriber,1980,1
960,2014-01-31 13:25:40,2014-01-31 13:41:40,41,Grand St & Elizabeth St,40.7185,-73.9972,47,E 20 St & Park Ave,40.73818,-73.98433,22776,Customer,1977,0
360,2014-01-31 08:44:45,2014-01-31 08:50:45,41,Grand St & Elizabeth St,40.7185,-73.9972,47,E 20 St & Park Ave,40.73818,-73.98433,22747,Customer,1969,1
1620,2014-01-31 10:27:17,2014-01-31 10:54:17,47,E 20 St & Park Ave,40.73818,-73.98433,28,Stanton St & Chrystie St,40.72229,-73.99147,22449,Subscriber,1950,0
2040,2014-01-31 15:07:04,2014-01-31 15:41:04,33,Greenwich Ave & 8 Ave,40.73902,-74.00264,28,Stanton St & Chrystie St,40.72229,-73.99147,20426,Customer,1987,2
1380,2014-01-31 15:02:15,2014-01-31 15:25:15,28,Stanton St & Chrystie St,40.72229,-73.99147,33,Greenwich Ave & 8 Ave,40.73902,-74.00264,20834,Customer,2001,1
1260,2014-01-31 15:03:29,2014-01-31 15:24:29,28,Stanton St & Chrystie St,40.72229,-73.99147,47,E 20 St & Park Ave,40.73818,-73.98433,22682,Customer,1986,1
2040,2014-01-31 14:11:48,2014-01-31 14:45:48,33,Greenwich Ave & 8 Ave,40.73902,-74.00264,41,Grand St & Elizabeth St,40.7185,-73.9972,21709,Customer,1961,0
1380,2014-01-31 07:37:11,2014-01-31 08:00:11,60,Columbus Ave & W 72 St,40.77813,-73.97371,33,Greenwich Ave & 8 Ave,40.73902,-74.00264,22254,Subscriber,1974,2
1920,2014-01-31 17:23:54,2014-01-31 17:55:54,52,E 33 St & 1 Ave,40.74402,-73.97196,60,Columbus Ave & W 72 St,40.77813,-73.97371,20152,Customer,1994,2
1500,2014-01-31 18:37:16,2014-01-31 19:02:16,44,St James Pl & Pearl St,40.71117,-74.00016,52,E 33 St & 1 Ave,40.74402,-73.97196,22853,Subscriber,2001,0
1560,2014-01-31 11:11:49,2014-01-31 11:37:49,7,Washington Square E,40.73049,-73.99572,52,E 33 St & 1 Ave,40.74402,-73.97196,20254,Subscriber,2002,2
780,2014-01-31 12:26:54,2014-01-31 12:39:54,7,Washington Square E,40.73049,-73.99572,52,E 33 St & 1 Ave,40.74402,-73.97196,20135,Subscriber,1987,0
600,2014-01-31 13:33:04,2014-01-31 13:43:04,60,Columbus Ave & W 72 St,40.77813,-73.97371,41,Grand St & Elizabeth St,40.7185,-73.9972,21516,Customer,1981,1
1440,2014-01-31 11:00:02,2014-01-31 11:24:02,7,Washington Square E,40.73049,-73.99572,28,Stanton St & Chrystie St,40.72229,-73.99147,22174,Customer,1997,2
1800,2014-01-31 14:12:09,2014-01-31 14:42:09,33,Greenwich Ave & 8 Ave,40.73902,-74.00264,60,Columbus Ave & W 72 St,40.77813,-73.97371,22657,Customer,1981,0
480,2014-01-31 12:13:36,2014-01-31 12:21:36,44,St James Pl & Pearl St,40.71117,-74.00016,47,E 20 St & Park Ave,40.73818,-73.98433,22607,Customer,1977,2
1200,2014-01-31 08:19:32,2014-01-31 08:39:32,33,Greenwich Ave & 8 Ave,40.73902,-74.00264,52,E 33 St & 1 Ave,40.74402,-73.97196,21895,Subscriber,1984,0
2100,2014-01-31 16:01:58,2014-01-31 16:36:58,44,St James Pl & Pearl St,40.71117,-74.00016,41,Grand St & Elizabeth St,40.7185,-73.9972,20679,Customer,1983,1
1440,2014-01-31 08:47:31,2014-01-31 09:11:31,52,E 33 St & 1 Ave,40.74402,-73.97196,44,St James Pl & Pearl St,40.71117,-74.00016,21703,Subscriber,1982,1
660,2014-01-31 17:10:00,2014-01-31 17:21:00,47,E 20 St & Park Ave,40.73818,-73.98433,52,E 33 St & 1 Ave,40.74402,-73.97196,20872,Customer,1980,2
480,2014-01-31 13:14:54,2014-01-31 13:22:54,44,St James Pl & Pearl St,40.71117,-74.00016,33,Greenwich Ave & 8 Ave,40.73902,-74.00264,22800,Customer,1976,1
2100,2014-01-31 12:20:11,2014-01-31 12:55:11,33,Greenwich Ave & 8 Ave,40.73902,-74.00264,60,Columbus Ave & W 72 St,40.77813,-73.97371,21575,Subscriber,1974,2
1440,2014-01-31 07:34:01,2014-01-31 07:58:01,41,Grand St & Elizabeth St,40.7185,-73.9972,33,Greenwich Ave & 8 Ave,40.73902,-74.00264,21234,Subscriber,1986,2
2040,2014-01-31 07:07:28,2014-01-31 07:41:28,7,Washington Square E,40.73049,-73.99572,28,Stanton St & Chrystie St,40.72229,-73.99147,21810,Subscriber,1954,1
720,2014-01-31 09:00:00,2014-01-31 09:12:00,7,Washington Square E,40.73049,-73.99572,60,Columbus Ave & W 72 St,40.77813,-73.97371,20001,Subscriber,1954,2
1440,2014-01-31 08:05:48,2014-01-31 08:29:48,52,E 33 St & 1 Ave,40.74402,-73.97196,47,E 20 St & Park Ave,40.73818,-73.98433,20023,Subscriber,2002,0
1020,2014-01-31 13:16:58,2014-01-31 13:33:58,8,Hudson St & Reade St,40.71534,-74.00915,44,St James Pl & Pearl St,40.71117,-74.00016,21372,Subscriber,1968,1
1200,2014-01-31 17:36:08,2014-01-31 17:56:08,44,St James Pl & Pearl St,40.71117,-74.00016,60,Columbus Ave & W 72 St,40.77813,-73.97371,20404,Customer,1964,1
1260,2014-01-31 16:11:30,2014-01-31 16:32:30,33,Greenwich Ave & 8 Ave,40.73902,-74.00264,41,Grand St & Elizabeth St,40.7185,-73.9972,20823,Customer,1965,1
540,2014-01-31 12:24:26,2014-01-31 12:33:26,47,E 20 St & Park Ave,40.73818,-73.98433,28,Stanton St & Chrystie St,40.72229,-73.99147,20867,Customer,2003,0
1620,2014-01-31 09:07:13,2014-01-31 09:34:13,52,E 33 St & 1 Ave,40.74402,-73.97196,41,Grand St & Elizabeth St,40.7185,-73.9972,22184,Customer,2001,1
1440,2014-01-31 15:57:14,2014-01-31 16:21:14,41,Grand St & Elizabeth St,40.7185,-73.9972,33,Greenwich Ave & 8 Ave,40.73902,-74.00264,21506,Customer,1991,2
1980,2014-01-31 17:23:22,2014-01-31 17:56:22,8,Hudson St & Reade St,40.71534,-74.00915,52,E 33 St & 1 Ave,40.74402,-73.97196,21880,Customer,1989,2
1860,2014-01-31 11:09:35,2014-01-31 11:40:35,7,Washington Square E,40.73049,-73.99572,41,Grand St & Elizabeth St,40.7185,-73.9972,21574,Subscriber,1957,1
540,2014-01-31 14:42:36,2014-01-31 14:51:36,9,W 52 St & 9 Ave,40.7644,-73.9878,41,Grand St & Elizabeth St,40.7185,-73.9972,22597,Subscriber,1990,1
1260,2014-01-31 12:01:49,2014-01-31 12:22:49,44,St James Pl & Pearl St,40.71117,-74.00016,33,Greenwich Ave & 8 Ave,40.73902,-74.00264,20411,Subscriber,1961,1
360,2014-01-31 15:14:36,2014-01-31 15:20:36,41,Grand St & Elizabeth St,40.7185,-73.9972,33,Greenwich Ave & 8 Ave,40.73902,-74.00264,21590,Subscriber,1962,1
600,2014-01-31 12:56:21,2014-01-31 13:06:21,9,W 52 St & 9 Ave,40.7644,-73.9878,47,E 20 St & Park Ave,40.73818,-73.98433,20831,Customer,1966,0
1020,2014-01-31 07:33:38,2014-01-31 07:50:38,60,Columbus Ave & W 72 St,40.77813,-73.97371,41,Grand St & Elizabeth St,40.7185,-73.9972,20310,Subscriber,1966,1
1080,2014-01-31 18:34:25,2014-01-31 18:52:25,28,Stanton St & Chrystie St,40.72229,-73.99147,44,St James Pl & Pearl St,40.71117,-74.00016,20177,Customer,1974,0
960,2014-01-31 10:27:32,2014-01-31 10:43:32,9,W 52 St & 9 Ave,40.7644,-73.9878,28,Stanton St & Chrystie St,40.72229,-73.99147,22761,Subscriber,1967,2
1680,2014-01-31 16:43:26,2014-01-31 17:11:26,33,Greenwich Ave & 8 Ave,40.73902,-74.00264,44,St James Pl & Pearl St,40.71117,-74.00016,22179,Subscriber,1966,0
960,2014-01-31 14:59:49,2014-01-31 15:15:49,28,Stanton St & Chrystie St,40.72229,-73.99147,44,St James Pl & Pearl St,40.71117,-74.00016,20209,Subscriber,1956,1
1320,2014-01-31 16:57:37,2014-01-31 17:19:37,60,Columbus Ave & W 72 St,40.77813,-73.97371,28,Stanton St & Chrystie St,40.72229,-73.99147,20523,Customer,1953,0
1140,2014-01-31 12:35:00,2014-01-31 12:54:00,52,E 33 St & 1 Ave,40.74402,-73.97196,60,Columbus Ave & W 72 St,40.77813,-73.97371,21839,Subscriber,2005,2
780,2014-01-31 17:23:18,2014-01-31 17:36:18,52,E 33 St & 1 Ave,40.74402,-73.97196,44,St James Pl & Pearl St,40.71117,-74.00016,22540,Subscriber,1959,1
840,2014-01-31 08:58:51,2014-01-31 09:12:51,52,E 33 St & 1 Ave,40.74402,-73.97196,41,Grand St & Elizabeth St,40.7185,-73.9972,21991,Subscriber,1980,0
1800,2014-01-31 07:54:53,2014-01-31 08:24:53,52,E 33 St & 1 Ave,40.74402,-73.97196,47,E 20 St & Park Ave,40.73818,-73.98433,21882,Customer,1964,0
1980,2014-01-31 13:37:44,2014-01-31 14:10:44,52,E 33 St & 1 Ave,40.74402,-73.97196,33,Greenwich Ave & 8 Ave,40.73902,-74.00264,20208,Subscriber,1958,0
2100,2014-01-31 18:15:39,2014-01-31 18:50:39,33,Greenwich Ave & 8 Ave,40.73902,-74.00264,47,E 20 St & Park Ave,40.73818,-73.98433,22001,Customer,1997,2
1680,2014-01-31 17:44:04,2014-01-31 18:12:04,41,Grand St & Elizabeth St,40.7185,-73.9972,60,Columbus Ave & W 72 St,40.77813,-73.97371,21832,Subscriber,1964,0
1560,2014-01-31 12:06:24,2014-01-31 12:32:24,33,Greenwich Ave & 8 Ave,40.73902,-74.00264,52,E 33 St & 1 Ave,40.74402,-73.97196,21731,Customer,1971,0
1380,2014-01-31 15:18:41,2014-01-31 15:41:41,41,Grand St & Elizabeth St,40.7185,-73.9972,60,Columbus Ave & W 72 St,40.77813,-73.97371,20798,Subscriber,1973,2
1800,2014-01-31 09:12:18,2014-01-31 09:42:18,60,Columbus Ave & W 72 St,40.77813,-73.97371,28,Stanton St & Chrystie St,40.72229,-73.99147,20276,Customer,2002,0
660,2014-01-31 15:38:41,2014-01-31 15:49:41,47,E 20 St & Park Ave,40.73818,-73.98433,33,Greenwich Ave & 8 Ave,40.73902,-74.00264,21410,Subscriber,2001,0
1560,2014-01-31 14:42:43,2014-01-31 15:08:43,41,Grand St & Elizabeth St,40.7185,-73.9972,44,St James Pl & Pearl St,40.71117,-74.00016,22765,Subscriber,2001,1
1320,2014-01-31 14:36:17,2014-01-31 14:58:17,33,Greenwich Ave & 8 Ave,40.73902,-74.00264,41,Grand St & Elizabeth St,40.7185,-73.9972,21025,Subscriber,1966,1
1020,2014-01-31 08:14:25,2014-01-31 08:31:25,52,E 33 St & 1 Ave,40.74402,-73.97196,44,St James Pl & Pearl St,40.71117,-74.00016,21931,Customer,1980,1
1320,2014-01-31 09:22:07,2014-01-31 09:44:07,52,E 33 St & 1 Ave,40.74402,-73.97196,47,E 20 St & Park Ave,40.73818,-73.98433,20528,Subscriber,1991,0
1020,2014-01-31 12:23:34,2014-01-31 12:40:34,60,Columbus Ave & W 72 St,40.77813,-73.97371,44,St James Pl & Pearl St,40.71117,-74.00016,21395,Customer,1980,0
600,2014-01-31 13:23:36,2014-01-31 13:33:36,44,St James Pl & Pearl St,40.71117,-74.00016,41,Grand St & Elizabeth St,40.7185,-73.9972,20352,Customer,1991,2
1620,2014-01-31 18:51:28,2014-01-31 19:18:28,28,Stanton St & Chrystie St,40.72229,-73.99147,60,Columbus Ave & W 72 St,40.77813,-73.97371,22625,Customer,1988,1
900,2014-01-31 13:59:16,2014-01-31 14:14:16,7,Washington Square E,40.73049,-73.99572,52,E 33 St & 1 Ave,40.74402,-73.97196,21288,Subscriber,1971,0
780,2014-01-31 12:02:17,2014-01-31 12:15:17,44,St James Pl & Pearl St,40.71117,-74.00016,47,E 20 St & Park Ave,40.73818,-73.98433,22223,Customer,1955,2
1860,2014-01-31 17:53:16,2014-01-31 18:24:16,47,E 20 St & Park Ave,40.73818,-73.98433,60,Columbus Ave & W 72 St,40.77813,-73.97371,22012,Customer,1976,0
2100,2014-01-31 17:20:45,2014-01-31 17:55:45,28,Stanton St & Chrystie St,40.72229,-73.99147,60,Columbus Ave & W 72 St,40.77813,-73.97371,20476,Subscriber,1957,1
720,2014-01-31 08:28:40,2014-01-31 08:40:40,28,Stanton St & Chrystie St,40.72229,-73.99147,60,Columbus Ave & W 72 St,40.77813,-73.97371,22447,Subscriber,1984,2
540,2014-01-31 15:01:38,2014-01-31 15:10:38,60,Columbus Ave & W 72 St,40.77813,-73.97371,52,E 33 St & 1 Ave,40.74402,-73.97196,20750,Subscriber,1989,1
1320,2014-01-31 09:18:08,2014-01-31 09:40:08,33,Greenwich Ave & 8 Ave,40.73902,-74.00264,52,E 33 St & 1 Ave,40.74402,-73.97196,20960,Customer,2001,2
1680,2014-01-31 11:58:04,2014-01-31 12:26:04,9,W 52 St & 9 Ave,40.7644,-73.9878,41,Grand St & Elizabeth St,40.7185,-73.9972,20026,Customer,1987,0
540,2014-01-31 07:10:37,2014-01-31 07:19:37,8,Hudson St & Reade St,40.71534,-74.00915,52,E 33 St & 1 Ave,40.74402,-73.97196,21030,Customer,2002,2
1260,2014-01-31 07:38:31,2014-01-31 07:59:31,7,Washington Square E,40.73049,-73.99572,47,E 20 St & Park Ave,40.73818,-73.98433,20754,Customer,1959,1
480,2014-01-31 08:23:37,2014-01-31 08:31:37,41,Grand St & Elizabeth St,40.7185,-73.9972,60,Columbus Ave & W 72 St,40.77813,-73.97371,22075,Subscriber,1967,2
1140,2014-01-31 07:27:29,2014-01-31 07:46:29,52,E 33 St & 1 Ave,40.74402,-73.97196,28,Stanton St & Chrystie St,40.72229,-73.99147,21654,Customer,1966,1
1320,2014-01-31 18:36:12,2014-01-31 18:58:12,9,W 52 St & 9 Ave,40.7644,-73.9878,47,E 20 St & Park Ave,40.73818,-73.98433,21929,Subscriber,1964,1
1380,2014-01-31 09:11:59,2014-01-31 09:34:59,8,Hudson St & Reade St,40.71534,-74.00915,60,Columbus Ave & W 72 St,40.77813,-73.97371,22808,Subscriber,1994,2
1380,2014-01-31 07:02:10,2014-01-31 07:25:10,8,Hudson St & Reade St,40.71534,-74.00915,47,E 20 St & Park Ave,40.73818,-73.98433,22830,Subscriber,1987,0
1260,2014-01-31 15:17:17,2014-01-31 15:38:17,60,Columbus Ave & W 72 St,40.77813,-73.97371,33,Greenwich Ave & 8 Ave,40.73902,-74.00264,22202,Subscriber,1961,0
360,2014-01-31 14:29:59,2014-01-31 14:35:59,7,Washington Square E,40.73049,-73.99572,44,St James Pl & Pearl St,40.71117,-74.00016,20161,Subscriber,1957,2
2100,2014-01-31 11:49:00,2014-01-31 12:24:00,8,Hudson St & Reade St,40.71534,-74.00915,47,E 20 St & Park Ave,40.73818,-73.98433,20770,Subscriber,1951,2
2100,2014-01-31 17:52:53,2014-01-31 18:27:53,8,Hudson St & Reade St,40.71534,-74.00915,33,Greenwich Ave & 8 Ave,40.73902,-74.00264,20380,Subscriber,1991,1
2100,2014-01-31 12:08:00,2014-01-31 12:43:00,52,E 33 St & 1 Ave,40.74402,-73.97196,33,Greenwich Ave & 8 Ave,40.73902,-74.00264,22739,Customer,2001,1
2100,2014-01-31 07:05:39,2014-01-31 07:40:39,60,Columbus Ave & W 72 St,40.77813,-73.97371,28,Stanton St & Chrystie St,40.72229,-73.99147,22410,Customer,1951,0
840,2014-01-31 17:21:46,2014-01-31 17:35:46,60,Columbus Ave & W 72 St,40.77813,-73.97371,44,St James Pl & Pearl St,40.71117,-74.00016,20092,Subscriber,1954,2
1560,2014-01-31 09:01:24,2014-01-31 09:27:24,44,St James Pl & Pearl St,40.71117,-74.00016,28,Stanton St & Chrystie St,40.72229,-73.99147,22892,Subscriber,1954,2
960,2014-01-31 07:02:14,2014-01-31 07:18:14,9,W 52 St & 9 Ave,40.7644,-73.9878,52,E 33 St & 1 Ave,40.74402,-73.97196,22338,Subscriber,1997,0
1920,2014-01-31 13:54:19,2014-01-31 14:26:19,9,W 52 St & 9 Ave,40.7644,-73.9878,52,E 33 St & 1 Ave,40.74402,-73.97196,22068,Subscriber,1973,2
900,2014-01-31 18:13:13,2014-01-31 18:28:13,7,Washington Square E,40.73049,-73.99572,60,Columbus Ave & W 72 St,40.77813,-73.97371,21089,Customer,1977,1
900,2014-01-31 08:46:46,2014-01-31 09:01:46,28,Stanton St & Chrystie St,40.72229,-73.99147,52,E 33 St & 1 Ave,40.74402,-73.97196,20263,Subscriber,2005,1
1740,2014-01-31 13:42:40,2014-01-31 14:11:40,8,Hudson St & Reade St,40.71534,-74.00915,44,St James Pl & Pearl St,40.71117,-74.00016,22848,Customer,1988,2
1260,2014-01-31 16:06:59,2014-01-31 16:27:59,33,Greenwich Ave & 8 Ave,40.73902,-74.00264,44,St James Pl & Pearl St,40.71117,-74.00016,21591,Subscriber,1961,1
1260,2014-01-31 15:38:11,2014-01-31 15:59:11,44,St James Pl & Pearl St,40.71117,-74.00016,33,Greenwich Ave & 8 Ave,40.73902,-74.00264,21614,Subscriber,1953,1
1920,2014-01-31 16:05:33,2014-01-31 16:37:33,44,St James Pl & Pearl St,40.71117,-74.00016,28,Stanton St & Chrystie St,40.72229,-73.99147,21207,Subscriber,1951,1
1200,2014-01-31 14:32:16,2014-01-31 14:52:16,8,Hudson St & Reade St,40.71534,-74.00915,41,Grand St & Elizabeth St,40.7185,-73.9972,22645,Customer,1989,1
360,2014-01-31 09:37:42,2014-01-31 09:43:42,47,E 20 St & Park Ave,40.73818,-73.98433,33,Greenwich Ave & 8 Ave,40.73902,-74.00264,20312,Subscriber,1987,2
1740,2014-01-31 15:35:53,2014-01-31 16:04:53,47,E 20 St & Park Ave,40.73818,-73.98433,44,St James Pl & Pearl St,40.71117,-74.00016,20330,Subscriber,1957,1
1380,2014-01-31 13:59:12,2014-01-31 14:22:12,8,Hudson St & Reade St,40.71534,-74.00915,28,Stanton St & Chrystie St,40.72229,-73.99147,21192,Customer,1966,0
780,2014-01-31 12:57:24,2014-01-31 13:10:24,60,Columbus Ave & W 72 St,40.77813,-73.97371,28,Stanton St & Chrystie St,40.72229,-73.99147,20291,Subscriber,1964,2
1980,2014-01-31 16:48:29,2014-01-31 17:21:29,33,Greenwich Ave & 8 Ave,40.73902,-74.00264,47,E 20 St & Park Ave,40.73818,-73.98433,21003,Customer,2005,0
600,2014-01-31 15:03:31,2014-01-31 15:13:31,47,E 20 St & Park Ave,40.73818,-73.98433,44,St James Pl & Pearl St,40.71117,-74.00016,20390,Customer,1995,2
900,2014-01-31 11:45:21,2014-01-31 12:00:21,28,Stanton St & Chrystie St,40.72229,-73.99147,52,E 33 St & 1 Ave,40.74402,-73.97196,21454,Subscriber,1994,2
1680,2014-01-31 07:50:28,2014-01-31 08:18:28,52,E 33 St & 1 Ave,40.74402,-73.97196,28,Stanton St & Chrystie St,40.72229,-73.99147,20442,Subscriber,1955,2
1680,2014-01-31 08:42:42,2014-01-31 09:10:42,60,Columbus Ave & W 72 St,40.77813,-73.97371,28,Stanton St & Chrystie St,40.72229,-73.99147,20839,Subscriber,1996,1
480,2014-01-31 11:32:15,2014-01-31 11:40:15,52,E 33 St & 1 Ave,40.74402,-73.97196,44,St James Pl & Pearl St,40.71117,-74.00016,21178,Customer,1988,0
1080,2014-01-31 08:59:25,2014-01-31 09:17:25,8,Hudson St & Reade St,40.71534,-74.00915,41,Grand St & Elizabeth St,40.7185,-73.9972,21847,Subscriber,1970,0
2040,2014-01-31 16:55:16,2014-01-31 17:29:16,47,E 20 St & Park Ave,40.73818,-73.98433,60,Columbus Ave & W 72 St,40.77813,-73.97371,22923,Customer,1975,2
1920,2014-01-31 16:25:24,2014-01-31 16:57:24,52,E 33 St & 1 Ave,40.74402,-73.97196,60,Columbus Ave & W 72 St,40.77813,-73.97371,22407,Subscriber,1961,1
360,2014-01-31 09:47:37,2014-01-31 09:53:37,47,E 20 St & Park Ave,40.73818,-73.98433,28,Stanton St & Chrystie St,40.72229,-73.99147,20612,Customer,1976,1
960,2014-01-31 14:27:18,2014-01-31 14:43:18,9,W 52 St & 9 Ave,40.7644,-73.9878,60,Columbus Ave & W 72 St,40.77813,-73.97371,21817,Subscriber,1988,0
1260,2014-01-31 17:54:20,2014-01-31 18:15:20,28,Stanton St & Chrystie St,40.72229,-73.99147,33,Greenwich Ave & 8 Ave,40.73902,-74.00264,21040,Customer,1963,0
1560,2014-01-31 08:24:13,2014-01-31 08:50:13,60,Columbus Ave & W 72 St,40.77813,-73.97371,47,E 20 St & Park Ave,40.73818,-73.98433,22963,Customer,1986,2
1620,2014-01-31 15:44:21,2014-01-31 16:11:21,47,E 20 St & Park Ave,40.73818,-73.98433,28,Stanton St & Chrystie St,40.72229,-73.99147,21566,Subscriber,1999,0
2100,2014-01-31 08:38:41,2014-01-31 09:13:41,33,Greenwich Ave & 8 Ave,40.73902,-74.00264,47,E 20 St & Park Ave,40.73818,-73.98433,22579,Subscriber,1966,2
1680,2014-01-31 17:43:32,2014-01-31 18:11:32,41,Grand St & Elizabeth St,40.7185,-73.9972,47,E 20 St & Park Ave,40.73818,-73.98433,22480,Customer,1991,2
420,2014-02-01 00:05:00,2014-02-01 00:12:00,9,W 52 St & 9 Ave,40.7644,-73.9878,41,Grand St & Elizabeth St,40.7185,-73.9972,20006,Customer,2000,1
1500,2014-01-31 12:29:33,2014-01-31 12:54:33,52,E 33 St & 1 Ave,40.74402,-73.97196,44,St James Pl & Pearl St,40.71117,-74.00016,22787,Customer,1990,0
1320,2014-01-31 15:53:18,2014-01-31 16:15:18,33,Greenwich Ave & 8 Ave,40.73902,-74.00264,52,E 33 St & 1 Ave,40.74402,-73.97196,21338,Customer,1960,2
1320,2014-01-31 15:50:25,2014-01-31 16:12:25,7,Washington Square E,40.73049,-73.99572,41,Grand St & Elizabeth St,40.7185,-73.9972,21182,Customer,2002,2
960,2014-01-31 12:48:50,2014-01-31 13:04:50,7,Washington Square E,40.73049,-73.99572,44,St James Pl & Pearl St,40.71117,-74.00016,21875,Customer,1976,2
360,2014-01-31 08:45:26,2014-01-31 08:51:26,9,W 52 St & 9 Ave,40.7644,-73.9878,47,E 20 St & Park Ave,40.73818,-73.98433,20467,Customer,1992,1
600,2014-01-31 12:22:21,2014-01-31 12:32:21,41,Grand St & Elizabeth St,40.7185,-73.9972,47,E 20 St & Park Ave,40.73818,-73.98433,21551,Customer,1956,0
1980,2014-01-31 07:20:41,2014-01-31 07:53:41,47,E 20 St & Park Ave,40.73818,-73.98433,52,E 33 St & 1 Ave,40.74402,-73.97196,22374,Customer,1994,1
1500,2014-01-31 18:22:14,2014-01-31 18:47:14,8,Hudson St & Reade St,40.71534,-74.00915,47,E 20 St & Park Ave,40.73818,-73.98433,22745,Customer,1975,0
1920,2014-01-31 13:07:53,2014-01-31 13:39:53,47,E 20 St & Park Ave,40.73818,-73.98433,28,Stanton St & Chrystie St,40.72229,-73.99147,22668,Customer,1960,2
2100,2014-01-31 07:10:17,2014-01-31 07:45:17,28,Stanton St & Chrystie St,40.72229,-73.99147,47,E 20 St & Park Ave,40.73818,-73.98433,22158,Subscriber,2003,2
1200,2014-01-31 09:44:41,2014-01-31 10:04:41,9,W 52 St & 9 Ave,40.7644,-73.9878,41,Grand St & Elizabeth St,40.7185,-73.9972,22856,Customer,1962,0
720,2014-01-31 23:50:00,2014-02-01 00:02:00,52,E 33 St & 1 Ave,40.74402,-73.97196,8,Hudson St & Reade St,40.71534,-74.00915,20008,Customer,1971,0
1440,2014-01-31 08:29:22,2014-01-31 08:53:22,28,Stanton St & Chrystie St,40.72229,-73.99147,52,E 33 St & 1 Ave,40.74402,-73.97196,22759,Customer,1976,0
480,2014-01-31 18:24:26,2014-01-31 18:32:26,41,Grand St & Elizabeth St,40.7185,-73.9972,33,Greenwich Ave & 8 Ave,40.73902,-74.00264,20969,Subscriber,1974,1
480,2014-01-31 09:26:58,2014-01-31 09:34:58,47,E 20 St & Park Ave,40.73818,-73.98433,44,St James Pl & Pearl St,40.71117,-74.00016,20540,Subscriber,1980,1
1080,2014-01-31 18:29:44,2014-01-31 18:47:44,47,E 20 St & Park Ave,40.73818,-73.98433,41,Grand St & Elizabeth St,40.7185,-73.9972,22061,Customer,1967,2
840,2014-01-31 17:53:25,2014-01-31 18:07:25,41,Grand St & Elizabeth St,40.7185,-73.9972,28,Stanton St & Chrystie St,40.72229,-73.99147,20188,Customer,1993,2
780,2014-01-31 12:55:29,2014-01-31 13:08:29,60,Columbus Ave & W 72 St,40.77813,-73.97371,52,E 33 St & 1 Ave,40.74402,-73.97196,21515,Customer,1961,0
960,2014-01-31 12:06:17,2014-01-31 12:22:17,9,W 52 St & 9 Ave,40.7644,-73.9878,28,Stanton St & Chrystie St,40.72229,-73.99147,22271,Subscriber,1955,1
1380,2014-01-31 10:35:27,2014-01-31 10:58:27,52,E 33 St & 1 Ave,40.74402,-73.97196,47,E 20 St & Park Ave,40.73818,-73.98433,22533,Customer,1965,0
900,2014-01-31 07:26:56,2014-01-31 07:41:56,28,Stanton St & Chrystie St,40.72229,-73.99147,33,Greenwich Ave & 8 Ave,40.73902,-74.00264,20814,Subscriber,1997,1
1920,2014-01-31 17:42:19,2014-01-31 18:14:19,9,W 52 St & 9 Ave,40.7644,-73.9878,47,E 20 St & Park Ave,40.73818,-73.98433,20428,Subscriber,2002,0
1320,2014-01-31 07:42:56,2014-01-31 08:04:56,8,Hudson St & Reade St,40.71534,-74.00915,28,Stanton St & Chrystie St,40.72229,-73.99147,22566,Customer,1972,1
1740,2014-01-31 16:47:41,2014-01-31 17:16:41,28,Stanton St & Chrystie St,40.72229,-73.99147,47,E 20 St & Park Ave,40.73818,-73.98433,20727,Customer,1985,2
720,2014-01-31 12:50:43,2014-01-31 13:02:43,9,W 52 St & 9 Ave,40.7644,-73.9878,44,St James Pl & Pearl St,40.71117,-74.00016,21911,Customer,1954,1
600,2014-01-31 08:43:08,2014-01-31 08:53:08,47,E 20 St & Park Ave,40.73818,-73.98433,28,Stanton St & Chrystie St,40.72229,-73.99147,21115,Customer,1967,2
1920,2014-01-31 18:36:29,2014-01-31 19:08:29,60,Columbus Ave & W 72 St,40.77813,-73.97371,52,E 33 St & 1 Ave,40.74402,-73.97196,20117,Subscriber,1965,1
1680,2014-01-31 11:02:18,2014-01-31 11:30:18,60,Columbus Ave & W 72 St,40.77813,-73.97371,41,Grand St & Elizabeth St,40.7185,-73.9972,22402,Customer,1967,2
480,2014-01-31 17:17:19,2014-01-31 17:25:19,28,Stanton St & Chrystie St,40.72229,-73.99147,41,Grand St & Elizabeth St,40.7185,-73.9972,22348,Subscriber,1957,2
480,2014-01-31 07:55:08,2014-01-31 08:03:08,47,E 20 St & Park Ave,40.73818,-73.98433,44,St James Pl & Pearl St,40.71117,-74.00016,22638,Subscriber,1956,0
1320,2014-01-31 13:10:09,2014-01-31 13:32:09,33,Greenwich Ave & 8 Ave,40.73902,-74.00264,41,Grand St & Elizabeth St,40.7185,-73.9972,22572,Subscriber,1961,1
1500,2014-01-31 09:09:40,2014-01-31 09:34:40,9,W 52 St & 9 Ave,40.7644,-73.9878,60,Columbus Ave & W 72 St,40.77813,-73.97371,22700,Subscriber,1972,2
1800,2014-01-31 08:01:20,2014-01-31 08:31:20,60,Columbus Ave & W 72 St,40.77813,-73.97371,41,Grand St & Elizabeth St,40.7185,-73.9972,20635,Customer,1965,2
1440,2014-01-31 08:41:17,2014-01-31 09:05:17,9,W 52 St & 9 Ave,40.7644,-73.9878,44,St James Pl & Pearl St,40.71117,-74.00016,21427,Subscriber,1989,1
720,2014-01-31 11:44:29,2014-01-31 11:56:29,28,Stanton St & Chrystie St,40.72229,-73.99147,52,E 33 St & 1 Ave,40.74402,-73.97196,21082,Customer,1971,0
1080,2014-01-31 16:52:14,2014-01-31 17:10:14,7,Washington Square E,40.73049,-73.99572,41,Grand St & Elizabeth St,40.7185,-73.9972,22959,Subscriber,1976,0
360,2014-01-31 16:13:18,2014-01-31 16:19:18,44,St James Pl & Pearl St,40.71117,-74.00016,60,Columbus Ave & W 72 St,40.77813,-73.97371,20655,Subscriber,2002,2
2040,2014-01-31 18:42:04,2014-01-31 19:16:04,47,E 20 St & Park Ave,40.73818,-73.98433,33,Greenwich Ave & 8 Ave,40.73902,-74.00264,22085,Subscriber,1954,1
2040,2014-01-31 13:22:23,2014-01-31 13:56:23,9,W 52 St & 9 Ave,40.7644,-73.9878,47,E 20 St & Park Ave,40.73818,-73.98433,20160,Customer,1952,2
1080,2014-01-31 10:14:19,2014-01-31 10:32:19,7,Washington Square E,40.73049,-73.99572,44,St James Pl & Pearl St,40.71117,-74.00016,21381,Customer,1994,1
1200,2014-01-31 09:35:11,2014-01-31 09:55:11,8,Hudson St & Reade St,40.71534,-74.00915,52,E 33 St & 1 Ave,40.74402,-73.97196,21092,Customer,1976,1
2100,2014-01-31 18:05:27,2014-01-31 18:40:27,33,Greenwich Ave & 8 Ave,40.73902,-74.00264,41,Grand St & Elizabeth St,40.7185,-73.9972,20789,Subscriber,1954,2
2100,2014-01-31 17:35:34,2014-01-31 18:10:34,7,Washington Square E,40.73049,-73.99572,33,Greenwich Ave & 8 Ave,40.73902,-74.00264,20920,Subscriber,1950,2
840,2014-01-31 12:23:56,2014-01-31 12:37:56,7,Washington Square E,40.73049,-73.99572,52,E 33 St & 1 Ave,40.74402,-73.97196,20975,Subscriber,1976,1
1080,2014-01-31 10:35:23,2014-01-31 10:53:23,9,W 52 St & 9 Ave,40.7644,-73.9878,41,Grand St & Elizabeth St,40.7185,-73.9972,22101,Subscriber,2003,0
780,2014-01-31 10:12:56,2014-01-31 10:25:56,60,Columbus Ave & W 72 St,40.77813,-73.97371,41,Grand St & Elizabeth St,40.7185,-73.9972,21093,Subscriber,1990,1
1920,2014-01-31 14:26:35,2014-01-31 14:58:35,60,Columbus Ave & W 72 St,40.77813,-73.97371,33,Greenwich Ave & 8 Ave,40.73902,-74.00264,21601,Customer,2002,1
840,2014-01-31 12:34:20,2014-01-31 12:48:20,8,Hudson St & Reade St,40.71534,-74.00915,60,Columbus Ave & W 72 St,40.77813,-73.97371,20735,Subscriber,1968,0
600,2014-01-31 10:43:41,2014-01-31 10:53:41,41,Grand St & Elizabeth St,40.7185,-73.9972,60,Columbus Ave & W 72 St,40.77813,-73.97371,22521,Customer,1997,2
1140,2014-01-31 12:41:00,2014-01-31 13:00:00,60,Columbus Ave & W 72 St,40.77813,-73.97371,44,St James Pl & Pearl St,40.71117,-74.00016,22127,Subscriber,2005,2
1860,2014-01-31 13:27:55,2014-01-31 13:58:55,9,W 52 St & 9 Ave,40.7644,-73.9878,47,E 20 St & Park Ave,40.73818,-73.98433,21576,Subscriber,1972,0
1500,2014-01-31 14:43:08,2014-01-31 15:08:08,52,E 33 St & 1 Ave,40.74402,-73.97196,47,E 20 St & Park Ave,40.73818,-73.98433,20029,Subscriber,1959,2
1740,2014-01-31 07:00:47,2014-01-31 07:29:47,47,E 20 St & Park Ave,40.73818,-73.98433,60,Columbus Ave & W 72 St,40.77813,-73.97371,21150,Subscriber,1965,1
960,2014-01-31 18:22:23,2014-01-31 18:38:23,33,Greenwich Ave & 8 Ave,40.73902,-74.00264,41,Grand St & Elizabeth St,40.7185,-73.9972,21821,Customer,1971,0
1680,2014-01-31 13:30:26,2014-01-31 13:58:26,7,Washington Square E,40.73049,-73.99572,28,Stanton St & Chrystie St,40.72229,-73.99147,22944,Subscriber,1980,2
1740,2014-01-31 11:32:59,2014-01-31 12:01:59,47,E 20 St & Park Ave,40.73818,-73.98433,52,E 33 St & 1 Ave,40.74402,-73.97196,22894,Customer,1954,0
360,2014-01-31 07:24:49,2014-01-31 07:30:49,9,W 52 St & 9 Ave,40.7644,-73.9878,47,E 20 St & Park Ave,40.73818,-73.98433,21618,Subscriber,1985,2
360,2014-01-31 12:38:21,2014-01-31 12:44:21,52,E 33 St & 1 Ave,40.74402,-73.97196,28,Stanton St & Chrystie St,40.72229,-73.99147,22211,Customer,1969,2
1980,2014-01-31 09:30:37,2014-01-31 10:03:37,28,Stanton St & Chrystie St,40.72229,-73.99147,60,Columbus Ave & W 72 St,40.77813,-73.97371,20912,Customer,1963,1
360,2014-01-31 11:19:01,2014-01-31 11:25:01,8,Hudson St & Reade St,40.71534,-74.00915,33,Greenwich Ave & 8 Ave,40.73902,-74.00264,21118,Subscriber,1996,1
840,2014-01-31 13:34:20,2014-01-31 13:48:20,9,W 52 St & 9 Ave,40.7644,-73.9878,44,St James Pl & Pearl St,40.71117,-74.00016,20736,Subscriber,1964,2
480,2014-01-31 18:57:05,2014-01-31 19:05:05,9,W 52 St & 9 Ave,40.7644,-73.9878,28,Stanton St & Chrystie St,40.72229,-73.99147,22121,Customer,2004,1
1140,2014-01-31 16:59:35,2014-01-31 17:18:35,44,St James Pl & Pearl St,40.71117,-74.00016,33,Greenwich Ave & 8 Ave,40.73902,-74.00264,20895,Customer,1979,1
840,2014-01-31 09:50:07,2014-01-31 10:04:07,8,Hudson St & Reade St,40.71534,-74.00915,44,St James Pl & Pearl St,40.71117,-74.00016,20744,Customer,1999,1
840,2014-01-31 11:09:22,2014-01-31 11:23:22,52,E 33 St & 1 Ave,40.74402,-73.97196,41,Grand St & Elizabeth St,40.7185,-73.9972,20242,Subscriber,1973,1
1140,2014-01-31 07:36:25,2014-01-31 07:55:25,28,Stanton St & Chrystie St,40.72229,-73.99147,47,E 20 St & Park Ave,40.73818,-73.98433,20766,Subscriber,1983,1
420,2014-01-31 07:04:21,2014-01-31 07:11:21,33,Greenwich Ave & 8 Ave,40.73902,-74.00264,28,Stanton St & Chrystie St,40.72229,-73.99147,22902,Customer,1999,0
1680,2014-01-31 18:29:06,2014-01-31 18:57:06,33,Greenwich Ave & 8 Ave,40.73902,-74.00264,47,E 20 St & Park Ave,40.73818,-73.98433,20729,Customer,1979,0
1080,2014-01-31 10:02:29,2014-01-31 10:20:29,52,E 33 St & 1 Ave,40.74402,-73.97196,41,Grand St & Elizabeth St,40.7185,-73.9972,22053,Customer,1995,0
1140,2014-01-31 12:41:27,2014-01-31 13:00:27,33,Greenwich Ave & 8 Ave,40.73902,-74.00264,47,E 20 St & Park Ave,40.73818,-73.98433,22859,Customer,1964,1
1140,2014-01-31 14:58:48,2014-01-31 15:17:48,47,E 20 St & Park Ave,40.73818,-73.98433,28,Stanton St & Chrystie St,40.72229,-73.99147,21217,Subscriber,1966,2
420,2014-01-31 17:37:31,2014-01-31 17:44:31,60,Columbus Ave & W 72 St,40.77813,-73.97371,44,St James Pl & Pearl St,40.71117,-74.00016,22780,Subscriber,2002,2
1200,2014-01-31 13:55:46,2014-01-31 14:15:46,9,W 52 St & 9 Ave,40.7644,-73.9878,52,E 33 St & 1 Ave,40.74402,-73.97196,21240,Customer,1969,1
420,2014-01-31 08:19:09,2014-01-31 08:26:09,8,Hudson St & Reade St,40.71534,-74.00915,28,Stanton St & Chrystie St,40.72229,-73.99147,20491,Subscriber,1954,2
420,2014-01-31 16:28:50,2014-01-31 16:35:50,28,Stanton St & Chrystie St,40.72229,-73.99147,41,Grand St & Elizabeth St,40.7185,-73.9972,21927,Subscriber,2005,1
900,2014-01-31 07:41:03,2014-01-31 07:56:03,9,W 52 St & 9 Ave,40.7644,-73.9878,52,E 33 St & 1 Ave,40.74402,-73.97196,21534,Customer,1965,0
420,2014-01-31 09:06:51,2014-01-31 09:13:51,60,Columbus Ave & W 72 St,40.77813,-73.97371,28,Stanton St & Chrystie St,40.72229,-73.99147,20948,Customer,1973,1
1200,2014-01-31 07:12:34,2014-01-31 07:32:34,33,Greenwich Ave & 8 Ave,40.73902,-74.00264,60,Columbus Ave & W 72 St,40.77813,-73.97371,20694,Customer,1973,2
1440,2014-01-31 09:05:49,2014-01-31 09:29:49,44,St James Pl & Pearl St,40.71117,-74.00016,47,E 20 St & Park Ave,40.73818,-73.98433,21560,Customer,1979,2
1140,2014-01-31 12:03:52,2014-01-31 12:22:52,47,E 20 St & Park Ave,40.73818,-73.98433,41,Grand St & Elizabeth St,40.7185,-73.9972,22559,Subscriber,1950,2
660,2014-01-31 11:57:46,2014-01-31 12:08:46,41,Grand St & Elizabeth St,40.7185,-73.9972,60,Columbus Ave & W 72 St,40.77813,-73.97371,20686,Customer,1953,0
1260,2014-01-31 12:18:37,2014-01-31 12:39:37,44,St James Pl & Pearl St,40.71117,-74.00016,47,E 20 St & Park Ave,40.73818,-73.98433,20447,Customer,1950,1
1440,2014-01-31 12:47:25,2014-01-31 13:11:25,9,W 52 St & 9 Ave,40.7644,-73.9878,47,E 20 St & Park Ave,40.73818,-73.98433,22727,Subscriber,1976,1
1020,2014-01-31 18:09:35,2014-01-31 18:26:35,7,Washington Square E,40.73049,-73.99572,28,Stanton St & Chrystie St,40.72229,-73.99147,21533,Customer,1961,2
1980,2014-01-31 18:17:16,2014-01-31 18:50:16,8,Hudson St & Reade St,40.71534,-74.00915,28,Stanton St & Chrystie St,40.72229,-73.99147,20561,Subscriber,1965,1
1920,2014-01-31 07:48:11,2014-01-31 08:20:11,47,E 20 St & Park Ave,40.73818,-73.98433,28,Stanton St & Chrystie St,40.72229,-73.99147,22242,Subscriber,2005,2
2100,2014-01-31 16:34:43,2014-01-31 17:09:43,60,Columbus Ave & W 72 St,40.77813,-73.97371,33,Greenwich Ave & 8 Ave,40.73902,-74.00264,22935,Subscriber,2005,0
1320,2014-01-31 17:49:18,2014-01-31 18:11:18,41,Grand St & Elizabeth St,40.7185,-73.9972,28,Stanton St & Chrystie St,40.72229,-73.99147,20944,Subscriber,1973,1
960,2014-01-31 11:53:32,2014-01-31 12:09:32,41,Grand St & Elizabeth St,40.7185,-73.9972,44,St James Pl & Pearl St,40.71117,-74.00016,20650,Subscriber,1964,1
660,2014-01-31 11:48:22,2014-01-31 11:59:22,28,Stanton St & Chrystie St,40.72229,-73.99147,52,E 33 St & 1 Ave,40.74402,-73.97196,21166,Customer,1982,1
900,2014-01-31 09:33:27,2014-01-31 09:48:27,60,Columbus Ave & W 72 St,40.77813,-73.97371,47,E 20 St & Park Ave,40.73818,-73.98433,20996,Customer,1952,0
420,2014-01-31 11:27:09,2014-01-31 11:34:09,44,St James Pl & Pearl St,40.71117,-74.00016,60,Columbus Ave & W 72 St,40.77813,-73.97371,20530,Subscriber,1959,1
480,2014-01-31 09:47:52,2014-01-31 09:55:52,60,Columbus Ave & W 72 St,40.77813,-73.97371,52,E 33 St & 1 Ave,40.74402,-73.97196,20624,Customer,1990,1
900,2014-01-31 12:13:38,2014-01-31 12:28:38,8,Hudson St & Reade St,40.71534,-74.00915,33,Greenwich Ave & 8 Ave,40.73902,-74.00264,22079,Subscriber,1997,2
2040,2014-01-31 12:56:08,2014-01-31 13:30:08,41,Grand St & Elizabeth St,40.7185,-73.9972,44,St James Pl & Pearl St,40.71117,-74.00016,22331,Customer,1982,1
420,2014-01-31 09:25:01,2014-01-31 09:32:01,8,Hudson St & Reade St,40.71534,-74.00915,44,St James Pl & Pearl St,40.71117,-74.00016,22208,Customer,2001,2
1320,2014-01-31 08:11:21,2014-01-31 08:33:21,8,Hudson St & Reade St,40.71534,-74.00915,28,Stanton St & Chrystie St,40.72229,-73.99147,20791,Subscriber,2002,1
1020,2014-01-31 10:05:14,2014-01-31 10:22:14,33,Greenwich Ave & 8 Ave,40.73902,-74.00264,28,Stanton St & Chrystie St,40.72229,-73.99147,20853,Subscriber,1961,2
1800,2014-01-31 07:44:34,2014-01-31 08:14:34,7,Washington Square E,40.73049,-73.99572,28,Stanton St & Chrystie St,40.72229,-73.99147,20298,Customer,1974,2
420,2014-01-31 12:45:31,2014-01-31 12:52:31,44,St James Pl & Pearl St,40.71117,-74.00016,47,E 20 St & Park Ave,40.73818,-73.98433,22295,Subscriber,1951,1
780,2014-01-31 10:04:01,2014-01-31 10:17:01,33,Greenwich Ave & 8 Ave,40.73902,-74.00264,28,Stanton St & Chrystie St,40.72229,-73.99147,21705,Subscriber,1953,0
780,2014-01-31 16:23:07,2014-01-31 16:36:07,60,Columbus Ave & W 72 St,40.77813,-73.97371,41,Grand St & Elizabeth St,40.7185,-73.9972,22203,Subscriber,1951,1
900,2014-01-31 16:42:52,2014-01-31 16:57:52,33,Greenwich Ave & 8 Ave,40.73902,-74.00264,28,Stanton St & Chrystie St,40.72229,-73.99147,20187,Customer,1997,2
1020,2014-01-31 11:05:24,2014-01-31 11:22:24,52,E 33 St & 1 Ave,40.74402,-73.97196,33,Greenwich Ave & 8 Ave,40.73902,-74.00264,21394,Subscriber,1968,1
1980,2014-01-31 07:06:34,2014-01-31 07:39:34,9,W 52 St & 9 Ave,40.7644,-73.9878,28,Stanton St & Chrystie St,40.72229,-73.99147,21702,Customer,1996,2
540,2014-01-31 13:12:26,2014-01-31 13:21:26,28,Stanton St & Chrystie St,40.72229,-73.99147,33,Greenwich Ave & 8 Ave,40.73902,-74.00264,21108,Subscriber,1957,2
2100,2014-01-31 09:53:48,2014-01-31 10:28:48,28,Stanton St & Chrystie St,40.72229,-73.99147,33,Greenwich Ave & 8 Ave,40.73902,-74.00264,22496,Customer,1991,1
840,2014-01-31 12:07:16,2014-01-31 12:21:16,41,Grand St & Elizabeth St,40.7185,-73.9972,52,E 33 St & 1 Ave,40.74402,-73.97196,22031,Customer,1976,1
540,2014-01-31 13:24:03,2014-01-31 13:33:03,28,Stanton St & Chrystie St,40.72229,-73.99147,33,Greenwich Ave & 8 Ave,40.73902,-74.00264,22344,Customer,1956,1
1320,2014-01-31 16:00:52,2014-01-31 16:22:52,28,Stanton St & Chrystie St,40.72229,-73.99147,41,Grand St & Elizabeth St,40.7185,-73.9972,22683,Customer,1962,1
1560,2014-01-31 08:26:13,2014-01-31 08:52:13,60,Columbus Ave & W 72 St,40.77813,-73.97371,28,Stanton St & Chrystie St,40.72229,-73.99147,20359,Subscriber,2001,0
540,2014-01-31 07:37:50,2014-01-31 07:46:50,8,Hudson St & Reade St,40.71534,-74.00915,52,E 33 St & 1 Ave,40.74402,-73.97196,21606,Customer,1976,1
1560,2014-01-31 10:57:37,2014-01-31 11:23:37,7,Washington Square E,40.73049,-73.99572,33,Greenwich Ave & 8 Ave,40.73902,-74.00264,20145,Subscriber,1966,0
1740,2014-01-31 07:54:58,2014-01-31 08:23:58,52,E 33 St & 1 Ave,40.74402,-73.97196,47,E 20 St & Park Ave,40.73818,-73.98433,20214,Customer,1954,1
840,2014-01-31 09:33:51,2014-01-31 09:47:51,60,Columbus Ave & W 72 St,40.77813,-73.97371,41,Grand St & Elizabeth St,40.7185,-73.9972,20672,Subscriber,1963,1
1320,2014-01-31 09:29:40,2014-01-31 09:51:40,33,Greenwich Ave & 8 Ave,40.73902,-74.00264,47,E 20 St & Park Ave,40.73818,-73.98433,20300,Subscriber,1950,0
1980,2014-01-31 16:39:55,2014-01-31 17:12:55,60,Columbus Ave & W 72 St,40.77813,-73.97371,44,St James Pl & Pearl St,40.71117,-74.00016,22443,Customer,1953,2
2040,2014-01-31 13:57:31,2014-01-31 14:31:31,9,W 52 St & 9 Ave,40.7644,-73.9878,47,E 20 St & Park Ave,40.73818,-73.98433,20904,Customer,1969,0
660,2014-01-31 07:57:04,2014-01-31 08:08:04,8,Hudson St & Reade St,40.71534,-74.00915,33,Greenwich Ave & 8 Ave,40.73902,-74.00264,21726,Subscriber,1967,1
1080,2014-01-31 13:38:35,2014-01-31 13:56:35,8,Hudson St & Reade St,40.71534,-74.00915,28,Stanton St & Chrystie St,40.72229,-73.99147,21348,Customer,1959,0
1620,2014-01-31 09:50:35,2014-01-31 10:17:35,28,Stanton St & Chrystie St,40.72229,-73.99147,60,Columbus Ave & W 72 St,40.77813,-73.97371,21884,Subscriber,1951,1
360,2014-01-31 10:40:33,2014-01-31 10:46:33,7,Washington Square E,40.73049,-73.99572,44,St James Pl & Pearl St,40.71117,-74.00016,22365,Subscriber,2002,2
420,2014-01-31 13:49:07,2014-01-31 13:56:07,28,Stanton St & Chrystie St,40.72229,-73.99147,47,E 20 St & Park Ave,40.73818,-73.98433,21804,Subscriber,1952,0
480,2014-01-31 13:30:53,2014-01-31 13:38:53,33,Greenwich Ave & 8 Ave,40.73902,-74.00264,60,Columbus Ave & W 72 St,40.77813,-73.97371,20304,Subscriber,2000,2
2100,2014-01-31 13:47:25,2014-01-31 14:22:25,7,Washington Square E,40.73049,-73.99572,44,St James Pl & Pearl St,40.71117,-74.00016,22440,Customer,1976,1
600,2014-01-31 15:10:20,2014-01-31 15:20:20,52,E 33 St & 1 Ave,40.74402,-73.97196,47,E 20 St & Park Ave,40.73818,-73.98433,22430,Customer,1965,1
1560,2014-01-31 10:48:49,2014-01-31 11:14:49,33,Greenwich Ave & 8 Ave,40.73902,-74.00264,47,E 20 St & Park Ave,40.73818,-73.98433,21897,Subscriber,1968,0
1920,2014-01-31 10:00:53,2014-01-31 10:32:53,28,Stanton St & Chrystie St,40.72229,-73.99147,52,E 33 St & 1 Ave,40.74402,-73.97196,21621,Customer,1969,2
1740,2014-01-31 08:59:26,2014-01-31 09:28:26,41,Grand St & Elizabeth St,40.7185,-73.9972,44,St James Pl & Pearl St,40.71117,-74.00016,22927,Customer,1965,0
1680,2014-01-31 08:14:32,2014-01-31 08:42:32,47,E 20 St & Park Ave,40.73818,-73.98433,28,Stanton St & Chrystie St,40.72229,-73.99147,21403,Subscriber,1972,0
1020,2014-01-31 16:26:28,2014-01-31 16:43:28,7,Washington Square E,40.73049,-73.99572,33,Greenwich Ave & 8 Ave,40.73902,-74.00264,22467,Subscriber,2005,1
2040,2014-01-31 14:09:02,2014-01-31 14:43:02,60,Columbus Ave & W 72 St,40.77813,-73.97371,28,Stanton St & Chrystie St,40.72229,-73.99147,20989,Customer,1955,2
1620,2014-01-31 09:35:16,2014-01-31 10:02:16,7,Washington Square E,40.73049,-73.99572,44,St James Pl & Pearl St,40.71117,-74.00016,22124,Subscriber,1967,1
480,2014-01-31 18:36:17,2014-01-31 18:44:17,44,St James Pl & Pearl St,40.71117,-74.00016,41,Grand St & Elizabeth St,40.7185,-73.9972,20381,Customer,1964,0
1440,2014-01-31 16:48:02,2014-01-31 17:12:02,7,Washington Square E,40.73049,-73.99572,60,Columbus Ave & W 72 St,40.77813,-73.97371,20319,Subscriber,1975,2
1560,2014-01-31 17:15:54,2014-01-31 17:41:54,52,E 33 St & 1 Ave,40.74402,-73.97196,60,Columbus Ave & W 72 St,40.77813,-73.97371,20260,Customer,1979,1
1140,2014-01-31 17:53:56,2014-01-31 18:12:56,41,Grand St & Elizabeth St,40.7185,-73.9972,28,Stanton St & Chrystie St,40.72229,-73.99147,22312,Subscriber,1952,2
2100,2014-01-31 08:07:36,2014-01-31 08:42:36,8,Hudson St & Reade St,40.71534,-74.00915,47,E 20 St & Park Ave,40.73818,-73.98433,21883,Subscriber,1984,0
540,2014-01-31 17:34:42,2014-01-31 17:43:42,52,E 33 St & 1 Ave,40.74402,-73.97196,47,E 20 St & Park Ave,40.73818,-73.98433,20236,Subscriber,1993,2
960,2014-01-31 12:27:32,2014-01-31 12:43:32,8,Hudson St & Reade St,40.71534,-74.00915,52,E 33 St & 1 Ave,40.74402,-73.97196,22451,Customer,1950,1
600,2014-01-31 10:18:06,2014-01-31 10:28:06,41,Grand St & Elizabeth St,40.7185,-73.9972,47,E 20 St & Park Ave,40.73818,-73.98433,22293,Subscriber,1986,0
540,2014-01-31 16:23:29,2014-01-31 16:32:29,47,E 20 St & Park Ave,40.73818,-73.98433,33,Greenwich Ave & 8 Ave,40.73902,-74.00264,20379,Subscriber,1964,1
1500,2014-01-31 10:23:58,2014-01-31 10:48:58,8,Hudson St & Reade St,40.71534,-74.00915,41,Grand St & Elizabeth St,40.7185,-73.9972,21957,Customer,2001,1
720,2014-01-31 07:13:43,2014-01-31 07:25:43,44,St James Pl & Pearl St,40.71117,-74.00016,47,E 20 St & Park Ave,40.73818,-73.98433,21738,Subscriber,2004,2
2040,2014-01-31 08:08:47,2014-01-31 08:42:47,7,Washington Square E,40.73049,-73.99572,44,St James Pl & Pearl St,40.71117,-74.00016,21715,Customer,1954,0
1980,2014-01-31 11:51:15,2014-01-31 12:24:15,9,W 52 St & 9 Ave,40.7644,-73.9878,47,E 20 St & Park Ave,40.73818,-73.98433,22594,Subscriber,1999,2
360,2014-01-31 16:09:52,2014-01-31 16:15:52,47,E 20 St & Park Ave,40.73818,-73.98433,60,Columbus Ave & W 72 St,40.77813,-73.97371,21123,Customer,2005,2
720,2014-01-31 09:42:01,2014-01-31 09:54:01,60,Columbus Ave & W 72 St,40.77813,-73.97371,52,E 33 St & 1 Ave,40.74402,-73.97196,20432,Customer,1983,2
1020,2014-01-31 07:06:23,2014-01-31 07:23:23,7,Washington Square E,40.73049,-73.99572,47,E 20 St & Park Ave,40.73818,-73.98433,20790,Customer,1989,0
1320,2014-01-31 16:40:04,2014-01-31 17:02:04,41,Grand St & Elizabeth St,40.7185,-73.9972,33,Greenwich Ave & 8 Ave,40.73902,-74.00264,21735,Subscriber,1994,0
1200,2014-01-31 12:35:24,2014-01-31 12:55:24,8,Hudson St & Reade St,40.71534,-74.00915,33,Greenwich Ave & 8 Ave,40.73902,-74.00264,21815,Subscriber,1982,1
1560,2014-01-31 15:29:41,2014-01-31 15:55:41,52,E 33 St & 1 Ave,40.74402,-73.97196,44,St James Pl & Pearl St,40.71117,-74.00016,22046,Customer,1983,0
1320,2014-01-31 18:03:51,2014-01-31 18:25:51,9,W 52 St & 9 Ave,40.7644,-73.9878,52,E 33 St & 1 Ave,40.74402,-73.97196,20081,Subscriber,1952,1
1020,2014-01-31 16:15:40,2014-01-31 16:32:40,44,St James Pl & Pearl St,40.71117,-74.00016,33,Greenwich Ave & 8 Ave,40.73902,-74.00264,20991,Subscriber,1975,1
1620,2014-01-31 17:48:35,2014-01-31 18:15:35,52,E 33 St & 1 Ave,40.74402,-73.97196,33,Greenwich Ave & 8 Ave,40.73902,-74.00264,20224,Customer,1953,2
840,2014-01-31 09:30:55,2014-01-31 09:44:55,7,Washington Square E,40.73049,-73.99572,28,Stanton St & Chrystie St,40.72229,-73.99147,22352,Subscriber,1953,2
480,2014-01-31 10:02:12,2014-01-31 10:10:12,9,W 52 St & 9 Ave,40.7644,-73.9878,41,Grand St & Elizabeth St,40.7185,-73.9972,21765,Subscriber,1997,1
1440,2014-01-31 07:51:49,2014-01-31 08:15:49,7,Washington Square E,40.73049,-73.99572,28,Stanton St & Chrystie St,40.72229,-73.99147,22734,Subscriber,1963,2
840,2014-01-31 08:51:56,2014-01-31 09:05:56,44,St James Pl & Pearl St,40.71117,-74.00016,47,E 20 St & Park Ave,40.73818,-73.98433,20059,Customer,1970,0
2100,2014-01-31 15:09:47,2014-01-31 15:44:47,7,Washington Square E,40.73049,-73.99572,60,Columbus Ave & W 72 St,40.77813,-73.97371,21650,Customer,1963,0
1860,2014-01-31 09:29:42,2014-01-31 10:00:42,60,Columbus Ave & W 72 St,40.77813,-73.97371,47,E 20 St & Park Ave,40.73818,-73.98433,20336,Customer,1982,2
1260,2014-01-31 15:20:06,2014-01-31 15:41:06,44,St James Pl & Pearl St,40.71117,-74.00016,60,Columbus Ave & W 72 St,40.77813,-73.97371,20774,Subscriber,1971,0
660,2014-01-31 09:15:58,2014-01-31 09:26:58,28,Stanton St & Chrystie St,40.72229,-73.99147,33,Greenwich Ave & 8 Ave,40.73902,-74.00264,21368,Customer,1995,0
900,2014-01-31 17:48:06,2014-01-31 18:03:06,28,Stanton St & Chrystie St,40.72229,-73.99147,41,Grand St & Elizabeth St,40.7185,-73.9972,22300,Customer,1973,0
840,2014-01-31 08:16:54,2014-01-31 08:30:54,41,Grand St & Elizabeth St,40.7185,-73.9972,33,Greenwich Ave & 8 Ave,40.73902,-74.00264,21163,Subscriber,1974,1
540,2014-01-31 07:22:28,2014-01-31 07:31:28,41,Grand St & Elizabeth St,40.7185,-73.9972,28,Stanton St & Chrystie St,40.72229,-73.99147,21330,Customer,1989,0
1500,2014-01-31 08:32:00,2014-01-31 08:57:00,60,Columbus Ave & W 72 St,40.77813,-73.97371,52,E 33 St & 1 Ave,40.74402,-73.97196,20587,Customer,1992,2
1620,2014-01-31 17:48:33,2014-01-31 18:15:33,44,St James Pl & Pearl St,40.71117,-74.00016,52,E 33 St & 1 Ave,40.74402,-73.97196,22708,Customer,1970,1
780,2014-01-31 15:26:19,2014-01-31 15:39:19,60,Columbus Ave & W 72 St,40.77813,-73.97371,47,E 20 St & Park Ave,40.73818,-73.98433,21662,Customer,1984,2
1440,2014-01-31 14:14:18,2014-01-31 14:38:18,7,Washington Square E,40.73049,-73.99572,41,Grand St & Elizabeth St,40.7185,-73.9972,20041,Customer,1957,2
1200,2014-01-31 17:33:51,2014-01-31 17:53:51,60,Columbus Ave & W 72 St,40.77813,-73.97371,28,Stanton St & Chrystie St,40.72229,-73.99147,21688,Customer,1980,0
600,2014-01-31 13:04:17,2014-01-31 13:14:17,8,Hudson St & Reade St,40.71534,-74.00915,33,Greenwich Ave & 8 Ave,40.73902,-74.00264,20388,Customer,1957,0
2100,2014-01-31 12:22:32,2014-01-31 12:57:32,28,Stanton St & Chrystie St,40.72229,-73.99147,60,Columbus Ave & W 72 St,40.77813,-73.97371,20027,Subscriber,1993,2
600,2014-01-31 08:47:29,2014-01-31 08:57:29,60,Columbus Ave & W 72 St,40.77813,-73.97371,41,Grand St & Elizabeth St,40.7185,-73.9972,20479,Subscriber,1958,0
1080,2014-01-31 09:05:02,2014-01-31 09:23:02,44,St James Pl & Pearl St,40.71117,-74.00016,52,E 33 St & 1 Ave,40.74402,-73.97196,21596,Customer,1991,0
1560,2014-01-31 13:23:05,2014-01-31 13:49:05,8,Hudson St & Reade St,40.71534,-74.00915,52,E 33 St & 1 Ave,40.74402,-73.97196,21564,Customer,1993,2
1740,2014-01-31 16:11:52,2014-01-31 16:40:52,8,Hudson St & Reade St,40.71534,-74.00915,41,Grand St & Elizabeth St,40.7185,-73.9972,21675,Customer,1977,2
1080,2014-01-31 12:43:28,2014-01-31 13:01:28,9,W 52 St & 9 Ave,40.7644,-73.9878,28,Stanton St & Chrystie St,40.72229,-73.99147,21599,Subscriber,1993,1
1320,2014-01-31 09:14:32,2014-01-31 09:36:32,47,E 20 St & Park Ave,40.73818,-73.98433,52,E 33 St & 1 Ave,40.74402,-73.97196,21548,Subscriber,1961,1
1920,2014-01-31 09:42:35,2014-01-31 10:14:35,52,E 33 St & 1 Ave,40.74402,-73.97196,44,St James Pl & Pearl St,40.71117,-74.00016,21032,Subscriber,1979,0
1200,2014-01-31 11:04:48,2014-01-31 11:24:48,60,Columbus Ave & W 72 St,40.77813,-73.97371,52,E 33 St & 1 Ave,40.74402,-73.97196,21298,Customer,1968,0
360,2014-01-31 18:41:33,2014-01-31 18:47:33,9,W 52 St & 9 Ave,40.7644,-73.9878,41,Grand St & Elizabeth St,40.7185,-73.9972,21809,Subscriber,1960,1
1680,2014-01-31 11:18:56,2014-01-31 11:46:56,8,Hudson St & Reade St,40.71534,-74.00915,52,E 33 St & 1 Ave,40.74402,-73.97196,20458,Customer,1976,1
720,2014-01-31 14:15:29,2014-01-31 14:27:29,44,St James Pl & Pearl St,40.71117,-74.00016,41,Grand St & Elizabeth St,40.7185,-73.9972,22321,Customer,1962,0
840,2014-01-31 08:27:16,2014-01-31 08:41:16,52,E 33 St & 1 Ave,40.74402,-73.97196,44,St James Pl & Pearl St,40.71117,-74.00016,20179,Customer,1965,1
1860,2014-01-31 08:48:02,2014-01-31 09:19:02,9,W 52 St & 9 Ave,40.7644,-73.9878,33,Greenwich Ave & 8 Ave,40.73902,-74.00264,22675,Subscriber,1970,0
2040,2014-01-31 12:46:04,2014-01-31 13:20:04,8,Hudson St & Reade St,40.71534,-74.00915,47,E 20 St & Park Ave,40.73818,-73.98433,21779,Subscriber,1998,0
540,2014-01-31 13:38:52,2014-01-31 13:47:52,9,W 52 St & 9 Ave,40.7644,-73.9878,41,Grand St & Elizabeth St,40.7185,-73.9972,20196,Customer,2002,1
660,2014-01-31 09:45:12,2014-01-31 09:56:12,8,Hudson St & Reade St,40.71534,-74.00915,44,St James Pl & Pearl St,40.71117,-74.00016,22820,Subscriber,1951,0
1800,2014-01-31 07:54:57,2014-01-31 08:24:57,7,Washington Square E,40.73049,-73.99572,52,E 33 St & 1 Ave,40.74402,-73.97196,22506,Subscriber,1992,1
420,2014-01-31 13:17:33,2014-01-31 13:24:33,33,Greenwich Ave & 8 Ave,40.73902,-74.00264,41,Grand St & Elizabeth St,40.7185,-73.9972,20172,Customer,1974,1
1620,2014-01-31 18:09:54,2014-01-31 18:36:54,60,Columbus Ave & W 72 St,40.77813,-73.97371,33,Greenwich Ave & 8 Ave,40.73902,-74.00264,20645,Subscriber,1996,0
1620,2014-01-31 09:54:58,2014-01-31 10:21:58,8,Hudson St & Reade St,40.71534,-74.00915,47,E 20 St & Park Ave,40.73818,-73.98433,22172,Customer,2001,0
1500,2014-01-31 11:01:02,2014-01-31 11:26:02,8,Hudson St & Reade St,40.71534,-74.00915,52,E 33 St & 1 Ave,40.74402,-73.97196,22942,Subscriber,2004,1
960,2014-01-31 08:58:49,2014-01-31 09:14:49,33,Greenwich Ave & 8 Ave,40.73902,-74.00264,52,E 33 St & 1 Ave,40.74402,-73.97196,20251,Subscriber,1957,2
1260,2014-01-31 17:12:54,2014-01-31 17:33:54,33,Greenwich Ave & 8 Ave,40.73902,-74.00264,28,Stanton St & Chrystie St,40.72229,-73.99147,20500,Customer,1970,0
1920,2014-01-31 11:04:33,2014-01-31 11:36:33,44,St James Pl & Pearl St,40.71117,-74.00016,47,E 20 St & Park Ave,40.73818,-73.98433,21694,Subscriber,1980,0
2100,2014-01-31 15:16:22,2014-01-31 15:51:22,44,St James Pl & Pearl St,40.71117,-74.00016,33,Greenwich Ave & 8 Ave,40.73902,-74.00264,22610,Customer,1954,2
300,2014-01-31 17:00:00,2014-01-31 17:05:00,8,Hudson St & Reade St,40.71534,-74.00915,7,Washington Square E,40.73049,-73.99572,20009,Subscriber,1998,0
1560,2014-01-31 11:56:26,2014-01-31 12:22:26,52,E 33 St & 1 Ave,40.74402,-73.97196,47,E 20 St & Park Ave,40.73818,-73.98433,20278,Subscriber,1993,2
1080,2014-01-31 09:20:21,2014-01-31 09:38:21,8,Hudson St & Reade St,40.71534,-74.00915,47,E 20 St & Park Ave,40.73818,-73.98433,21764,Customer,1952,2
720,2014-01-31 07:30:51,2014-01-31 07:42:51,44,St James Pl & Pearl St,40.71117,-74.00016,41,Grand St & Elizabeth St,40.7185,-73.9972,21270,Customer,1982,0
1740,2014-01-31 10:34:34,2014-01-31 11:03:34,7,Washington Square E,40.73049,-73.99572,28,Stanton St & Chrystie St,40.72229,-73.99147,22857,Subscriber,1967,2
1680,2014-01-31 17:02:53,2014-01-31 17:30:53,41,Grand St & Elizabeth St,40.7185,-73.9972,33,Greenwich Ave & 8 Ave,40.73902,-74.00264,21172,Subscriber,2002,2
2040,2014-01-31 18:44:49,2014-01-31 19:18:49,60,Columbus Ave & W 72 St,40.77813,-73.97371,41,Grand St & Elizabeth St,40.7185,-73.9972,20333,Subscriber,2001,0
660,2014-01-31 07:01:04,2014-01-31 07:12:04,41,Grand St & Elizabeth St,40.7185,-73.9972,52,E 33 St & 1 Ave,40.74402,-73.97196,22218,Customer,1992,0
540,2014-01-31 08:14:06,2014-01-31 08:23:06,52,E 33 St & 1 Ave,40.74402,-73.97196,28,Stanton St & Chrystie St,40.72229,-73.99147,22591,Subscriber,1953,1
840,2014-01-31 13:32:53,2014-01-31 13:46:53,33,Greenwich Ave & 8 Ave,40.73902,-74.00264,44,St James Pl & Pearl St,40.71117,-74.00016,22032,Customer,1991,2
1860,2014-01-31 12:13:08,2014-01-31 12:44:08,8,Hudson St & Reade St,40.71534,-74.00915,60,Columbus Ave & W 72 St,40.77813,-73.97371,21071,Customer,1955,1
540,2014-01-31 16:50:46,2014-01-31 16:59:46,7,Washington Square E,40.73049,-73.99572,44,St James Pl & Pearl St,40.71117,-74.00016,22251,Subscriber,1998,1
840,2014-01-31 07:14:06,2014-01-31 07:28:06,28,Stanton St & Chrystie St,40.72229,-73.99147,41,Grand St & Elizabeth St,40.7185,-73.9972,20550,Customer,1971,1
1260,2014-01-31 07:34:19,2014-01-31 07:55:19,41,Grand St & Elizabeth St,40.7185,-73.9972,47,E 20 St & Park Ave,40.73818,-73.98433,22686,Customer,1977,0
1620,2014-01-31 10:40:06,2014-01-31 11:07:06,28,Stanton St & Chrystie St,40.72229,-73.99147,47,E 20 St & Park Ave,40.73818,-73.98433,22821,Subscriber,1996,1
1860,2014-01-31 13:43:14,2014-01-31 14:14:14,60,Columbus Ave & W 72 St,40.77813,-73.97371,41,Grand St & Elizabeth St,40.7185,-73.9972,21552,Subscriber,1981,2
1860,2014-01-31 17:38:55,2014-01-31 18:09:55,60,Columbus Ave & W 72 St,40.77813,-73.97371,52,E 33 St & 1 Ave,40.74402,-73.97196,20932,Customer,1984,0
660,2014-01-31 10:51:00,2014-01-31 11:02:00,28,Stanton St & Chrystie St,40.72229,-73.99147,52,E 33 St & 1 Ave,40.74402,-73.97196,20877,Customer,1953,0
960,2014-01-31 16:31:13,2014-01-31 16:47:13,7,Washington Square E,40.73049,-73.99572,52,E 33 St & 1 Ave,40.74402,-73.97196,22383,Customer,1988,0
1800,2014-01-31 18:38:08,2014-01-31 19:08:08,7,Washington Square E,40.73049,-73.99572,52,E 33 St & 1 Ave,40.74402,-73.97196,22733,Customer,1994,2
780,2014-01-31 09:27:00,2014-01-31 09:40:00,52,E 33 St & 1 Ave,40.74402,-73.97196,28,Stanton St & Chrystie St,40.72229,-73.99147,21284,Customer,1970,2
1740,2014-01-31 09:32:56,2014-01-31 10:01:56,28,Stanton St & Chrystie St,40.72229,-73.99147,52,E 33 St & 1 Ave,40.74402,-73.97196,20240,Subscriber,1981,1
1380,2014-01-31 10:14:25,2014-01-31 10:37:25,7,Washington Square E,40.73049,-73.99572,52,E 33 St & 1 Ave,40.74402,-73.97196,20781,Subscriber,2000,2
1740,2014-01-31 11:09:19,2014-01-31 11:38:19,44,St James Pl & Pearl St,40.71117,-74.00016,60,Columbus Ave & W 72 St,40.77813,-73.97371,21706,Customer,2000,0
1860,2014-01-31 09:32:29,2014-01-31 10:03:29,60,Columbus Ave & W 72 St,40.77813,-73.97371,52,E 33 St & 1 Ave,40.74402,-73.97196,21968,Subscriber,1989,1
360,2014-01-31 07:21:53,2014-01-31 07:27:53,41,Grand St & Elizabeth St,40.7185,-73.9972,47,E 20 St & Park Ave,40.73818,-73.98433,21474,Customer,1955,1
600,2014-01-31 07:51:38,2014-01-31 08:01:38,47,E 20 St & Park Ave,40.73818,-73.98433,33,Greenwich Ave & 8 Ave,40.73902,-74.00264,20430,Customer,1997,1
720,2014-01-31 13:07:02,2014-01-31 13:19:02,60,Columbus Ave & W 72 St,40.77813,-73.97371,28,Stanton St & Chrystie St,40.72229,-73.99147,21180,Subscriber,1959,2
1800,2014-01-31 17:39:33,2014-01-31 18:09:33,33,Greenwich Ave & 8 Ave,40.73902,-74.00264,47,E 20 St & Park Ave,40.73818,-73.98433,22132,Subscriber,1954,2
1260,2014-01-31 15:37:49,2014-01-31 15:58:49,41,Grand St & Elizabeth St,40.7185,-73.9972,44,St James Pl & Pearl St,40.71117,-74.00016,20234,Customer,1963,2
1500,2014-01-31 08:23:38,2014-01-31 08:48:38,44,St James Pl & Pearl St,40.71117,-74.00016,60,Columbus Ave & W 72 St,40.77813,-73.97371,20299,Customer,1970,0
360,2014-01-31 15:15:31,2014-01-31 15:21:31,60,Columbus Ave & W 72 St,40.77813,-73.97371,44,St James Pl & Pearl St,40.71117,-74.00016,22778,Customer,1975,2
720,2014-01-31 17:18:00,2014-01-31 17:30:00,52,E 33 St & 1 Ave,40.74402,-73.97196,47,E 20 St & Park Ave,40.73818,-73.98433,21892,Subscriber,2001,0
1140,2014-01-31 12:28:53,2014-01-31 12:47:53,33,Greenwich Ave & 8 Ave,40.73902,-74.00264,44,St James Pl & Pearl St,40.71117,-74.00016,20903,Subscriber,1977,2
1020,2014-01-31 16:49:49,2014-01-31 17:06:49,8,Hudson St & Reade St,40.71534,-74.00915,47,E 20 St & Park Ave,40.73818,-73.98433,21999,Subscriber,1976,0
360,2014-01-31 14:58:14,2014-01-31 15:04:14,44,St James Pl & Pearl St,40.71117,-74.00016,47,E 20 St & Park Ave,40.73818,-73.98433,22873,Subscriber,1977,2
840,2014-01-31 15:12:13,2014-01-31 15:26:13,52,E 33 St & 1 Ave,40.74402,-73.97196,47,E 20 St & Park Ave,40.73818,-73.98433,22466,Subscriber,1959,2
1200,2014-01-31 14:25:52,2014-01-31 14:45:52,52,E 33 St & 1 Ave,40.74402,-73.97196,47,E 20 St & Park Ave,40.73818,-73.98433,20509,Subscriber,1979,1
2100,2014-01-31 07:07:04,2014-01-31 07:42:04,44,St James Pl & Pearl St,40.71117,-74.00016,33,Greenwich Ave & 8 Ave,40.73902,-74.00264,21630,Customer,1957,0
1140,2014-01-31 12:17:22,2014-01-31 12:36:22,52,E 33 St & 1 Ave,40.74402,-73.97196,47,E 20 St & Park Ave,40.73818,-73.98433,21443,Subscriber,1979,1
420,2014-01-31 08:51:12,2014-01-31 08:58:12,52,E 33 St & 1 Ave,40.74402,-73.97196,28,Stanton St & Chrystie St,40.72229,-73.99147,22735,Customer,1977,1
720,2014-01-31 12:31:05,2014-01-31 12:43:05,47,E 20 St & Park Ave,40.73818,-73.98433,33,Greenwich Ave & 8 Ave,40.73902,-74.00264,22283,Subscriber,1959,2
1860,2014-01-31 13:45:13,2014-01-31 14:16:13,44,St James Pl & Pearl St,40.71117,-74.00016,60,Columbus Ave & W 72 St,40.77813,-73.97371,22728,Customer,1956,0
540,2014-01-31 09:33:44,2014-01-31 09:42:44,7,Washington Square E,40.73049,-73.99572,52,E 33 St & 1 Ave,40.74402,-73.97196,21248,Subscriber,1985,0
840,2014-01-31 14:13:32,2014-01-31 14:27:32,47,E 20 St & Park Ave,40.73818,-73.98433,60,Columbus Ave & W 72 St,40.77813,-73.97371,22573,Customer,1972,0
540,2014-01-31 14:23:09,2014-01-31 14:32:09,7,Washington Square E,40.73049,-73.99572,33,Greenwich Ave & 8 Ave,40.73902,-74.00264,22045,Subscriber,1969,1
780,2014-01-31 16:41:07,2014-01-31 16:54:07,9,W 52 St & 9 Ave,40.7644,-73.9878,52,E 33 St & 1 Ave,40.74402,-73.97196,22323,Customer,2003,2
540,2014-01-31 07:12:32,2014-01-31 07:21:32,41,Grand St & Elizabeth St,40.7185,-73.9972,60,Columbus Ave & W 72 St,40.77813,-73.97371,22014,Customer,1994,2
1680,2014-01-31 15:10:30,2014-01-31 15:38:30,9,W 52 St & 9 Ave,40.7644,-73.9878,41,Grand St & Elizabeth St,40.7185,-73.9972,21458,Customer,1963,0
360,2014-01-31 18:26:47,2014-01-31 18:32:47,47,E 20 St & Park Ave,40.73818,-73.98433,41,Grand St & Elizabeth St,40.7185,-73.9972,21593,Customer,1971,0
480,2014-01-31 13:54:57,2014-01-31 14:02:57,47,E 20 St & Park Ave,40.73818,-73.98433,33,Greenwich Ave & 8 Ave,40.73902,-74.00264,20640,Subscriber,1960,2
420,2014-01-31 14:28:22,2014-01-31 14:35:22,8,Hudson St & Reade St,40.71534,-74.00915,28,Stanton St & Chrystie St,40.72229,-73.99147,20101,Customer,1986,0
1560,2014-01-31 10:06:30,2014-01-31 10:32:30,7,Washington Square E,40.73049,-73.99572,33,Greenwich Ave & 8 Ave,40.73902,-74.00264,21741,Subscriber,1954,0
1200,2014-01-31 08:57:38,2014-01-31 09:17:38,9,W 52 St & 9 Ave,40.7644,-73.9878,28,Stanton St & Chrystie St,40.72229,-73.99147,20527,Subscriber,1984,1
2100,2014-01-31 16:01:23,2014-01-31 16:36:23,47,E 20 St & Park Ave,40.73818,-73.98433,28,Stanton St & Chrystie St,40.72229,-73.99147,20019,Subscriber,1987,1
1920,2014-01-31 17:29:27,2014-01-31 18:01:27,41,Grand St & Elizabeth St,40.7185,-73.9972,47,E 20 St & Park Ave,40.73818,-73.98433,22720,Customer,1956,0
1380,2014-01-31 07:21:51,2014-01-31 07:44:51,28,Stanton St & Chrystie St,40.72229,-73.99147,60,Columbus Ave & W 72 St,40.77813,-73.97371,21942,Subscriber,1975,1
1680,2014-01-31 15:59:37,2014-01-31 16:27:37,28,Stanton St & Chrystie St,40.72229,-73.99147,44,St James Pl & Pearl St,40.71117,-74.00016,22334,Subscriber,1971,2
600,2014-01-31 10:34:59,2014-01-31 10:44:59,60,Columbus Ave & W 72 St,40.77813,-73.97371,41,Grand St & Elizabeth St,40.7185,-73.9972,21033,Subscriber,1952,0
900,2014-01-31 07:42:30,2014-01-31 07:57:30,60,Columbus Ave & W 72 St,40.77813,-73.97371,44,St James Pl & Pearl St,40.71117,-74.00016,20106,Customer,1966,0
660,2014-01-31 17:57:45,2014-01-31 18:08:45,60,Columbus Ave & W 72 St,40.77813,-73.97371,33,Greenwich Ave & 8 Ave,40.73902,-74.00264,22084,Subscriber,1996,0
600,2014-01-31 11:50:15,2014-01-31 12:00:15,52,E 33 St & 1 Ave,40.74402,-73.97196,33,Greenwich Ave & 8 Ave,40.73902,-74.00264,20554,Subscriber,1968,1
480,2014-01-31 07:30:51,2014-01-31 07:38:51,28,Stanton St & Chrystie St,40.72229,-73.99147,41,Grand St & Elizabeth St,40.7185,-73.9972,21090,Subscriber,1985,1
840,2014-01-31 10:36:49,2014-01-31 10:50:49,60,Columbus Ave & W 72 St,40.77813,-73.97371,47,E 20 St & Park Ave,40.73818,-73.98433,22929,Subscriber,1983,0
1980,2014-01-31 10:54:38,2014-01-31 11:27:38,44,St James Pl & Pearl St,40.71117,-74.00016,33,Greenwich Ave & 8 Ave,40.73902,-74.00264,21585,Customer,1954,0
1500,2014-01-31 17:10:08,2014-01-31 17:35:08,60,Columbus Ave & W 72 St,40.77813,-73.97371,52,E 33 St & 1 Ave,40.74402,-73.97196,21268,Subscriber,2004,0
600,2014-01-31 10:58:12,2014-01-31 11:08:12,28,Stanton St & Chrystie St,40.72229,-73.99147,47,E 20 St & Park Ave,40.73818,-73.98433,21909,Subscriber,1995,1
480,2014-01-31 12:30:20,2014-01-31 12:38:20,44,St James Pl & Pearl St,40.71117,-74.00016,47,E 20 St & Park Ave,40.73818,-73.98433,21887,Subscriber,1992,0
2040,2014-01-31 09:53:18,2014-01-31 10:27:18,8,Hudson St & Reade St,40.71534,-74.00915,33,Greenwich Ave & 8 Ave,40.73902,-74.00264,20060,Customer,1960,0
1500,2014-01-31 08:44:11,2014-01-31 09:09:11,60,Columbus Ave & W 72 St,40.77813,-73.97371,28,Stanton St & Chrystie St,40.72229,-73.99147,21595,Customer,1998,2
1320,2014-01-31 08:20:36,2014-01-31 08:42:36,8,Hudson St & Reade St,40.71534,-74.00915,41,Grand St & Elizabeth St,40.7185,-73.9972,22207,Subscriber,1955,0
660,2014-01-31 10:22:37,2014-01-31 10:33:37,41,Grand St & Elizabeth St,40.7185,-73.9972,47,E 20 St & Park Ave,40.73818,-73.98433,20037,Subscriber,1990,0
1740,2014-01-31 15:43:04,2014-01-31 16:12:04,47,E 20 St & Park Ave,40.73818,-73.98433,60,Columbus Ave & W 72 St,40.77813,-73.97371,21710,Customer,2005,1
960,2014-01-31 08:08:02,2014-01-31 08:24:02,28,Stanton St & Chrystie St,40.72229,-73.99147,47,E 20 St & Park Ave,40.73818,-73.98433,22627,Subscriber,1999,1
1080,2014-01-31 08:00:48,2014-01-31 08:18:48,7,Washington Square E,40.73049,-73.99572,33,Greenwich Ave & 8 Ave,40.73902,-74.00264,22951,Subscriber,1998,1
2040,2014-01-31 13:04:18,2014-01-31 13:38:18,28,Stanton St & Chrystie St,40.72229,-73.99147,52,E 33 St & 1 Ave,40.74402,-73.97196,22416,Subscriber,1985,2
2040,2014-01-31 17:01:39,2014-01-31 17:35:39,47,E 20 St & Park Ave,40.73818,-73.98433,41,Grand St & Elizabeth St,40.7185,-73.9972,21544,Customer,1952,1
1200,2014-01-31 11:05:43,2014-01-31 11:25:43,60,Columbus Ave & W 72 St,40.77813,-73.97371,28,Stanton St & Chrystie St,40.72229,-73.99147,22930,Subscriber,1983,1
780,2014-01-31 16:59:48,2014-01-31 17:12:48,44,St James Pl & Pearl St,40.71117,-74.00016,28,Stanton St & Chrystie St,40.72229,-73.99147,21279,Customer,1992,2
1320,2014-01-31 17:44:10,2014-01-31 18:06:10,7,Washington Square E,40.73049,-73.99572,44,St James Pl & Pearl St,40.71117,-74.00016,21412,Customer,1992,2
1740,2014-01-31 12:52:30,2014-01-31 13:21:30,28,Stanton St & Chrystie St,40.72229,-73.99147,44,St James Pl & Pearl St,40.71117,-74.00016,21479,Customer,1961,1
1380,2014-01-31 09:35:36,2014-01-31 09:58:36,8,Hudson St & Reade St,40.71534,-74.00915,60,Columbus Ave & W 72 St,40.77813,-73.97371,22940,Customer,1993,1
1320,2014-01-31 09:24:00,2014-01-31 09:46:00,52,E 33 St & 1 Ave,40.74402,-73.97196,60,Columbus Ave & W 72 St,40.77813,-73.97371,21224,Customer,1997,1
420,2014-01-31 17:57:57,2014-01-31 18:04:57,8,Hudson St & Reade St,40.71534,-74.00915,52,E 33 St & 1 Ave,40.74402,-73.97196,21256,Customer,1988,2
1440,2014-01-31 18:20:02,2014-01-31 18:44:02,44,St James Pl & Pearl St,40.71117,-74.00016,41,Grand St & Elizabeth St,40.7185,-73.9972,21149,Customer,1995,0
1140,2014-01-31 15:50:55,2014-01-31 16:09:55,41,Grand St & Elizabeth St,40.7185,-73.9972,28,Stanton St & Chrystie St,40.72229,-73.99147,22850,Subscriber,1975,2
1920,2014-01-31 12:20:59,2014-01-31 12:52:59,8,Hudson St & Reade St,40.71534,-74.00915,60,Columbus Ave & W 72 St,40.77813,-73.97371,20519,Subscriber,1956,2
660,2014-01-31 11:18:13,2014-01-31 11:29:13,28,Stanton St & Chrystie St,40.72229,-73.99147,44,St James Pl & Pearl St,40.71117,-74.00016,21058,Customer,1986,0
600,2014-01-31 08:01:39,2014-01-31 08:11:39,9,W 52 St & 9 Ave,40.7644,-73.9878,47,E 20 St & Park Ave,40.73818,-73.98433,22459,Subscriber,1964,0
360,2014-01-31 09:16:23,2014-01-31 09:22:23,8,Hudson St & Reade St,40.71534,-74.00915,60,Columbus Ave & W 72 St,40.77813,-73.97371,20024,Customer,1952,2
1860,2014-01-31 08:23:51,2014-01-31 08:54:51,52,E 33 St & 1 Ave,40.74402,-73.97196,33,Greenwich Ave & 8 Ave,40.73902,-74.00264,22027,Subscriber,1964,1
1620,2014-01-31 15:53:50,2014-01-31 16:20:50,47,E 20 St & Park Ave,40.73818,-73.98433,33,Greenwich Ave & 8 Ave,40.73902,-74.00264,21758,Subscriber,1991,1
1500,2014-01-31 10:22:56,2014-01-31 10:47:56,33,Greenwich Ave & 8 Ave,40.73902,-74.00264,52,E 33 St & 1 Ave,40.74402,-73.97196,22197,Subscriber,1987,1
960,2014-01-31 09:18:21,2014-01-31 09:34:21,60,Columbus Ave & W 72 St,40.77813,-73.97371,47,E 20 St & Park Ave,40.73818,-73.98433,22928,Subscriber,1972,0
1920,2014-01-31 09:59:18,2014-01-31 10:31:18,9,W 52 St & 9 Ave,40.7644,-73.9878,60,Columbus Ave & W 72 St,40.77813,-73.97371,22712,Customer,1999,0
540,2014-01-31 12:11:01,2014-01-31 12:20:01,28,Stanton St & Chrystie St,40.72229,-73.99147,52,E 33 St & 1 Ave,40.74402,-73.97196,22619,Subscriber,1960,2
1860,2014-01-31 16:22:55,2014-01-31 16:53:55,9,W 52 St & 9 Ave,40.7644,-73.9878,52,E 33 St & 1 Ave,40.74402,-73.97196,20919,Subscriber,1991,1
420,2014-01-31 16:47:20,2014-01-31 16:54:20,47,E 20 St & Park Ave,40.73818,-73.98433,52,E 33 St & 1 Ave,40.74402,-73.97196,20343,Subscriber,1972,2
1800,2014-01-31 11:56:53,2014-01-31 12:26:53,47,E 20 St & Park Ave,40.73818,-73.98433,33,Greenwich Ave & 8 Ave,40.73902,-74.00264,20014,Customer,1960,1
1980,2014-01-31 11:48:58,2014-01-31 12:21:58,7,Washington Square E,40.73049,-73.99572,28,Stanton St & Chrystie St,40.72229,-73.99147,22774,Customer,1994,1
1200,2014-01-31 11:36:54,2014-01-31 11:56:54,44,St James Pl & Pearl St,40.71117,-74.00016,41,Grand St & Elizabeth St,40.7185,-73.9972,21874,Subscriber,1952,1
1620,2014-01-31 12:34:23,2014-01-31 13:01:23,28,Stanton St & Chrystie St,40.72229,-73.99147,47,E 20 St & Park Ave,40.73818,-73.98433,20771,Subscriber,1951,1
420,2014-01-31 15:20:08,2014-01-31 15:27:08,7,Washington Square E,40.73049,-73.99572,47,E 20 St & Park Ave,40.73818,-73.98433,21722,Customer,1976,1
1140,2014-01-31 14:34:03,2014-01-31 14:53:03,8,Hudson St & Reade St,40.71534,-74.00915,33,Greenwich Ave & 8 Ave,40.73902,-74.00264,22561,Customer,1957,0
720,2014-01-31 12:04:00,2014-01-31 12:16:00,8,Hudson St & Reade St,40.71534,-74.00915,47,E 20 St & Park Ave,40.73818,-73.98433,22691,Customer,1968,0
1800,2014-01-31 18:53:03,2014-01-31 19:23:03,52,E 33 St & 1 Ave,40.74402,-73.97196,60,Columbus Ave & W 72 St,40.77813,-73.97371,22397,Subscriber,1953,1
540,2014-01-31 08:45:29,2014-01-31 08:54:29,28,Stanton St & Chrystie St,40.72229,-73.99147,60,Columbus Ave & W 72 St,40.77813,-73.97371,21379,Subscriber,2003,0
900,2014-01-31 17:44:40,2014-01-31 17:59:40,7,Washington Square E,40.73049,-73.99572,41,Grand St & Elizabeth St,40.7185,-73.9972,20800,Subscriber,1976,2
1440,2014-01-31 10:36:52,2014-01-31 11:00:52,47,E 20 St & Park Ave,40.73818,-73.98433,28,Stanton St & Chrystie St,40.72229,-73.99147,20805,Customer,1960,0
420,2014-01-31 11:29:32,2014-01-31 11:36:32,47,E 20 St & Park Ave,40.73818,-73.98433,41,Grand St & Elizabeth St,40.7185,-73.9972,20230,Customer,1985,1
1800,2014-01-31 11:37:32,2014-01-31 12:07:32,33,Greenwich Ave & 8 Ave,40.73902,-74.00264,47,E 20 St & Park Ave,40.73818,-73.98433,21562,Subscriber,1954,2
1080,2014-01-31 14:48:39,2014-01-31 15:06:39,33,Greenwich Ave & 8 Ave,40.73902,-74.00264,28,Stanton St & Chrystie St,40.72229,-73.99147,21301,Subscriber,1992,2
1440,2014-01-31 08:54:18,2014-01-31 09:18:18,47,E 20 St & Park Ave,40.73818,-73.98433,52,E 33 St & 1 Ave,40.74402,-73.97196,20155,Customer,1967,0
1380,2014-01-31 17:23:14,2014-01-31 17:46:14,41,Grand St & Elizabeth St,40.7185,-73.9972,33,Greenwich Ave & 8 Ave,40.73902,-74.00264,20308,Customer,1954,2
1440,2014-01-31 11:19:57,2014-01-31 11:43:57,47,E 20 St & Park Ave,40.73818,-73.98433,60,Columbus Ave & W 72 St,40.77813,-73.97371,22462,Subscriber,1988,2
1200,2014-01-31 08:39:06,2014-01-31 08:59:06,28,Stanton St & Chrystie St,40.72229,-73.99147,41,Grand St & Elizabeth St,40.7185,-73.9972,20863,Subscriber,1964,0
1380,2014-01-31 13:53:13,2014-01-31 14:16:13,7,Washington Square E,40.73049,-73.99572,47,E 20 St & Park Ave,40.73818,-73.98433,21900,Subscriber,1956,2
1020,2014-01-31 14:36:37,2014-01-31 14:53:37,52,E 33 St & 1 Ave,40.74402,-73.97196,28,Stanton St & Chrystie St,40.72229,-73.99147,22009,Customer,1971,1
1980,2014-01-31 17:06:47,2014-01-31 17:39:47,9,W 52 St & 9 Ave,40.7644,-73.9878,41,Grand St & Elizabeth St,40.7185,-73.9972,21772,Customer,1961,2
1200,2014-01-31 07:43:43,2014-01-31 08:03:43,8,Hudson St & Reade St,40.71534,-74.00915,60,Columbus Ave & W 72 St,40.77813,-73.97371,20514,Customer,1962,1
1320,2014-01-31 07:02:34,2014-01-31 07:24:34,33,Greenwich Ave & 8 Ave,40.73902,-74.00264,44,St James Pl & Pearl St,40.71117,-74.00016,22662,Subscriber,2004,0
660,2014-01-31 09:38:38,2014-01-31 09:49:38,44,St James Pl & Pearl St,40.71117,-74.00016,47,E 20 St & Park Ave,40.73818,-73.98433,20144,Subscriber,1978,0
960,2014-01-31 10:21:14,2014-01-31 10:37:14,47,E 20 St & Park Ave,40.73818,-73.98433,28,Stanton St & Chrystie St,40.72229,-73.99147,22029,Subscriber,1954,0
420,2014-01-31 08:34:36,2014-01-31 08:41:36,41,Grand St & Elizabeth St,40.7185,-73.9972,52,E 33 St & 1 Ave,40.74402,-73.97196,21043,Customer,1973,2
660,2014-01-31 15:38:11,2014-01-31 15:49:11,7,Washington Square E,40.73049,-73.99572,52,E 33 St & 1 Ave,40.74402,-73.97196,21854,Customer,1985,0
1080,2014-01-31 12:47:39,2014-01-31 13:05:39,33,Greenwich Ave & 8 Ave,40.73902,-74.00264,47,E 20 St & Park Ave,40.73818,-73.98433,20231,Customer,2001,1
1860,2014-01-31 17:14:02,2014-01-31 17:45:02,7,Washington Square E,40.73049,-73.99572,28,Stanton St & Chrystie St,40.72229,-73.99147,21004,Customer,1968,1
1740,2014-01-31 18:42:52,2014-01-31 19:11:52,8,Hudson St & Reade St,40.71534,-74.00915,44,St James Pl & Pearl St,40.71117,-74.00016,22709,Subscriber,1975,0
1380,2014-01-31 11:20:24,2014-01-31 11:43:24,60,Columbus Ave & W 72 St,40.77813,-73.97371,33,Greenwich Ave & 8 Ave,40.73902,-74.00264,22906,Subscriber,2002,1
1020,2014-01-31 16:18:42,2014-01-31 16:35:42,41,Grand St & Elizabeth St,40.7185,-73.9972,60,Columbus Ave & W 72 St,40.77813,-73.97371,20223,Subscriber,1985,2
2040,2014-01-31 08:56:05,2014-01-31 09:30:05,8,Hudson St & Reade St,40.71534,-74.00915,28,Stanton St & Chrystie St,40.72229,-73.99147,20875,Subscriber,2004,0
1320,2014-01-31 10:07:06,2014-01-31 10:29:06,52,E 33 St & 1 Ave,40.74402,-73.97196,60,Columbus Ave & W 72 St,40.77813,-73.97371,21933,Subscriber,2003,2
1740,2014-01-31 16:11:22,2014-01-31 16:40:22,41,Grand St & Elizabeth St,40.7185,-73.9972,28,Stanton St & Chrystie St,40.72229,-73.99147,22947,Subscriber,2004,0
1800,2014-01-31 11:02:49,2014-01-31 11:32:49,7,Washington Square E,40.73049,-73.99572,52,E 33 St & 1 Ave,40.74402,-73.97196,20890,Customer,1962,2
1560,2014-01-31 16:47:56,2014-01-31 17:13:56,44,St James Pl & Pearl St,40.71117,-74.00016,47,E 20 St & Park Ave,40.73818,-73.98433,21375,Subscriber,1976,0
1680,2014-01-31 09:09:24,2014-01-31 09:37:24,28,Stanton St & Chrystie St,40.72229,-73.99147,52,E 33 St & 1 Ave,40.74402,-73.97196,22472,Customer,1965,0
840,2014-01-31 10:37:20,2014-01-31 10:51:20,28,Stanton St & Chrystie St,40.72229,-73.99147,41,Grand St & Elizabeth St,40.7185,-73.9972,20493,Subscriber,1968,2
780,2014-01-31 16:47:49,2014-01-31 17:00:49,9,W 52 St & 9 Ave,40.7644,-73.9878,60,Columbus Ave & W 72 St,40.77813,-73.97371,21975,Customer,1976,0
2100,2014-01-31 10:47:16,2014-01-31 11:22:16,33,Greenwich Ave & 8 Ave,40.73902,-74.00264,44,St James Pl & Pearl St,40.71117,-74.00016,20553,Subscriber,2000,2
1920,2014-01-31 12:41:19,2014-01-31 13:13:19,28,Stanton St & Chrystie St,40.72229,-73.99147,41,Grand St & Elizabeth St,40.7185,-73.9972,20807,Customer,1964,1
1320,2014-01-31 17:45:22,2014-01-31 18:07:22,47,E 20 St & Park Ave,40.73818,-73.98433,44,St James Pl & Pearl St,40.71117,-74.00016,20272,Customer,1968,1
600,2014-01-31 15:17:13,2014-01-31 15:27:13,60,Columbus Ave & W 72 St,40.77813,-73.97371,28,Stanton St & Chrystie St,40.72229,-73.99147,21806,Subscriber,1969,2
600,2014-01-31 17:21:19,2014-01-31 17:31:19,8,Hudson St & Reade St,40.71534,-74.00915,44,St James Pl & Pearl St,40.71117,-74.00016,21520,Subscriber,1983,0
960,2014-01-31 08:23:18,2014-01-31 08:39:18,28,Stanton St & Chrystie St,40.72229,-73.99147,60,Columbus Ave & W 72 St,40.77813,-73.97371,20623,Customer,1952,2
1260,2014-01-31 08:46:31,2014-01-31 09:07:31,8,Hudson St & Reade St,40.71534,-74.00915,52,E 33 St & 1 Ave,40.74402,-73.97196,22603,Subscriber,1968,2
2100,2014-01-31 15:22:58,2014-01-31 15:57:58,7,Washington Square E,40.73049,-73.99572,52,E 33 St & 1 Ave,40.74402,-73.97196,20570,Subscriber,1986,2
2100,2014-01-31 13:58:20,2014-01-31 14:33:20,28,Stanton St & Chrystie St,40.72229,-73.99147,33,Greenwich Ave & 8 Ave,40.73902,-74.00264,21948,Subscriber,2001,2
720,2014-01-31 12:21:00,2014-01-31 12:33:00,7,Washington Square E,40.73049,-73.99572,9,W 52 St & 9 Ave,40.7644,-73.9878,20004,Subscriber,1986,1
420,2014-01-31 07:56:00,2014-01-31 08:03:00,41,Grand St & Elizabeth St,40.7185,-73.9972,52,E 33 St & 1 Ave,40.74402,-73.97196,22362,Subscriber,2002,0
1860,2014-01-31 07:24:56,2014-01-31 07:55:56,60,Columbus Ave & W 72 St,40.77813,-73.97371,33,Greenwich Ave & 8 Ave,40.73902,-74.00264,22326,Subscriber,1983,2
1260,2014-01-31 15:10:35,2014-01-31 15:31:35,52,E 33 St & 1 Ave,40.74402,-73.97196,47,E 20 St & Park Ave,40.73818,-73.98433,22502,Subscriber,1992,0
960,2014-01-31 17:50:10,2014-01-31 18:06:10,28,Stanton St & Chrystie St,40.72229,-73.99147,52,E 33 St & 1 Ave,40.74402,-73.97196,21676,Subscriber,1964,0
660,2014-01-31 16:51:39,2014-01-31 17:02:39,8,Hudson St & Reade St,40.71534,-74.00915,41,Grand St & Elizabeth St,40.7185,-73.9972,21039,Subscriber,1968,1
1500,2014-01-31 10:32:50,2014-01-31 10:57:50,9,W 52 St & 9 Ave,40.7644,-73.9878,28,Stanton St & Chrystie St,40.72229,-73.99147,20445,Subscriber,1952,1
1020,2014-01-31 09:55:50,2014-01-31 10:12:50,8,Hudson St & Reade St,40.71534,-74.00915,44,St James Pl & Pearl St,40.71117,-74.00016,22724,Customer,1962,0
2100,2014-01-31 16:43:18,2014-01-31 17:18:18,9,W 52 St & 9 Ave,40.7644,-73.9878,52,E 33 St & 1 Ave,40.74402,-73.97196,20115,Subscriber,1979,2
1680,2014-01-31 16:21:19,2014-01-31 16:49:19,60,Columbus Ave & W 72 St,40.77813,-73.97371,44,St James Pl & Pearl St,40.71117,-74.00016,20055,Subscriber,1974,1
1800,2014-01-31 09:25:24,2014-01-31 09:55:24,44,St James Pl & Pearl St,40.71117,-74.00016,33,Greenwich Ave & 8 Ave,40.73902,-74.00264,21512,Subscriber,1979,0
1860,2014-01-31 13:35:59,2014-01-31 14:06:59,8,Hudson St & Reade St,40.71534,-74.00915,60,Columbus Ave & W 72 St,40.77813,-73.97371,22644,Subscriber,1993,1
1920,2014-01-31 13:43:28,2014-01-31 14:15:28,52,E 33 St & 1 Ave,40.74402,-73.97196,33,Greenwich Ave & 8 Ave,40.73902,-74.00264,22140,Subscriber,2003,0
540,2014-01-31 10:23:40,2014-01-31 10:32:40,60,Columbus Ave & W 72 St,40.77813,-73.97371,52,E 33 St & 1 Ave,40.74402,-73.97196,22689,Customer,1955,0
660,2014-01-31 16:14:43,2014-01-31 16:25:43,47,E 20 St & Park Ave,40.73818,-73.98433,60,Columbus Ave & W 72 St,40.77813,-73.97371,21015,Customer,1979,1
1740,2014-01-31 09:56:28,2014-01-31 10:25:28,44,St James Pl & Pearl St,40.71117,-74.00016,60,Columbus Ave & W 72 St,40.77813,-73.97371,21488,Subscriber,1985,2
1740,2014-01-31 13:08:13,2014-01-31 13:37:13,41,Grand St & Elizabeth St,40.7185,-73.9972,33,Greenwich Ave & 8 Ave,40.73902,-74.00264,20796,Customer,1973,2
1860,2014-01-31 16:25:33,2014-01-31 16:56:33,60,Columbus Ave & W 72 St,40.77813,-73.97371,41,Grand St & Elizabeth St,40.7185,-73.9972,21747,Subscriber,1984,2
1500,2014-01-31 11:07:55,2014-01-31 11:32:55,9,W 52 St & 9 Ave,40.7644,-73.9878,41,Grand St & Elizabeth St,40.7185,-73.9972,21202,Subscriber,1981,0
1980,2014-01-31 10:40:33,2014-01-31 11:13:33,8,Hudson St & Reade St,40.71534,-74.00915,60,Columbus Ave & W 72 St,40.77813,-73.97371,21117,Customer,1987,0
1380,2014-01-31 11:27:03,2014-01-31 11:50:03,52,E 33 St & 1 Ave,40.74402,-73.97196,47,E 20 St & Park Ave,40.73818,-73.98433,21334,Subscriber,2003,0
1380,2014-01-31 08:57:13,2014-01-31 09:20:13,7,Washington Square E,40.73049,-73.99572,44,St James Pl & Pearl St,40.71117,-74.00016,21079,Customer,1968,1
1260,2014-01-31 12:42:09,2014-01-31 13:03:09,7,Washington Square E,40.73049,-73.99572,28,Stanton St & Chrystie St,40.72229,-73.99147,20267,Subscriber,1984,0
480,2014-01-31 11:01:18,2014-01-31 11:09:18,9,W 52 St & 9 Ave,40.7644,-73.9878,33,Greenwich Ave & 8 Ave,40.73902,-74.00264,22822,Customer,1968,1
1380,2014-01-31 07:20:03,2014-01-31 07:43:03,8,Hudson St & Reade St,40.71534,-74.00915,52,E 33 St & 1 Ave,40.74402,-73.97196,22026,Customer,1970,0
1560,2014-01-31 13:18:55,2014-01-31 13:44:55,33,Greenwich Ave & 8 Ave,40.73902,-74.00264,28,Stanton St & Chrystie St,40.72229,-73.99147,22236,Customer,1957,0
1500,2014-01-31 13:54:56,2014-01-31 14:19:56,8,Hudson St & Reade St,40.71534,-74.00915,47,E 20 St & Park Ave,40.73818,-73.98433,20568,Customer,1991,1
600,2014-01-31 10:42:06,2014-01-31 10:52:06,60,Columbus Ave & W 72 St,40.77813,-73.97371,33,Greenwich Ave & 8 Ave,40.73902,-74.00264,20793,Subscriber,2005,1
660,2014-01-31 15:14:04,2014-01-31 15:25:04,41,Grand St & Elizabeth St,40.7185,-73.9972,52,E 33 St & 1 Ave,40.74402,-73.97196,22286,Subscriber,1963,1
660,2014-01-31 11:39:58,2014-01-31 11:50:58,9,W 52 St & 9 Ave,40.7644,-73.9878,28,Stanton St & Chrystie St,40.72229,-73.99147,20950,Customer,1962,2
1500,2014-01-31 07:21:24,2014-01-31 07:46:24,7,Washington Square E,40.73049,-73.99572,33,Greenwich Ave & 8 Ave,40.73902,-74.00264,22230,Subscriber,1984,2
2100,2014-01-31 14:11:05,2014-01-31 14:46:05,9,W 52 St & 9 Ave,40.7644,-73.9878,60,Columbus Ave & W 72 St,40.77813,-73.97371,20569,Subscriber,1986,0
900,2014-01-31 11:12:15,2014-01-31 11:27:15,52,E 33 St & 1 Ave,40.74402,-73.97196,44,St James Pl & Pearl St,40.71117,-74.00016,20518,Subscriber,1991,2
840,2014-01-31 10:14:15,2014-01-31 10:28:15,41,Grand St & Elizabeth St,40.7185,-73.9972,33,Greenwich Ave & 8 Ave,40.73902,-74.00264,22329,Customer,1998,1
660,2014-01-31 16:23:41,2014-01-31 16:34:41,52,E 33 St & 1 Ave,40.74402,-73.97196,41,Grand St & Elizabeth St,40.7185,-73.9972,20487,Subscriber,1977,0
900,2014-01-31 17:10:06,2014-01-31 17:25:06,7,Washington Square E,40.73049,-73.99572,41,Grand St & Elizabeth St,40.7185,-73.9972,20692,Subscriber,1955,0
1380,2014-01-31 12:46:51,2014-01-31 13:09:51,44,St James Pl & Pearl St,40.71117,-74.00016,60,Columbus Ave & W 72 St,40.77813,-73.97371,21047,Subscriber,1966,1
600,2014-01-31 18:27:27,2014-01-31 18:37:27,33,Greenwich Ave & 8 Ave,40.73902,-74.00264,47,E 20 St & Park Ave,40.73818,-73.98433,21401,Subscriber,1975,2
420,2014-01-31 07:01:26,2014-01-31 07:08:26,44,St James Pl & Pearl St,40.71117,-74.00016,60,Columbus Ave & W 72 St,40.77813,-73.97371,22782,Subscriber,1967,0
1800,2014-01-31 07:58:56,2014-01-31 08:28:56,60,Columbus Ave & W 72 St,40.77813,-73.97371,44,St James Pl & Pearl St,40.71117,-74.00016,20346,Customer,1986,2
1980,2014-01-31 11:02:25,2014-01-31 11:35:25,33,Greenwich Ave & 8 Ave,40.73902,-74.00264,41,Grand St & Elizabeth St,40.7185,-73.9972,21490,Customer,1959,2
1200,2014-01-31 17:02:25,2014-01-31 17:22:25,52,E 33 St & 1 Ave,40.74402,-73.97196,44,St James Pl & Pearl St,40.71117,-74.00016,22672,Subscriber,1963,1
1260,2014-01-31 10:30:37,2014-01-31 10:51:37,44,St James Pl & Pearl St,40.71117,-74.00016,33,Greenwich Ave & 8 Ave,40.73902,-74.00264,21213,Subscriber,1958,2
2040,2014-01-31 16:50:52,2014-01-31 17:24:52,52,E 33 St & 1 Ave,40.74402,-73.97196,28,Stanton St & Chrystie St,40.72229,-73.99147,22311,Subscriber,1951,2
1020,2014-01-31 09:54:13,2014-01-31 10:11:13,8,Hudson St & Reade St,40.71534,-74.00915,41,Grand St & Elizabeth St,40.7185,-73.9972,21476,Subscriber,1992,2
1500,2014-01-31 10:52:36,2014-01-31 11:17:36,60,Columbus Ave & W 72 St,40.77813,-73.97371,28,Stanton St & Chrystie St,40.72229,-73.99147,20709,Subscriber,1988,1
1080,2014-01-31 14:17:36,2014-01-31 14:35:36,9,W 52 St & 9 Ave,40.7644,-73.9878,33,Greenwich Ave & 8 Ave,40.73902,-74.00264,20689,Customer,1988,0
2100,2014-01-31 11:06:04,2014-01-31 11:41:04,60,Columbus Ave & W 72 St,40.77813,-73.97371,52,E 33 St & 1 Ave,40.74402,-73.97196,21802,Customer,1966,2
1500,2014-01-31 15:24:32,2014-01-31 15:49:32,8,Hudson St & Reade St,40.71534,-74.00915,52,E 33 St & 1 Ave,40.74402,-73.97196,21914,Customer,2001,2
1620,2014-01-31 11:05:10,2014-01-31 11:32:10,33,Greenwich Ave & 8 Ave,40.73902,-74.00264,47,E 20 St & Park Ave,40.73818,-73.98433,20302,Subscriber,2001,0
1800,2014-01-31 15:07:22,2014-01-31 15:37:22,9,W 52 St & 9 Ave,40.7644,-73.9878,60,Columbus Ave & W 72 St,40.77813,-73.97371,21794,Customer,1978,1
1080,2014-01-31 07:40:09,2014-01-31 07:58:09,33,Greenwich Ave & 8 Ave,40.73902,-74.00264,41,Grand St & Elizabeth St,40.7185,-73.9972,21642,Customer,1954,2
1860,2014-01-31 10:27:32,2014-01-31 10:58:32,41,Grand St & Elizabeth St,40.7185,-73.9972,47,E 20 St & Park Ave,40.73818,-73.98433,22881,Customer,1999,0
720,2014-01-31 08:35:36,2014-01-31 08:47:36,7,Washington Square E,40.73049,-73.99572,47,E 20 St & Park Ave,40.73818,-73.98433,21127,Customer,1970,0
1260,2014-01-31 18:26:03,2014-01-31 18:47:03,41,Grand St & Elizabeth St,40.7185,-73.9972,60,Columbus Ave & W 72 St,40.77813,-73.97371,21125,Customer,1982,0
1140,2014-01-31 13:30:06,2014-01-31 13:49:06,52,E 33 St & 1 Ave,40.74402,-73.97196,47,E 20 St & Park Ave,40.73818,-73.98433,21648,Customer,1972,1
960,2014-01-31 10:35:21,2014-01-31 10:51:21,41,Grand St & Elizabeth St,40.7185,-73.9972,60,Columbus Ave & W 72 St,40.77813,-73.97371,20973,Subscriber,1979,2
600,2014-01-31 11:25:37,2014-01-31 11:35:37,52,E 33 St & 1 Ave,40.74402,-73.97196,47,E 20 St & Park Ave,40.73818,-73.98433,20218,Customer,1991,0
1200,2014-01-31 09:34:59,2014-01-31 09:54:59,47,E 20 St & Park Ave,40.73818,-73.98433,41,Grand St & Elizabeth St,40.7185,-73.9972,20876,Customer,1950,0
1380,2014-01-31 10:17:38,2014-01-31 10:40:38,9,W 52 St & 9 Ave,40.7644,-73.9878,44,St James Pl & Pearl St,40.71117,-74.00016,21321,Customer,2000,0
1500,2014-01-31 16:56:02,2014-01-31 17:21:02,7,Washington Square E,40.73049,-73.99572,33,Greenwich Ave & 8 Ave,40.73902,-74.00264,20931,Customer,1958,2
480,2014-01-31 14:13:26,2014-01-31 14:21:26,60,Columbus Ave & W 72 St,40.77813,-73.97371,33,Greenwich Ave & 8 Ave,40.73902,-74.00264,21109,Customer,2000,1
1800,2014-01-31 16:18:58,2014-01-31 16:48:58,44,St James Pl & Pearl St,40.71117,-74.00016,41,Grand St & Elizabeth St,40.7185,-73.9972,21963,Customer,1991,2
720,2014-01-31 08:51:21,2014-01-31 09:03:21,47,E 20 St & Park Ave,40.73818,-73.98433,41,Grand St & Elizabeth St,40.7185,-73.9972,21391,Subscriber,1956,0
1740,2014-01-31 10:25:10,2014-01-31 10:54:10,52,E 33 St & 1 Ave,40.74402,-73.97196,28,Stanton St & Chrystie St,40.72229,-73.99147,22065,Customer,2002,2
1620,2014-01-31 16:45:09,2014-01-31 17:12:09,9,W 52 St & 9 Ave,40.7644,-73.9878,44,St James Pl & Pearl St,40.71117,-74.00016,21831,Customer,1979,0
1320,2014-01-31 08:45:46,2014-01-31 09:07:46,8,Hudson St & Reade St,40.71534,-74.00915,28,Stanton St & Chrystie St,40.72229,-73.99147,22387,Customer,1976,1
1980,2014-01-31 07:07:47,2014-01-31 07:40:47,9,W 52 St & 9 Ave,40.7644,-73.9878,52,E 33 St & 1 Ave,40.74402,-73.97196,20838,Subscriber,1963,2
1980,2014-01-31 16:10:09,2014-01-31 16:43:09,33,Greenwich Ave & 8 Ave,40.73902,-74.00264,60,Columbus Ave & W 72 St,40.77813,-73.97371,21459,Customer,2000,0
1200,2014-01-31 18:52:00,2014-01-31 19:12:00,7,Washington Square E,40.73049,-73.99572,28,Stanton St & Chrystie St,40.72229,-73.99147,21497,Customer,1979,2
1980,2014-01-31 10:10:59,2014-01-31 10:43:59,44,St James Pl & Pearl St,40.71117,-74.00016,60,Columbus Ave & W 72 St,40.77813,-73.97371,21417,Subscriber,1974,1
1200,2014-01-31 08:29:08,2014-01-31 08:49:08,33,Greenwich Ave & 8 Ave,40.73902,-74.00264,60,Columbus Ave & W 72 St,40.77813,-73.97371,22483,Customer,1995,0
1740,2014-01-31 18:37:26,2014-01-31 19:06:26,52,E 33 St & 1 Ave,40.74402,-73.97196,28,Stanton St & Chrystie St,40.72229,-73.99147,21365,Subscriber,1976,1
480,2014-01-31 15:39:33,2014-01-31 15:47:33,28,Stanton St & Chrystie St,40.72229,-73.99147,60,Columbus Ave & W 72 St,40.77813,-73.97371,20702,Subscriber,1978,0
600,2014-01-31 08:33:23,2014-01-31 08:43:23,47,E 20 St & Park Ave,40.73818,-73.98433,52,E 33 St & 1 Ave,40.74402,-73.97196,22111,Customer,1950,0
1740,2014-01-31 18:11:14,2014-01-31 18:40:14,28,Stanton St & Chrystie St,40.72229,-73.99147,47,E 20 St & Park Ave,40.73818,-73.98433,21581,Subscriber,1959,0
360,2014-01-31 16:58:55,2014-01-31 17:04:55,41,Grand St & Elizabeth St,40.7185,-73.9972,44,St James Pl & Pearl St,40.71117,-74.00016,22515,Customer,1981,0
2040,2014-01-31 12:03:57,2014-01-31 12:37:57,8,Hudson St & Reade St,40.71534,-74.00915,60,Columbus Ave & W 72 St,40.77813,-73.97371,22679,Subscriber,1994,1
1980,2014-01-31 16:25:09,2014-01-31 16:58:09,33,Greenwich Ave & 8 Ave,40.73902,-74.00264,41,Grand St & Elizabeth St,40.7185,-73.9972,22227,Subscriber,1993,0
1200,2014-01-31 12:23:19,2014-01-31 12:43:19,8,Hudson St & Reade St,40.71534,-74.00915,44,St James Pl & Pearl St,40.71117,-74.00016,20183,Subscriber,1999,1
1320,2014-01-31 14:52:46,2014-01-31 15:14:46,33,Greenwich Ave & 8 Ave,40.73902,-74.00264,52,E 33 St & 1 Ave,40.74402,-73.97196,20965,Subscriber,1985,1
1860,2014-01-31 11:12:33,2014-01-31 11:43:33,8,Hudson St & Reade St,40.71534,-74.00915,47,E 20 St & Park Ave,40.73818,-73.98433,21478,Customer,1961,0
2040,2014-01-31 07:11:56,2014-01-31 07:45:56,47,E 20 St & Park Ave,40.73818,-73.98433,60,Columbus Ave & W 72 St,40.77813,-73.97371,22674,Customer,1958,2
1380,2014-01-31 11:06:27,2014-01-31 11:29:27,41,Grand St & Elizabeth St,40.7185,-73.9972,47,E 20 St & Park Ave,40.73818,-73.98433,20626,Subscriber,1994,1
1920,2014-01-31 11:59:54,2014-01-31 12:31:54,41,Grand St & Elizabeth St,40.7185,-73.9972,44,St James Pl & Pearl St,40.71117,-74.00016,21466,Subscriber,1996,0
900,2014-01-31 15:08:09,2014-01-31 15:23:09,33,Greenwich Ave & 8 Ave,40.73902,-74.00264,44,St James Pl & Pearl St,40.71117,-74.00016,20318,Subscriber,1996,0
540,2014-01-31 17:16:33,2014-01-31 17:25:33,47,E 20 St & Park Ave,40.73818,-73.98433,41,Grand St & Elizabeth St,40.7185,-73.9972,21736,Subscriber,1998,2
540,2014-01-31 08:28:46,2014-01-31 08:37:46,33,Greenwich Ave & 8 Ave,40.73902,-74.00264,52,E 33 St & 1 Ave,40.74402,-73.97196,22279,Customer,1996,1
1140,2014-01-31 16:37:22,2014-01-31 16:56:22,8,Hudson St & Reade St,40.71534,-74.00915,47,E 20 St & Park Ave,40.73818,-73.98433,21183,Subscriber,1959,2
840,2014-01-31 18:27:43,2014-01-31 18:41:43,60,Columbus Ave & W 72 St,40.77813,-73.97371,52,E 33 St & 1 Ave,40.74402,-73.97196,21065,Subscriber,1991,0
1860,2014-01-31 17:52:14,2014-01-31 18:23:14,7,Washington Square E,40.73049,-73.99572,47,E 20 St & Park Ave,40.73818,-73.98433,21808,Customer,1987,2
1440,2014-01-31 11:09:17,2014-01-31 11:33:17,47,E 20 St & Park Ave,40.73818,-73.98433,44,St James Pl & Pearl St,40.71117,-74.00016,21094,Subscriber,1954,2
960,2014-01-31 13:16:11,2014-01-31 13:32:11,52,E 33 St & 1 Ave,40.74402,-73.97196,44,St James Pl & Pearl St,40.71117,-74.00016,20700,Customer,1993,1
900,2014-01-31 08:33:44,2014-01-31 08:48:44,52,E 33 St & 1 Ave,40.74402,-73.97196,41,Grand St & Elizabeth St,40.7185,-73.9972,21535,Subscriber,1960,2
1440,2014-01-31 10:27:10,2014-01-31 10:51:10,28,Stanton St & Chrystie St,40.72229,-73.99147,47,E 20 St & Park Ave,40.73818,-73.98433,20349,Subscriber,1956,0
1920,2014-01-31 14:42:56,2014-01-31 15:14:56,9,W 52 St & 9 Ave,40.7644,-73.9878,47,E 20 St & Park Ave,40.73818,-73.98433,21721,Customer,1979,2
360,2014-01-31 23:55:00,2014-02-01 00:01:00,28,Stanton St & Chrystie St,40.72229,-73.99147,41,Grand St & Elizabeth St,40.7185,-73.9972,20007,Customer,1962,0
780,2014-01-31 14:56:45,2014-01-31 15:09:45,33,Greenwich Ave & 8 Ave,40.73902,-74.00264,44,St James Pl & Pearl St,40.71117,-74.00016,21625,Subscriber,1951,2
1080,2014-01-31 11:40:43,2014-01-31 11:58:43,28,Stanton St & Chrystie St,40.72229,-73.99147,33,Greenwich Ave & 8 Ave,40.73902,-74.00264,22762,Customer,1955,2
780,2014-01-31 11:24:40,2014-01-31 11:37:40,44,St James Pl & Pearl St,40.71117,-74.00016,52,E 33 St & 1 Ave,40.74402,-73.97196,20866,Customer,1963,1
660,2014-01-31 15:04:45,2014-01-31 15:15:45,44,St James Pl & Pearl St,40.71117,-74.00016,41,Grand St & Elizabeth St,40.7185,-73.9972,21110,Subscriber,1996,1
1980,2014-01-31 13:35:32,2014-01-31 14:08:32,7,Washington Square E,40.73049,-73.99572,47,E 20 St & Park Ave,40.73818,-73.98433,20232,Subscriber,1988,0
1020,2014-01-31 12:06:36,2014-01-31 12:23:36,44,St James Pl & Pearl St,40.71117,-74.00016,52,E 33 St & 1 Ave,40.74402,-73.97196,20927,Subscriber,1989,2
1680,2014-01-31 13:25:22,2014-01-31 13:53:22,44,St James Pl & Pearl St,40.71117,-74.00016,41,Grand St & Elizabeth St,40.7185,-73.9972,21144,Subscriber,1968,1
420,2014-01-31 12:49:51,2014-01-31 12:56:51,47,E 20 St & Park Ave,40.73818,-73.98433,44,St James Pl & Pearl St,40.71117,-74.00016,20783,Subscriber,1988,2
1860,2014-01-31 15:07:32,2014-01-31 15:38:32,8,Hudson St & Reade St,40.71534,-74.00915,44,St James Pl & Pearl St,40.71117,-74.00016,22094,Subscriber,1963,1
600,2014-01-31 18:03:21,2014-01-31 18:13:21,33,Greenwich Ave & 8 Ave,40.73902,-74.00264,52,E 33 St & 1 Ave,40.74402,-73.97196,21509,Subscriber,1975,1
780,2014-01-31 14:14:21,2014-01-31 14:27:21,7,Washington Square E,40.73049,-73.99572,60,Columbus Ave & W 72 St,40.77813,-73.97371,22033,Subscriber,1977,1
1260,2014-01-31 15:49:54,2014-01-31 16:10:54,28,Stanton St & Chrystie St,40.72229,-73.99147,52,E 33 St & 1 Ave,40.74402,-73.97196,21986,Customer,1953,2
1260,2014-01-31 08:35:22,2014-01-31 08:56:22,7,Washington Square E,40.73049,-73.99572,33,Greenwich Ave & 8 Ave,40.73902,-74.00264,20827,Subscriber,1988,2
1080,2014-01-31 16:15:07,2014-01-31 16:33:07,44,St James Pl & Pearl St,40.71117,-74.00016,41,Grand St & Elizabeth St,40.7185,-73.9972,22527,Customer,1969,1
960,2014-01-31 17:46:18,2014-01-31 18:02:18,7,Washington Square E,40.73049,-73.99572,52,E 33 St & 1 Ave,40.74402,-73.97196,20332,Subscriber,1967,2
780,2014-01-31 09:50:34,2014-01-31 10:03:34,52,E 33 St & 1 Ave,40.74402,-73.97196,33,Greenwich Ave & 8 Ave,40.73902,-74.00264,20828,Subscriber,1970,0
1080,2014-01-31 17:06:13,2014-01-31 17:24:13,28,Stanton St & Chrystie St,40.72229,-73.99147,52,E 33 St & 1 Ave,40.74402,-73.97196,21364,Subscriber,1951,1
540,2014-01-31 08:15:03,2014-01-31 08:24:03,60,Columbus Ave & W 72 St,40.77813,-73.97371,41,Grand St & Elizabeth St,40.7185,-73.9972,20803,Subscriber,2001,1
1080,2014-01-31 14:07:54,2014-01-31 14:25:54,60,Columbus Ave & W 72 St,40.77813,-73.97371,33,Greenwich Ave & 8 Ave,40.73902,-74.00264,20581,Customer,2002,0
1380,2014-01-31 07:04:17,2014-01-31 07:27:17,7,Washington Square E,40.73049,-73.99572,47,E 20 St & Park Ave,40.73818,-73.98433,22974,Subscriber,1963,1
1620,2014-01-31 17:12:18,2014-01-31 17:39:18,7,Washington Square E,40.73049,-73.99572,52,E 33 St & 1 Ave,40.74402,-73.97196,20848,Customer,1965,2
2100,2014-01-31 10:25:52,2014-01-31 11:00:52,47,E 20 St & Park Ave,40.73818,-73.98433,41,Grand St & Elizabeth St,40.7185,-73.9972,21717,Customer,1959,2
1560,2014-01-31 10:14:36,2014-01-31 10:40:36,52,E 33 St & 1 Ave,40.74402,-73.97196,41,Grand St & Elizabeth St,40.7185,-73.9972,20061,Subscriber,1977,1
1560,2014-01-31 09:43:32,2014-01-31 10:09:32,60,Columbus Ave & W 72 St,40.77813,-73.97371,47,E 20 St & Park Ave,40.73818,-73.98433,22652,Subscriber,1958,1
1260,2014-01-31 11:15:17,2014-01-31 11:36:17,8,Hudson St & Reade St,40.71534,-74.00915,33,Greenwich Ave & 8 Ave,40.73902,-74.00264,21922,Subscriber,2004,2
1740,2014-01-31 18:33:36,2014-01-31 19:02:36,7,Washington Square E,40.73049,-73.99572,44,St James Pl & Pearl St,40.71117,-74.00016,22469,Customer,1995,1
1800,2014-01-31 11:23:56,2014-01-31 11:53:56,44,St James Pl & Pearl St,40.71117,-74.00016,41,Grand St & Elizabeth St,40.7185,-73.9972,20878,Customer,1989,1
1980,2014-01-31 16:35:07,2014-01-31 17:08:07,33,Greenwich Ave & 8 Ave,40.73902,-74.00264,28,Stanton St & Chrystie St,40.72229,-73.99147,22035,Customer,1993,2
420,2014-01-31 09:13:04,2014-01-31 09:20:04,41,Grand St & Elizabeth St,40.7185,-73.9972,52,E 33 St & 1 Ave,40.74402,-73.97196,20780,Subscriber,1997,2
1200,2014-01-31 11:20:08,2014-01-31 11:40:08,60,Columbus Ave & W 72 St,40.77813,-73.97371,28,Stanton St & Chrystie St,40.72229,-73.99147,22954,Subscriber,2004,2
960,2014-01-31 07:21:09,2014-01-31 07:37:09,7,Washington Square E,40.73049,-73.99572,41,Grand St & Elizabeth St,40.7185,-73.9972,20874,Customer,1971,0
1320,2014-01-31 14:37:57,2014-01-31 14:59:57,8,Hudson St & Reade St,40.71534,-74.00915,33,Greenwich Ave & 8 Ave,40.73902,-74.00264,22345,Subscriber,1998,2
480,2014-01-31 13:23:06,2014-01-31 13:31:06,8,Hudson St & Reade St,40.71534,-74.00915,47,E 20 St & Park Ave,40.73818,-73.98433,22404,Customer,2001,2
1500,2014-01-31 10:23:50,2014-01-31 10:48:50,28,Stanton St & Chrystie St,40.72229,-73.99147,41,Grand St & Elizabeth St,40.7185,-73.9972,21729,Subscriber,1999,2
2100,2014-01-31 13:55:39,2014-01-31 14:30:39,44,St James Pl & Pearl St,40.71117,-74.00016,52,E 33 St & 1 Ave,40.74402,-73.97196,22968,Customer,1956,1
420,2014-01-31 15:11:15,2014-01-31 15:18:15,9,W 52 St & 9 Ave,40.7644,-73.9878,44,St James Pl & Pearl St,40.71117,-74.00016,21878,Customer,1964,0
1920,2014-01-31 13:50:55,2014-01-31 14:22:55,8,Hudson St & Reade St,40.71534,-74.00915,28,Stanton St & Chrystie St,40.72229,-73.99147,21048,Subscriber,1953,1
1260,2014-01-31 07:35:35,2014-01-31 07:56:35,47,E 20 St & Park Ave,40.73818,-73.98433,41,Grand St & Elizabeth St,40.7185,-73.9972,20238,Subscriber,1984,0
540,2014-01-31 16:47:06,2014-01-31 16:56:06,44,St James Pl & Pearl St,40.71117,-74.00016,28,Stanton St & Chrystie St,40.72229,-73.99147,21111,Subscriber,1960,2
1620,2014-01-31 17:34:30,2014-01-31 18:01:30,9,W 52 St & 9 Ave,40.7644,-73.9878,52,E 33 St & 1 Ave,40.74402,-73.97196,22000,Customer,1996,0
1980,2014-01-31 10:35:54,2014-01-31 11:08:54,47,E 20 St & Park Ave,40.73818,-73.98433,60,Columbus Ave & W 72 St,40.77813,-73.97371,22965,Customer,1960,1
480,2014-01-31 09:15:52,2014-01-31 09:23:52,41,Grand St & Elizabeth St,40.7185,-73.9972,44,St James Pl & Pearl St,40.71117,-74.00016,21740,Subscriber,1999,0
1860,2014-01-31 09:11:38,2014-01-31 09:42:38,41,Grand St & Elizabeth St,40.7185,-73.9972,52,E 33 St & 1 Ave,40.74402,-73.97196,22760,Subscriber,1957,0
2100,2014-01-31 10:20:52,2014-01-31 10:55:52,41,Grand St & Elizabeth St,40.7185,-73.9972,33,Greenwich Ave & 8 Ave,40.73902,-74.00264,21501,Customer,2001,0
660,2014-01-31 17:09:57,2014-01-31 17:20:57,41,Grand St & Elizabeth St,40.7185,-73.9972,44,St James Pl & Pearl St,40.71117,-74.00016,21784,Subscriber,2005,2
720,2014-01-31 10:07:19,2014-01-31 10:19:19,28,Stanton St & Chrystie St,40.72229,-73.99147,33,Greenwich Ave & 8 Ave,40.73902,-74.00264,21537,Subscriber,1972,0
1800,2014-01-31 18:17:47,2014-01-31 18:47:47,7,Washington Square E,40.73049,-73.99572,41,Grand St & Elizabeth St,40.7185,-73.9972,22313,Subscriber,1965,1
1740,2014-01-31 13:39:46,2014-01-31 14:08:46,7,Washington Square E,40.73049,-73.99572,28,Stanton St & Chrystie St,40.72229,-73.99147,20916,Customer,1997,0
840,2014-01-31 17:32:24,2014-01-31 17:46:24,7,Washington Square E,40.73049,-73.99572,33,Greenwich Ave & 8 Ave,40.73902,-74.00264,20080,Subscriber,1972,2
1800,2014-01-31 16:43:17,2014-01-31 17:13:17,52,E 33 St & 1 Ave,40.74402,-73.97196,44,St James Pl & Pearl St,40.71117,-74.00016,21519,Customer,1952,1
2100,2014-01-31 11:23:45,2014-01-31 11:58:45,44,St James Pl & Pearl St,40.71117,-74.00016,52,E 33 St & 1 Ave,40.74402,-73.97196,20986,Customer,1979,2
1800,2014-01-31 12:54:56,2014-01-31 13:24:56,7,Washington Square E,40.73049,-73.99572,44,St James Pl & Pearl St,40.71117,-74.00016,20495,Subscriber,1953,0
1320,2014-01-31 11:59:41,2014-01-31 12:21:41,33,Greenwich Ave & 8 Ave,40.73902,-74.00264,52,E 33 St & 1 Ave,40.74402,-73.97196,21670,Customer,1998,1
360,2014-01-31 10:48:30,2014-01-31 10:54:30,33,Greenwich Ave & 8 Ave,40.73902,-74.00264,41,Grand St & Elizabeth St,40.7185,-73.9972,22401,Subscriber,1986,1
1860,2014-01-31 17:02:08,2014-01-31 17:33:08,8,Hudson St & Reade St,40.71534,-74.00915,33,Greenwich Ave & 8 Ave,40.73902,-74.00264,22264,Subscriber,1979,0
1260,2014-01-31 16:02:25,2014-01-31 16:23:25,41,Grand St & Elizabeth St,40.7185,-73.9972,47,E 20 St & Park Ave,40.73818,-73.98433,22827,Customer,1969,0
1380,2014-01-31 10:15:29,2014-01-31 10:38:29,41,Grand St & Elizabeth St,40.7185,-73.9972,33,Greenwich Ave & 8 Ave,40.73902,-74.00264,20481,Customer,2004,0
1080,2014-01-31 14:25:08,2014-01-31 14:43:08,9,W 52 St & 9 Ave,40.7644,-73.9878,44,St James Pl & Pearl St,40.71117,-74.00016,22369,Subscriber,1972,2
1020,2014-01-31 10:20:08,2014-01-31 10:37:08,60,Columbus Ave & W 72 St,40.77813,-73.97371,52,E 33 St & 1 Ave,40.74402,-73.97196,22377,Subscriber,1950,2
480,2014-01-31 07:14:00,2014-01-31 07:22:00,28,Stanton St & Chrystie St,40.72229,-73.99147,52,E 33 St & 1 Ave,40.74402,-73.97196,22626,Subscriber,1972,0
1800,2014-01-31 12:41:25,2014-01-31 13:11:25,28,Stanton St & Chrystie St,40.72229,-73.99147,33,Greenwich Ave & 8 Ave,40.73902,-74.00264,21119,Customer,1986,0
360,2014-01-31 11:20:26,2014-01-31 11:26:26,44,St James Pl & Pearl St,40.71117,-74.00016,47,E 20 St & Park Ave,40.73818,-73.98433,22138,Subscriber,2002,0
2100,2014-01-31 07:12:23,2014-01-31 07:47:23,60,Columbus Ave & W 72 St,40.77813,-73.97371,41,Grand St & Elizabeth St,40.7185,-73.9972,21522,Customer,1998,1
900,2014-01-31 18:41:23,2014-01-31 18:56:23,33,Greenwich Ave & 8 Ave,40.73902,-74.00264,28,Stanton St & Chrystie St,40.72229,-73.99147,20465,Subscriber,1981,2
540,2014-01-31 10:44:38,2014-01-31 10:53:38,60,Columbus Ave & W 72 St,40.77813,-73.97371,44,St James Pl & Pearl St,40.71117,-74.00016,20817,Customer,1957,2
2100,2014-01-31 11:30:06,2014-01-31 12:05:06,44,St James Pl & Pearl St,40.71117,-74.00016,33,Greenwich Ave & 8 Ave,40.73902,-74.00264,20974,Subscriber,1978,0
1020,2014-01-31 12:48:28,2014-01-31 13:05:28,52,E 33 St & 1 Ave,40.74402,-73.97196,60,Columbus Ave & W 72 St,40.77813,-73.97371,21143,Customer,1982,1
1800,2014-01-31 10:50:21,2014-01-31 11:20:21,9,W 52 St & 9 Ave,40.7644,-73.9878,52,E 33 St & 1 Ave,40.74402,-73.97196,20253,Customer,1959,2
2040,2014-01-31 13:23:52,2014-01-31 13:57:52,33,Greenwich Ave & 8 Ave,40.73902,-74.00264,47,E 20 St & Park Ave,40.73818,-73.98433,21636,Customer,1988,1
1500,2014-01-31 18:28:55,2014-01-31 18:53:55,60,Columbus Ave & W 72 St,40.77813,-73.97371,47,E 20 St & Park Ave,40.73818,-73.98433,21137,Customer,1980,1
1680,2014-01-31 08:08:48,2014-01-31 08:36:48,33,Greenwich Ave & 8 Ave,40.73902,-74.00264,28,Stanton St & Chrystie St,40.72229,-73.99147,21355,Customer,1968,1
1620,2014-01-31 07:32:09,2014-01-31 07:59:09,60,Columbus Ave & W 72 St,40.77813,-73.97371,47,E 20 St & Park Ave,40.73818,-73.98433,21138,Subscriber,1952,1
600,2014-01-31 12:10:27,2014-01-31 12:20:27,8,Hudson St & Reade St,40.71534,-74.00915,60,Columbus Ave & W 72 St,40.77813,-73.97371,22535,Customer,1954,0
1380,2014-01-31 11:35:29,2014-01-31 11:58:29,41,Grand St & Elizabeth St,40.7185,-73.9972,52,E 33 St & 1 Ave,40.74402,-73.97196,22642,Subscriber,1980,0
2100,2014-01-31 17:04:13,2014-01-31 17:39:13,52,E 33 St & 1 Ave,40.74402,-73.97196,44,St James Pl & Pearl St,40.71117,-74.00016,21844,Customer,1964,2
660,2014-01-31 18:47:21,2014-01-31 18:58:21,9,W 52 St & 9 Ave,40.7644,-73.9878,41,Grand St & Elizabeth St,40.7185,-73.9972,20441,Customer,1954,2
720,2014-01-31 13:42:15,2014-01-31 13:54:15,8,Hudson St & Reade St,40.71534,-74.00915,28,Stanton St & Chrystie St,40.72229,-73.99147,22008,Subscriber,1974,2
1560,2014-01-31 17:44:57,2014-01-31 18:10:57,9,W 52 St & 9 Ave,40.7644,-73.9878,44,St James Pl & Pearl St,40.71117,-74.00016,20992,Subscriber,2002,0
720,2014-01-31 08:05:59,2014-01-31 08:17:59,33,Greenwich Ave & 8 Ave,40.73902,-74.00264,47,E 20 St & Park Ave,40.73818,-73.98433,22267,Customer,1989,0
360,2014-01-31 08:26:05,2014-01-31 08:32:05,60,Columbus Ave & W 72 St,40.77813,-73.97371,44,St James Pl & Pearl St,40.71117,-74.00016,20419,Subscriber,1984,0
1560,2014-01-31 17:48:16,2014-01-31 18:14:16,9,W 52 St & 9 Ave,40.7644,-73.9878,44,St James Pl & Pearl St,40.71117,-74.00016,22072,Customer,1962,0
1440,2014-01-31 08:41:18,2014-01-31 09:05:18,60,Columbus Ave & W 72 St,40.77813,-73.97371,52,E 33 St & 1 Ave,40.74402,-73.97196,21487,Subscriber,1967,1
2100,2014-01-31 13:33:12,2014-01-31 14:08:12,28,Stanton St & Chrystie St,40.72229,-73.99147,44,St James Pl & Pearl St,40.71117,-74.00016,22308,Subscriber,1986,1
1620,2014-01-31 08:29:43,2014-01-31 08:56:43,7,Washington Square E,40.73049,-73.99572,52,E 33 St & 1 Ave,40.74402,-73.97196,20719,Subscriber,1965,2
1260,2014-01-31 10:05:37,2014-01-31 10:26:37,28,Stanton St & Chrystie St,40.72229,-73.99147,52,E 33 St & 1 Ave,40.74402,-73.97196,22677,Customer,1952,1
600,2014-01-31 09:28:21,2014-01-31 09:38:21,8,Hudson St & Reade St,40.71534,-74.00915,44,St James Pl & Pearl St,40.71117,-74.00016,22568,Customer,1958,0
600,2014-01-31 11:58:25,2014-01-31 12:08:25,28,Stanton St & Chrystie St,40.72229,-73.99147,47,E 20 St & Park Ave,40.73818,-73.98433,20830,Subscriber,1976,2
420,2014-01-31 18:28:14,2014-01-31 18:35:14,28,Stanton St & Chrystie St,40.72229,-73.99147,44,St James Pl & Pearl St,40.71117,-74.00016,20129,Subscriber,1994,1
1200,2014-01-31 14:40:23,2014-01-31 15:00:23,52,E 33 St & 1 Ave,40.74402,-73.97196,33,Greenwich Ave & 8 Ave,40.73902,-74.00264,21553,Customer,1988,0
660,2014-01-31 11:35:06,2014-01-31 11:46:06,41,Grand St & Elizabeth St,40.7185,-73.9972,60,Columbus Ave & W 72 St,40.77813,-73.97371,21286,Subscriber,2000,2
1380,2014-01-31 16:01:13,2014-01-31 16:24:13,28,Stanton St & Chrystie St,40.72229,-73.99147,44,St James Pl & Pearl St,40.71117,-74.00016,22023,Customer,1967,0
540,2014-01-31 18:14:37,2014-01-31 18:23:37,60,Columbus Ave & W 72 St,40.77813,-73.97371,52,E 33 St & 1 Ave,40.74402,-73.97196,20741,Customer,2005,0
1860,2014-01-31 14:42:06,2014-01-31 15:13:06,28,Stanton St & Chrystie St,40.72229,-73.99147,44,St James Pl & Pearl St,40.71117,-74.00016,21133,Subscriber,1992,2
720,2014-01-31 18:39:57,2014-01-31 18:51:57,44,St James Pl & Pearl St,40.71117,-74.00016,52,E 33 St & 1 Ave,40.74402,-73.97196,21605,Customer,1960,1
1380,2014-01-31 15:25:45,2014-01-31 15:48:45,7,Washington Square E,40.73049,-73.99572,28,Stanton St & Chrystie St,40.72229,-73.99147,22754,Subscriber,1969,0
1380,2014-01-31 15:32:15,2014-01-31 15:55:15,9,W 52 St & 9 Ave,40.7644,-73.9878,41,Grand St & Elizabeth St,40.7185,-73.9972,22214,Subscriber,2001,0
1260,2014-01-31 14:39:55,2014-01-31 15:00:55,41,Grand St & Elizabeth St,40.7185,-73.9972,28,Stanton St & Chrystie St,40.72229,-73.99147,20833,Customer,1982,2
600,2014-01-31 11:25:49,2014-01-31 11:35:49,44,St James Pl & Pearl St,40.71117,-74.00016,33,Greenwich Ave & 8 Ave,40.73902,-74.00264,22978,Subscriber,1971,2
1500,2014-01-31 16:52:58,2014-01-31 17:17:58,52,E 33 St & 1 Ave,40.74402,-73.97196,60,Columbus Ave & W 72 St,40.77813,-73.97371,20667,Subscriber,1969,0
2100,2014-01-31 17:33:36,2014-01-31 18:08:36,8,Hudson St & Reade St,40.71534,-74.00915,52,E 33 St & 1 Ave,40.74402,-73.97196,20560,Customer,2000,2
840,2014-01-31 13:50:35,2014-01-31 14:04:35,52,E 33 St & 1 Ave,40.74402,-73.97196,47,E 20 St & Park Ave,40.73818,-73.98433,22764,Subscriber,1988,2
1440,2014-01-31 07:26:12,2014-01-31 07:50:12,33,Greenwich Ave & 8 Ave,40.73902,-74.00264,47,E 20 St & Park Ave,40.73818,-73.98433,20274,Subscriber,1967,2
1500,2014-01-31 16:29:24,2014-01-31 16:54:24,8,Hudson St & Reade St,40.71534,-74.00915,60,Columbus Ave & W 72 St,40.77813,-73.97371,21099,Subscriber,1989,1
540,2014-01-31 12:00:00,2014-01-31 12:09:00,52,E 33 St & 1 Ave,40.74402,-73.97196,8,Hudson St & Reade St,40.71534,-74.00915,20004,Customer,1952,1
1620,2014-01-31 15:12:26,2014-01-31 15:39:26,9,W 52 St & 9 Ave,40.7644,-73.9878,60,Columbus Ave & W 72 St,40.77813,-73.97371,21266,Customer,1958,2
840,2014-01-31 16:55:06,2014-01-31 17:09:06,44,St James Pl & Pearl St,40.71117,-74.00016,52,E 33 St & 1 Ave,40.74402,-73.97196,20775,Customer,1993,1
1740,2014-01-31 09:58:50,2014-01-31 10:27:50,47,E 20 St & Park Ave,40.73818,-73.98433,60,Columbus Ave & W 72 St,40.77813,-73.97371,22148,Customer,1979,2
1260,2014-01-31 09:22:12,2014-01-31 09:43:12,47,E 20 St & Park Ave,40.73818,-73.98433,33,Greenwich Ave & 8 Ave,40.73902,-74.00264,21056,Customer,1992,2
1380,2014-01-31 09:04:51,2014-01-31 09:27:51,44,St James Pl & Pearl St,40.71117,-74.00016,52,E 33 St & 1 Ave,40.74402,-73.97196,21008,Subscriber,1983,2
1440,2014-01-31 10:24:55,2014-01-31 10:48:55,60,Columbus Ave & W 72 St,40.77813,-73.97371,28,Stanton St & Chrystie St,40.72229,-73.99147,20397,Subscriber,1973,2
1920,2014-01-31 13:54:17,2014-01-31 14:26:17,9,W 52 St & 9 Ave,40.7644,-73.9878,28,Stanton St & Chrystie St,40.72229,-73.99147,22152,Customer,1984,2
840,2014-01-31 07:28:40,2014-01-31 07:42:40,44,St James Pl & Pearl St,40.71117,-74.00016,41,Grand St & Elizabeth St,40.7185,-73.9972,20958,Subscriber,2003,0
480,2014-01-31 16:17:29,2014-01-31 16:25:29,9,W 52 St & 9 Ave,40.7644,-73.9878,52,E 33 St & 1 Ave,40.74402,-73.97196,21759,Subscriber,1954,1
1620,2014-01-31 07:13:11,2014-01-31 07:40:11,9,W 52 St & 9 Ave,40.7644,-73.9878,47,E 20 St & Park Ave,40.73818,-73.98433,21246,Subscriber,1962,0
600,2014-01-31 08:54:38,2014-01-31 09:04:38,44,St James Pl & Pearl St,40.71117,-74.00016,47,E 20 St & Park Ave,40.73818,-73.98433,21223,Customer,1989,0
1560,2014-01-31 07:24:15,2014-01-31 07:50:15,7,Washington Square E,40.73049,-73.99572,60,Columbus Ave & W 72 St,40.77813,-73.97371,22794,Customer,1956,1
1320,2014-01-31 11:21:11,2014-01-31 11:43:11,47,E 20 St & Park Ave,40.73818,-73.98433,33,Greenwich Ave & 8 Ave,40.73902,-74.00264,22714,Customer,1962,0
900,2014-01-31 07:26:56,2014-01-31 07:41:56,7,Washington Square E,40.73049,-73.99572,33,Greenwich Ave & 8 Ave,40.73902,-74.00264,20358,Subscriber,1984,1
1440,2014-01-31 08:50:03,2014-01-31 09:14:03,8,Hudson St & Reade St,40.71534,-74.00915,52,E 33 St & 1 Ave,40.74402,-73.97196,22651,Subscriber,1979,2
1020,2014-01-31 13:54:53,2014-01-31 14:11:53,52,E 33 St & 1 Ave,40.74402,-73.97196,33,Greenwich Ave & 8 Ave,40.73902,-74.00264,21432,Customer,1978,2
360,2014-01-31 16:21:04,2014-01-31 16:27:04,52,E 33 St & 1 Ave,40.74402,-73.97196,41,Grand St & Elizabeth St,40.7185,-73.9972,21555,Subscriber,1985,2
2100,2014-01-31 15:55:20,2014-01-31 16:30:20,41,Grand St & Elizabeth St,40.7185,-73.9972,52,E 33 St & 1 Ave,40.74402,-73.97196,22538,Customer,1957,1
1560,2014-01-31 16:55:04,2014-01-31 17:21:04,41,Grand St & Elizabeth St,40.7185,-73.9972,44,St James Pl & Pearl St,40.71117,-74.00016,22275,Subscriber,1995,2
1140,2014-01-31 14:20:31,2014-01-31 14:39:31,9,W 52 St & 9 Ave,40.7644,-73.9878,47,E 20 St & Park Ave,40.73818,-73.98433,21841,Subscriber,1967,0
1020,2014-01-31 14:18:36,2014-01-31 14:35:36,41,Grand St & Elizabeth St,40.7185,-73.9972,47,E 20 St & Park Ave,40.73818,-73.98433,21793,Subscriber,1953,0
1440,2014-01-31 16:45:50,2014-01-31 17:09:50,41,Grand St & Elizabeth St,40.7185,-73.9972,47,E 20 St & Park Ave,40.73818,-73.98433,21855,Subscriber,1996,1
1380,2014-01-31 17:24:55,2014-01-31 17:47:55,7,Washington Square E,40.73049,-73.99572,41,Grand St & Elizabeth St,40.7185,-73.9972,20956,Customer,1990,1
720,2014-01-31 09:19:54,2014-01-31 09:31:54,52,E 33 St & 1 Ave,40.74402,-73.97196,28,Stanton St & Chrystie St,40.72229,-73.99147,20288,Customer,1984,2
1680,2014-01-31 08:36:49,2014-01-31 09:04:49,47,E 20 St & Park Ave,40.73818,-73.98433,33,Greenwich Ave & 8 Ave,40.73902,-74.00264,21691,Customer,1954,0
1680,2014-01-31 14:51:45,2014-01-31 15:19:45,52,E 33 St & 1 Ave,40.74402,-73.97196,33,Greenwich Ave & 8 Ave,40.73902,-74.00264,20389,Customer,1955,2
1620,2014-01-31 13:39:09,2014-01-31 14:06:09,7,Washington Square E,40.73049,-73.99572,28,Stanton St & Chrystie St,40.72229,-73.99147,22956,Customer,1960,2
720,2014-01-31 17:26:49,2014-01-31 17:38:49,41,Grand St & Elizabeth St,40.7185,-73.9972,47,E 20 St & Park Ave,40.73818,-73.98433,20680,Customer,1960,2
1080,2014-01-31 09:40:15,2014-01-31 09:58:15,9,W 52 St & 9 Ave,40.7644,-73.9878,47,E 20 St & Park Ave,40.73818,-73.98433,21620,Customer,1979,2
900,2014-01-31 10:54:21,2014-01-31 11:09:21,41,Grand St & Elizabeth St,40.7185,-73.9972,28,Stanton St & Chrystie St,40.72229,-73.99147,20217,Customer,1964,0
480,2014-01-31 09:38:23,2014-01-31 09:46:23,52,E 33 St & 1 Ave,40.74402,-73.97196,44,St James Pl & Pearl St,40.71117,-74.00016,20600,Subscriber,1994,0
1320,2014-01-31 16:03:32,2014-01-31 16:25:32,28,Stanton St & Chrystie St,40.72229,-73.99147,33,Greenwich Ave & 8 Ave,40.73902,-74.00264,22911,Customer,1995,0
2040,2014-01-31 11:46:32,2014-01-31 12:20:32,33,Greenwich Ave & 8 Ave,40.73902,-74.00264,52,E 33 St & 1 Ave,40.74402,-73.97196,21274,Subscriber,1972,2
840,2014-01-31 11:08:33,2014-01-31 11:22:33,33,Greenwich Ave & 8 Ave,40.73902,-74.00264,41,Grand St & Elizabeth St,40.7185,-73.9972,21742,Subscriber,1997,2
480,2014-01-31 16:48:48,2014-01-31 16:56:48,52,E 33 St & 1 Ave,40.74402,-73.97196,41,Grand St & Elizabeth St,40.7185,-73.9972,22551,Subscriber,1961,1
1920,2014-01-31 11:06:21,2014-01-31 11:38:21,28,Stanton St & Chrystie St,40.72229,-73.99147,44,St James Pl & Pearl St,40.71117,-74.00016,21250,Subscriber,1973,0
1800,2014-01-31 08:27:44,2014-01-31 08:57:44,47,E 20 St & Park Ave,40.73818,-73.98433,44,St James Pl & Pearl St,40.71117,-74.00016,21259,Subscriber,1976,1
1860,2014-01-31 13:38:00,2014-01-31 14:09:00,7,Washington Square E,40.73049,-73.99572,47,E 20 St & Park Ave,40.73818,-73.98433,22428,Subscriber,1982,2
1320,2014-01-31 18:56:50,2014-01-31 19:18:50,9,W 52 St & 9 Ave,40.7644,-73.9878,33,Greenwich Ave & 8 Ave,40.73902,-74.00264,21557,Subscriber,1950,1
1620,2014-01-31 13:56:33,2014-01-31 14:23:33,33,Greenwich Ave & 8 Ave,40.73902,-74.00264,28,Stanton St & Chrystie St,40.72229,-73.99147,20412,Subscriber,1972,1
1320,2014-01-31 12:32:56,2014-01-31 12:54:56,9,W 52 St & 9 Ave,40.7644,-73.9878,47,E 20 St & Park Ave,40.73818,-73.98433,22907,Subscriber,1980,2
1680,2014-01-31 08:40:26,2014-01-31 09:08:26,7,Washington Square E,40.73049,-73.99572,41,Grand St & Elizabeth St,40.7185,-73.9972,22123,Customer,1990,0
1920,2014-01-31 12:42:16,2014-01-31 13:14:16,44,St James Pl & Pearl St,40.71117,-74.00016,28,Stanton St & Chrystie St,40.72229,-73.99147,22151,Customer,1990,0
1080,2014-01-31 08:04:42,2014-01-31 08:22:42,7,Washington Square E,40.73049,-73.99572,44,St James Pl & Pearl St,40.71117,-74.00016,22855,Customer,1989,2
1560,2014-01-31 16:09:31,2014-01-31 16:35:31,60,Columbus Ave & W 72 St,40.77813,-73.97371,44,St James Pl & Pearl St,40.71117,-74.00016,22791,Subscriber,1997,2
540,2014-01-31 10:46:12,2014-01-31 10:55:12,33,Greenwich Ave & 8 Ave,40.73902,-74.00264,47,E 20 St & Park Ave,40.73818,-73.98433,20673,Customer,1957,1
480,2014-01-31 18:30:26,2014-01-31 18:38:26,33,Greenwich Ave & 8 Ave,40.73902,-74.00264,44,St James Pl & Pearl St,40.71117,-74.00016,22973,Customer,2003,2
1800,2014-01-31 09:46:16,2014-01-31 10:16:16,9,W 52 St & 9 Ave,40.7644,-73.9878,33,Greenwich Ave & 8 Ave,40.73902,-74.00264,20840,Customer,1978,2
720,2014-01-31 15:45:42,2014-01-31 15:57:42,28,Stanton St & Chrystie St,40.72229,-73.99147,41,Grand St & Elizabeth St,40.7185,-73.9972,21974,Subscriber,1983,0
960,2014-01-31 11:02:18,2014-01-31 11:18:18,7,Washington Square E,40.73049,-73.99572,28,Stanton St & Chrystie St,40.72229,-73.99147,22042,Customer,1957,2
2100,2014-01-31 08:52:57,2014-01-31 09:27:57,33,Greenwich Ave & 8 Ave,40.73902,-74.00264,44,St James Pl & Pearl St,40.71117,-74.00016,22327,Customer,1971,0
720,2014-01-31 11:02:47,2014-01-31 11:14:47,41,Grand St & Elizabeth St,40.7185,-73.9972,52,E 33 St & 1 Ave,40.74402,-73.97196,21946,Customer,1977,1
1920,2014-01-31 16:29:01,2014-01-31 17:01:01,52,E 33 St & 1 Ave,40.74402,-73.97196,33,Greenwich Ave & 8 Ave,40.73902,-74.00264,20583,Subscriber,1960,2
1500,2014-01-31 11:37:37,2014-01-31 12:02:37,33,Greenwich Ave & 8 Ave,40.73902,-74.00264,47,E 20 St & Park Ave,40.73818,-73.98433,22162,Customer,1961,1
1860,2014-01-31 16:07:34,2014-01-31 16:38:34,7,Washington Square E,40.73049,-73.99572,60,Columbus Ave & W 72 St,40.77813,-73.97371,22719,Subscriber,1963,0
1380,2014-01-31 13:00:30,2014-01-31 13:23:30,60,Columbus Ave & W 72 St,40.77813,-73.97371,33,Greenwich Ave & 8 Ave,40.73902,-74.00264,20292,Customer,1987,1
720,2014-01-31 08:46:32,2014-01-31 08:58:32,28,Stanton St & Chrystie St,40.72229,-73.99147,60,Columbus Ave & W 72 St,40.77813,-73.97371,20647,Customer,1977,1
360,2014-01-31 17:21:35,2014-01-31 17:27:35,9,W 52 St & 9 Ave,40.7644,-73.9878,60,Columbus Ave & W 72 St,40.77813,-73.97371,22168,Customer,1960,2
720,2014-01-31 15:01:34,2014-01-31 15:13:34,33,Greenwich Ave & 8 Ave,40.73902,-74.00264,41,Grand St & Elizabeth St,40.7185,-73.9972,20222,Customer,2004,2
600,2014-01-31 08:17:04,2014-01-31 08:27:04,60,Columbus Ave & W 72 St,40.77813,-73.97371,28,Stanton St & Chrystie St,40.72229,-73.99147,20755,Subscriber,2003,1
1320,2014-01-31 14:17:50,2014-01-31 14:39:50,33,Greenwich Ave & 8 Ave,40.73902,-74.00264,60,Columbus Ave & W 72 St,40.77813,-73.97371,20545,Customer,1980,2
1140,2014-01-31 11:39:18,2014-01-31 11:58:18,47,E 20 St & Park Ave,40.73818,-73.98433,33,Greenwich Ave & 8 Ave,40.73902,-74.00264,22354,Subscriber,1965,0
540,2014-01-31 07:56:01,2014-01-31 08:05:01,7,Washington Square E,40.73049,-73.99572,44,St James Pl & Pearl St,40.71117,-74.00016,20202,Customer,1957,2
1740,2014-01-31 11:05:40,2014-01-31 11:34:40,8,Hudson St & Reade St,40.71534,-74.00915,33,Greenwich Ave & 8 Ave,40.73902,-74.00264,20962,Customer,1988,2
1680,2014-01-31 07:10:53,2014-01-31 07:38:53,33,Greenwich Ave & 8 Ave,40.73902,-74.00264,28,Stanton St & Chrystie St,40.72229,-73.99147,21006,Subscriber,2001,0
1800,2014-01-31 10:08:20,2014-01-31 10:38:20,41,Grand St & Elizabeth St,40.7185,-73.9972,33,Greenwich Ave & 8 Ave,40.73902,-74.00264,20661,Subscriber,1987,2
1860,2014-01-31 14:59:27,2014-01-31 15:30:27,44,St James Pl & Pearl St,40.71117,-74.00016,47,E 20 St & Park Ave,40.73818,-73.98433,22549,Subscriber,1951,1
660,2014-01-31 07:06:24,2014-01-31 07:17:24,44,St James Pl & Pearl St,40.71117,-74.00016,47,E 20 St & Park Ave,40.73818,-73.98433,22098,Subscriber,1986,1
1980,2014-01-31 13:28:06,2014-01-31 14:01:06,33,Greenwich Ave & 8 Ave,40.73902,-74.00264,41,Grand St & Elizabeth St,40.7185,-73.9972,22176,Subscriber,1971,1
1560,2014-01-31 12:03:13,2014-01-31 12:29:13,28,Stanton St & Chrystie St,40.72229,-73.99147,47,E 20 St & Park Ave,40.73818,-73.98433,21803,Customer,1973,2
780,2014-01-31 14:44:25,2014-01-31 14:57:25,60,Columbus Ave & W 72 St,40.77813,-73.97371,33,Greenwich Ave & 8 Ave,40.73902,-74.00264,20701,Subscriber,1982,2
1200,2014-01-31 13:05:34,2014-01-31 13:25:34,28,Stanton St & Chrystie St,40.72229,-73.99147,47,E 20 St & Park Ave,40.73818,-73.98433,21924,Customer,1958,1
1740,2014-01-31 14:58:36,2014-01-31 15:27:36,7,Washington Square E,40.73049,-73.99572,28,Stanton St & Chrystie St,40.72229,-73.99147,22477,Customer,1976,0
1500,2014-01-31 11:11:27,2014-01-31 11:36:27,8,Hudson St & Reade St,40.71534,-74.00915,60,Columbus Ave & W 72 St,40.77813,-73.97371,20998,Subscriber,1952,1
360,2014-01-31 18:59:11,2014-01-31 19:05:11,44,St James Pl & Pearl St,40.71117,-74.00016,60,Columbus Ave & W 72 St,40.77813,-73.97371,22601,Customer,1961,0
780,2014-01-31 11:19:58,2014-01-31 11:32:58,7,Washington Square E,40.73049,-73.99572,33,Greenwich Ave & 8 Ave,40.73902,-74.00264,22558,Customer,1953,0
1500,2014-01-31 13:55:25,2014-01-31 14:20:25,52,E 33 St & 1 Ave,40.74402,-73.97196,60,Columbus Ave & W 72 St,40.77813,-73.97371,22836,Subscriber,1971,1
540,2014-01-31 12:23:17,2014-01-31 12:32:17,41,Grand St & Elizabeth St,40.7185,-73.9972,52,E 33 St & 1 Ave,40.74402,-73.97196,20627,Customer,1968,1
1440,2014-01-31 17:39:28,2014-01-31 18:03:28,7,Washington Square E,40.73049,-73.99572,47,E 20 St & Park Ave,40.73818,-73.98433,21472,Customer,2000,1
600,2014-01-31 14:15:20,2014-01-31 14:25:20,8,Hudson St & Reade St,40.71534,-74.00915,33,Greenwich Ave & 8 Ave,40.73902,-74.00264,21169,Customer,1967,2
1920,2014-01-31 13:31:12,2014-01-31 14:03:12,44,St James Pl & Pearl St,40.71117,-74.00016,47,E 20 St & Park Ave,40.73818,-73.98433,20772,Subscriber,1969,0
1680,2014-01-31 13:37:01,2014-01-31 14:05:01,7,Washington Square E,40.73049,-73.99572,41,Grand St & Elizabeth St,40.7185,-73.9972,20076,Subscriber,1978,2
420,2014-01-31 12:52:11,2014-01-31 12:59:11,7,Washington Square E,40.73049,-73.99572,28,Stanton St & Chrystie St,40.72229,-73.99147,20459,Subscriber,1988,0
1620,2014-01-31 18:45:48,2014-01-31 19:12:48,8,Hudson St & Reade St,40.71534,-74.00915,33,Greenwich Ave & 8 Ave,40.73902,-74.00264,22553,Subscriber,2002,2
1140,2014-01-31 12:13:23,2014-01-31 12:32:23,47,E 20 St & Park Ave,40.73818,-73.98433,60,Columbus Ave & W 72 St,40.77813,-73.97371,21023,Customer,1991,1
1260,2014-01-31 15:23:35,2014-01-31 15:44:35,9,W 52 St & 9 Ave,40.7644,-73.9878,52,E 33 St & 1 Ave,40.74402,-73.97196,22262,Customer,1982,1
1740,2014-01-31 14:38:40,2014-01-31 15:07:40,47,E 20 St & Park Ave,40.73818,-73.98433,52,E 33 St & 1 Ave,40.74402,-73.97196,20929,Subscriber,1986,0
1860,2014-01-31 18:40:18,2014-01-31 19:11:18,52,E 33 St & 1 Ave,40.74402,-73.97196,28,Stanton St & Chrystie St,40.72229,-73.99147,21677,Customer,1968,1
420,2014-01-31 18:11:49,2014-01-31 18:18:49,47,E 20 St & Park Ave,40.73818,-73.98433,52,E 33 St & 1 Ave,40.74402,-73.97196,20657,Customer,1954,0
360,2014-01-31 14:09:57,2014-01-31 14:15:57,9,W 52 St & 9 Ave,40.7644,-73.9878,47,E 20 St & Park Ave,40.73818,-73.98433,22585,Subscriber,1979,0
1320,2014-01-31 14:44:51,2014-01-31 15:06:51,41,Grand St & Elizabeth St,40.7185,-73.9972,52,E 33 St & 1 Ave,40.74402,-73.97196,20749,Subscriber,1982,0
1260,2014-01-31 16:46:30,2014-01-31 17:07:30,8,Hudson St & Reade St,40.71534,-74.00915,52,E 33 St & 1 Ave,40.74402,-73.97196,21363,Subscriber,1951,0
1380,2014-01-31 14:03:00,2014-01-31 14:26:00,7,Washington Square E,40.73049,-73.99572,47,E 20 St & Park Ave,40.73818,-73.98433,20137,Subscriber,2005,2
600,2014-01-31 11:56:03,2014-01-31 12:06:03,44,St James Pl & Pearl St,40.71117,-74.00016,47,E 20 St & Park Ave,40.73818,-73.98433,22738,Subscriber,2002,2
1140,2014-01-31 10:14:21,2014-01-31 10:33:21,28,Stanton St & Chrystie St,40.72229,-73.99147,47,E 20 St & Park Ave,40.73818,-73.98433,22173,Customer,1973,1
420,2014-01-31 08:37:44,2014-01-31 08:44:44,33,Greenwich Ave & 8 Ave,40.73902,-74.00264,28,Stanton St & Chrystie St,40.72229,-73.99147,20551,Subscriber,1996,2
1260,2014-01-31 07:44:49,2014-01-31 08:05:49,44,St James Pl & Pearl St,40.71117,-74.00016,52,E 33 St & 1 Ave,40.74402,-73.97196,20034,Subscriber,1951,1
600,2014-01-31 07:25:24,2014-01-31 07:35:24,7,Washington Square E,40.73049,-73.99572,44,St James Pl & Pearl St,40.71117,-74.00016,22002,Subscriber,2000,2
1740,2014-01-31 10:56:33,2014-01-31 11:25:33,41,Grand St & Elizabeth St,40.7185,-73.9972,52,E 33 St & 1 Ave,40.74402,-73.97196,21993,Subscriber,1967,2
1560,2014-01-31 17:55:21,2014-01-31 18:21:21,44,St James Pl & Pearl St,40.71117,-74.00016,47,E 20 St & Park Ave,40.73818,-73.98433,20140,Subscriber,1979,1
600,2014-01-31 08:13:12,2014-01-31 08:23:12,52,E 33 St & 1 Ave,40.74402,-73.97196,47,E 20 St & Park Ave,40.73818,-73.98433,20071,Subscriber,1971,2
480,2014-01-31 11:55:01,2014-01-31 12:03:01,44,St James Pl & Pearl St,40.71117,-74.00016,47,E 20 St & Park Ave,40.73818,-73.98433,22198,Customer,1982,0
1800,2014-01-31 15:17:12,2014-01-31 15:47:12,33,Greenwich Ave & 8 Ave,40.73902,-74.00264,52,E 33 St & 1 Ave,40.74402,-73.97196,20822,Customer,1994,0
1440,2014-01-31 14:07:19,2014-01-31 14:31:19,7,Washington Square E,40.73049,-73.99572,28,Stanton St & Chrystie St,40.72229,-73.99147,21805,Customer,1987,2
1380,2014-01-31 11:02:40,2014-01-31 11:25:40,52,E 33 St & 1 Ave,40.74402,-73.97196,41,Grand St & Elizabeth St,40.7185,-73.9972,20590,Customer,1994,0
1440,2014-01-31 17:38:52,2014-01-31 18:02:52,44,St James Pl & Pearl St,40.71117,-74.00016,28,Stanton St & Chrystie St,40.72229,-73.99147,22156,Subscriber,1950,0
360,2014-01-31 15:08:22,2014-01-31 15:14:22,41,Grand St & Elizabeth St,40.7185,-73.9972,33,Greenwich Ave & 8 Ave,40.73902,-74.00264,20186,Subscriber,1952,0
1860,2014-01-31 07:20:06,2014-01-31 07:51:06,8,Hudson St & Reade St,40.71534,-74.00915,33,Greenwich Ave & 8 Ave,40.73902,-74.00264,20154,Subscriber,1967,1
480,2014-01-31 08:53:17,2014-01-31 09:01:17,28,Stanton St & Chrystie St,40.72229,-73.99147,60,Columbus Ave & W 72 St,40.77813,-73.97371,20671,Customer,1986,1
600,2014-01-31 15:31:08,2014-01-31 15:41:08,41,Grand St & Elizabeth St,40.7185,-73.9972,33,Greenwich Ave & 8 Ave,40.73902,-74.00264,20174,Customer,2001,1
420,2014-01-31 13:59:58,2014-01-31 14:06:58,8,Hudson St & Reade St,40.71534,-74.00915,47,E 20 St & Park Ave,40.73818,-73.98433,21768,Subscriber,1972,2
360,2014-01-31 11:06:01,2014-01-31 11:12:01,7,Washington Square E,40.73049,-73.99572,60,Columbus Ave & W 72 St,40.77813,-73.97371,21034,Subscriber,1988,1
600,2014-01-31 17:48:10,2014-01-31 17:58:10,52,E 33 St & 1 Ave,40.74402,-73.97196,44,St James Pl & Pearl St,40.71117,-74.00016,20296,Customer,1971,1
1620,2014-01-31 15:46:16,2014-01-31 16:13:16,44,St James Pl & Pearl St,40.71117,-74.00016,47,E 20 St & Park Ave,40.73818,-73.98433,21746,Customer,1972,0
1260,2014-01-31 09:35:37,2014-01-31 09:56:37,52,E 33 St & 1 Ave,40.74402,-73.97196,28,Stanton St & Chrystie St,40.72229,-73.99147,20156,Customer,1978,2
1140,2014-01-31 14:21:14,2014-01-31 14:40:14,7,Washington Square E,40.73049,-73.99572,28,Stanton St & Chrystie St,40.72229,-73.99147,21757,Subscriber,1965,1
1800,2014-01-31 15:35:58,2014-01-31 16:05:58,28,Stanton St & Chrystie St,40.72229,-73.99147,44,St James Pl & Pearl St,40.71117,-74.00016,21326,Subscriber,1980,2
2040,2014-01-31 12:00:49,2014-01-31 12:34:49,9,W 52 St & 9 Ave,40.7644,-73.9878,33,Greenwich Ave & 8 Ave,40.73902,-74.00264,21275,Customer,1981,2
1260,2014-01-31 09:54:46,2014-01-31 10:15:46,44,St James Pl & Pearl St,40.71117,-74.00016,28,Stanton St & Chrystie St,40.72229,-73.99147,21572,Customer,2005,0
840,2014-01-31 07:46:51,2014-01-31 08:00:51,47,E 20 St & Park Ave,40.73818,-73.98433,41,Grand St & Elizabeth St,40.7185,-73.9972,22290,Customer,1966,0
1320,2014-01-31 09:29:25,2014-01-31 09:51:25,60,Columbus Ave & W 72 St,40.77813,-73.97371,33,Greenwich Ave & 8 Ave,40.73902,-74.00264,22040,Subscriber,1951,0
540,2014-01-31 12:01:12,2014-01-31 12:10:12,8,Hudson St & Reade St,40.71534,-74.00915,52,E 33 St & 1 Ave,40.74402,-73.97196,20147,Customer,1956,2
1200,2014-01-31 18:56:21,2014-01-31 19:16:21,28,Stanton St & Chrystie St,40.72229,-73.99147,33,Greenwich Ave & 8 Ave,40.73902,-74.00264,22421,Customer,1950,2
1560,2014-01-31 17:45:59,2014-01-31 18:11:59,8,Hudson St & Reade St,40.71534,-74.00915,44,St James Pl & Pearl St,40.71117,-74.00016,20908,Customer,1963,1
720,2014-01-31 14:43:50,2014-01-31 14:55:50,60,Columbus Ave & W 72 St,40.77813,-73.97371,47,E 20 St & Park Ave,40.73818,-73.98433,22357,Subscriber,1997,0
960,2014-01-31 18:14:12,2014-01-31 18:30:12,28,Stanton St & Chrystie St,40.72229,-73.99147,44,St James Pl & Pearl St,40.71117,-74.00016,22505,Customer,1988,0
1980,2014-01-31 12:42:26,2014-01-31 13:15:26,8,Hudson St & Reade St,40.71534,-74.00915,47,E 20 St & Park Ave,40.73818,-73.98433,20375,Customer,1985,1
2040,2014-01-31 12:22:50,2014-01-31 12:56:50,33,Greenwich Ave & 8 Ave,40.73902,-74.00264,28,Stanton St & Chrystie St,40.72229,-73.99147,21419,Customer,1988,1
1140,2014-01-31 15:15:06,2014-01-31 15:34:06,52,E 33 St & 1 Ave,40.74402,-73.97196,47,E 20 St & Park Ave,40.73818,-73.98433,20342,Customer,2005,1
600,2014-01-31 07:23:21,2014-01-31 07:33:21,33,Greenwich Ave & 8 Ave,40.73902,-74.00264,47,E 20 St & Park Ave,40.73818,-73.98433,22074,Subscriber,1977,2
1500,2014-01-31 08:22:36,2014-01-31 08:47:36,8,Hudson St & Reade St,40.71534,-74.00915,44,St James Pl & Pearl St,40.71117,-74.00016,20659,Subscriber,1965,0
1020,2014-01-31 09:29:16,2014-01-31 09:46:16,41,Grand St & Elizabeth St,40.7185,-73.9972,52,E 33 St & 1 Ave,40.74402,-73.97196,20228,Customer,1995,2
420,2014-01-31 13:15:09,2014-01-31 13:22:09,52,E 33 St & 1 Ave,40.74402,-73.97196,60,Columbus Ave & W 72 St,40.77813,-73.97371,22500,Customer,1956,2
1440,2014-01-31 15:25:08,2014-01-31 15:49:08,9,W 52 St & 9 Ave,40.7644,-73.9878,33,Greenwich Ave & 8 Ave,40.73902,-74.00264,20438,Subscriber,1952,0
1440,2014-01-31 13:58:23,2014-01-31 14:22:23,9,W 52 St & 9 Ave,40.7644,-73.9878,33,Greenwich Ave & 8 Ave,40.73902,-74.00264,22740,Subscriber,1950,0
960,2014-01-31 09:26:34,2014-01-31 09:42:34,7,Washington Square E,40.73049,-73.99572,60,Columbus Ave & W 72 St,40.77813,-73.97371,21332,Subscriber,1991,1
1740,2014-01-31 15:41:52,2014-01-31 16:10:52,47,E 20 St & Park Ave,40.73818,-73.98433,44,St James Pl & Pearl St,40.71117,-74.00016,20786,Customer,1981,1
720,2014-01-31 13:00:00,2014-01-31 13:12:00,60,Columbus Ave & W 72 St,40.77813,-73.97371,47,E 20 St & Park Ave,40.73818,-73.98433,20005,Subscriber,2000,1
540,2014-01-31 16:59:32,2014-01-31 17:08:32,7,Washington Square E,40.73049,-73.99572,60,Columbus Ave & W 72 St,40.77813,-73.97371,22263,Subscriber,1994,2
720,2014-01-31 07:28:31,2014-01-31 07:40:31,52,E 33 St & 1 Ave,40.74402,-73.97196,33,Greenwich Ave & 8 Ave,40.73902,-74.00264,22086,Customer,1951,0
960,2014-01-31 11:30:10,2014-01-31 11:46:10,28,Stanton St & Chrystie St,40.72229,-73.99147,33,Greenwich Ave & 8 Ave,40.73902,-74.00264,20482,Customer,1961,2
1140,2014-01-31 17:02:39,2014-01-31 17:21:39,28,Stanton St & Chrystie St,40.72229,-73.99147,60,Columbus Ave & W 72 St,40.77813,-73.97371,22324,Customer,1969,0
900,2014-01-31 07:04:07,2014-01-31 07:19:07,8,Hudson St & Reade St,40.71534,-74.00915,41,Grand St & Elizabeth St,40.7185,-73.9972,21282,Subscriber,1999,0
1080,2014-01-31 16:20:22,2014-01-31 16:38:22,44,St James Pl & Pearl St,40.71117,-74.00016,52,E 33 St & 1 Ave,40.74402,-73.97196,20703,Customer,1996,0
1860,2014-01-31 12:39:17,2014-01-31 13:10:17,52,E 33 St & 1 Ave,40.74402,-73.97196,60,Columbus Ave & W 72 St,40.77813,-73.97371,22367,Customer,1956,2
420,2014-01-31 16:17:27,2014-01-31 16:24:27,41,Grand St & Elizabeth St,40.7185,-73.9972,60,Columbus Ave & W 72 St,40.77813,-73.97371,22659,Subscriber,1981,1
900,2014-01-31 11:26:47,2014-01-31 11:41:47,52,E 33 St & 1 Ave,40.74402,-73.97196,44,St James Pl & Pearl St,40.71117,-74.00016,20446,Customer,1960,1
660,2014-01-31 08:07:08,2014-01-31 08:18:08,60,Columbus Ave & W 72 St,40.77813,-73.97371,52,E 33 St & 1 Ave,40.74402,-73.97196,21811,Subscriber,1979,2
1920,2014-01-31 16:18:54,2014-01-31 16:50:54,9,W 52 St & 9 Ave,40.7644,-73.9878,47,E 20 St & Park Ave,40.73818,-73.98433,22671,Customer,1957,1
540,2014-01-31 09:13:32,2014-01-31 09:22:32,52,E 33 St & 1 Ave,40.74402,-73.97196,60,Columbus Ave & W 72 St,40.77813,-73.97371,22976,Subscriber,1958,0
1920,2014-01-31 14:23:14,2014-01-31 14:55:14,41,Grand St & Elizabeth St,40.7185,-73.9972,28,Stanton St & Chrystie St,40.72229,-73.99147,22957,Customer,1955,0
1200,2014-01-31 07:12:51,2014-01-31 07:32:51,60,Columbus Ave & W 72 St,40.77813,-73.97371,47,E 20 St & Park Ave,40.73818,-73.98433,22842,Subscriber,1982,2
420,2014-01-31 17:16:44,2014-01-31 17:23:44,28,Stanton St & Chrystie St,40.72229,-73.99147,47,E 20 St & Park Ave,40.73818,-73.98433,22492,Subscriber,1950,1
1260,2014-01-31 12:45:04,2014-01-31 13:06:04,9,W 52 St & 9 Ave,40.7644,-73.9878,60,Columbus Ave & W 72 St,40.77813,-73.97371,21359,Subscriber,1984,0
900,2014-01-31 09:25:05,2014-01-31 09:40:05,28,Stanton St & Chrystie St,40.72229,-73.99147,44,St James Pl & Pearl St,40.71117,-74.00016,20180,Subscriber,1952,0
1440,2014-01-31 09:38:09,2014-01-31 10:02:09,41,Grand St & Elizabeth St,40.7185,-73.9972,47,E 20 St & Park Ave,40.73818,-73.98433,21704,Customer,1977,2
1380,2014-01-31 13:55:34,2014-01-31 14:18:34,52,E 33 St & 1 Ave,40.74402,-73.97196,44,St James Pl & Pearl St,40.71117,-74.00016,22584,Customer,2002,0
360,2014-01-31 14:45:19,2014-01-31 14:51:19,44,St James Pl & Pearl St,40.71117,-74.00016,60,Columbus Ave & W 72 St,40.77813,-73.97371,22273,Customer,1977,0
1800,2014-01-31 11:58:47,2014-01-31 12:28:47,33,Greenwich Ave & 8 Ave,40.73902,-74.00264,47,E 20 St & Park Ave,40.73818,-73.98433,21646,Customer,1990,0
360,2014-01-31 13:05:39,2014-01-31 13:11:39,8,Hudson St & Reade St,40.71534,-74.00915,33,Greenwich Ave & 8 Ave,40.73902,-74.00264,21708,Subscriber,1968,0
1140,2014-01-31 08:46:27,2014-01-31 09:05:27,7,Washington Square E,40.73049,-73.99572,33,Greenwich Ave & 8 Ave,40.73902,-74.00264,22135,Subscriber,1970,2
660,2014-01-31 17:05:40,2014-01-31 17:16:40,7,Washington Square E,40.73049,-73.99572,41,Grand St & Elizabeth St,40.7185,-73.9972,22108,Customer,1950,2
2100,2014-01-31 15:24:10,2014-01-31 15:59:10,47,E 20 St & Park Ave,40.73818,-73.98433,28,Stanton St & Chrystie St,40.72229,-73.99147,20366,Subscriber,1957,0
1740,2014-01-31 15:15:57,2014-01-31 15:44:57,60,Columbus Ave & W 72 St,40.77813,-73.97371,47,E 20 St & Park Ave,40.73818,-73.98433,21026,Customer,2003,1
1260,2014-01-31 16:19:19,2014-01-31 16:40:19,47,E 20 St & Park Ave,40.73818,-73.98433,52,E 33 St & 1 Ave,40.74402,-73.97196,22503,Customer,1991,2
540,2014-01-31 10:25:00,2014-01-31 10:34:00,44,St James Pl & Pearl St,40.71117,-74.00016,41,Grand St & Elizabeth St,40.7185,-73.9972,22245,Customer,1956,0
720,2014-01-31 13:59:22,2014-01-31 14:11:22,41,Grand St & Elizabeth St,40.7185,-73.9972,28,Stanton St & Chrystie St,40.72229,-73.99147,21480,Subscriber,2002,1
1320,2014-01-31 08:55:08,2014-01-31 09:17:08,8,Hudson St & Reade St,40.71534,-74.00915,44,St James Pl & Pearl St,40.71117,-74.00016,22975,Customer,1956,0
1740,2014-01-31 18:57:05,2014-01-31 19:26:05,44,St James Pl & Pearl St,40.71117,-74.00016,60,Columbus Ave & W 72 St,40.77813,-73.97371,21113,Subscriber,1965,0
1620,2014-01-31 18:04:44,2014-01-31 18:31:44,41,Grand St & Elizabeth St,40.7185,-73.9972,52,E 33 St & 1 Ave,40.74402,-73.97196,22613,Subscriber,1999,1
840,2014-01-31 09:59:34,2014-01-31 10:13:34,52,E 33 St & 1 Ave,40.74402,-73.97196,60,Columbus Ave & W 72 St,40.77813,-73.97371,21788,Customer,1961,1
1200,2014-01-31 17:05:54,2014-01-31 17:25:54,44,St James Pl & Pearl St,40.71117,-74.00016,33,Greenwich Ave & 8 Ave,40.73902,-74.00264,20740,Customer,1986,1
1200,2014-01-31 18:46:01,2014-01-31 19:06:01,28,Stanton St & Chrystie St,40.72229,-73.99147,44,St James Pl & Pearl St,40.71117,-74.00016,22349,Customer,1950,2
1920,2014-01-31 17:26:53,2014-01-31 17:58:53,9,W 52 St & 9 Ave,40.7644,-73.9878,52,E 33 St & 1 Ave,40.74402,-73.97196,20212,Customer,2003,2
1380,2014-01-31 13:43:16,2014-01-31 14:06:16,41,Grand St & Elizabeth St,40.7185,-73.9972,52,E 33 St & 1 Ave,40.74402,-73.97196,21132,Customer,1956,2
540,2014-01-31 10:26:44,2014-01-31 10:35:44,8,Hudson St & Reade St,40.71534,-74.00915,33,Greenwich Ave & 8 Ave,40.73902,-74.00264,20289,Customer,1965,1
2100,2014-01-31 18:44:14,2014-01-31 19:19:14,52,E 33 St & 1 Ave,40.74402,-73.97196,28,Stanton St & Chrystie St,40.72229,-73.99147,20597,Customer,1976,1
600,2014-01-31 07:30:26,2014-01-31 07:40:26,8,Hudson St & Reade St,40.71534,-74.00915,28,Stanton St & Chrystie St,40.72229,-73.99147,22422,Customer,1991,1
1020,2014-01-31 17:09:22,2014-01-31 17:26:22,8,Hudson St & Reade St,40.71534,-74.00915,28,Stanton St & Chrystie St,40.72229,-73.99147,21448,Customer,1970,2
360,2014-01-31 14:17:42,2014-01-31 14:23:42,47,E 20 St & Park Ave,40.73818,-73.98433,60,Columbus Ave & W 72 St,40.77813,-73.97371,22237,Customer,1995,1
960,2014-01-31 15:18:44,2014-01-31 15:34:44,47,E 20 St & Park Ave,40.73818,-73.98433,52,E 33 St & 1 Ave,40.74402,-73.97196,20606,Subscriber,1952,0
1920,2014-01-31 17:53:09,2014-01-31 18:25:09,44,St James Pl & Pearl St,40.71117,-74.00016,60,Columbus Ave & W 72 St,40.77813,-73.97371,20716,Customer,1976,1
1680,2014-01-31 11:10:53,2014-01-31 11:38:53,28,Stanton St & Chrystie St,40.72229,-73.99147,60,Columbus Ave & W 72 St,40.77813,-73.97371,21430,Subscriber,1998,0
1800,2014-01-31 07:24:57,2014-01-31 07:54:57,8,Hudson St & Reade St,40.71534,-74.00915,47,E 20 St & Park Ave,40.73818,-73.98433,21714,Subscriber,1971,0
1980,2014-01-31 15:16:56,2014-01-31 15:49:56,7,Washington Square E,40.73049,-73.99572,60,Columbus Ave & W 72 St,40.77813,-73.97371,22718,Subscriber,1970,1
960,2014-01-31 16:02:31,2014-01-31 16:18:31,9,W 52 St & 9 Ave,40.7644,-73.9878,28,Stanton St & Chrystie St,40.72229,-73.99147,20571,Customer,1952,0
960,2014-01-31 08:15:18,2014-01-31 08:31:18,44,St James Pl & Pearl St,40.71117,-74.00016,41,Grand St & Elizabeth St,40.7185,-73.9972,21343,Subscriber,1958,0
1320,2014-01-31 10:02:01,2014-01-31 10:24:01,41,Grand St & Elizabeth St,40.7185,-73.9972,60,Columbus Ave & W 72 St,40.77813,-73.97371,22233,Customer,1963,2
720,2014-02-01 00:25:00,2014-02-01 00:37:00,28,Stanton St & Chrystie St,40.72229,-73.99147,8,Hudson St & Reade St,40.71534,-74.00915,20006,Subscriber,2000,2
360,2014-01-31 15:01:10,2014-01-31 15:07:10,7,Washington Square E,40.73049,-73.99572,28,Stanton St & Chrystie St,40.72229,-73.99147,21158,Customer,1996,2
1020,2014-01-31 11:49:16,2014-01-31 12:06:16,8,Hudson St & Reade St,40.71534,-74.00915,44,St James Pl & Pearl St,40.71117,-74.00016,20338,Customer,1980,2
1080,2014-01-31 07:26:31,2014-01-31 07:44:31,52,E 33 St & 1 Ave,40.74402,-73.97196,44,St James Pl & Pearl St,40.71117,-74.00016,20802,Subscriber,1965,1
1980,2014-01-31 13:21:10,2014-01-31 13:54:10,52,E 33 St & 1 Ave,40.74402,-73.97196,44,St James Pl & Pearl St,40.71117,-74.00016,21876,Customer,1982,1
1620,2014-01-31 13:53:20,2014-01-31 14:20:20,28,Stanton St & Chrystie St,40.72229,-73.99147,33,Greenwich Ave & 8 Ave,40.73902,-74.00264,22824,Subscriber,1968,1
720,2014-01-31 18:15:59,2014-01-31 18:27:59,60,Columbus Ave & W 72 St,40.77813,-73.97371,52,E 33 St & 1 Ave,40.74402,-73.97196,22253,Subscriber,1956,1
480,2014-01-31 10:59:17,2014-01-31 11:07:17,52,E 33 St & 1 Ave,40.74402,-73.97196,60,Columbus Ave & W 72 St,40.77813,-73.97371,20769,Subscriber,2000,0
900,2014-01-31 12:38:40,2014-01-31 12:53:40,60,Columbus Ave & W 72 St,40.77813,-73.97371,33,Greenwich Ave & 8 Ave,40.73902,-74.00264,22499,Customer,1963,2
420,2014-01-31 08:41:15,2014-01-31 08:48:15,47,E 20 St & Park Ave,40.73818,-73.98433,33,Greenwich Ave & 8 Ave,40.73902,-74.00264,20563,Subscriber,1997,0
720,2014-01-31 07:02:17,2014-01-31 07:14:17,33,Greenwich Ave & 8 Ave,40.73902,-74.00264,47,E 20 St & Park Ave,40.73818,-73.98433,22206,Customer,1979,0
1380,2014-01-31 12:21:17,2014-01-31 12:44:17,41,Grand St & Elizabeth St,40.7185,-73.9972,60,Columbus Ave & W 72 St,40.77813,-73.97371,22007,Customer,1982,0
1500,2014-01-31 18:34:52,2014-01-31 18:59:52,44,St James Pl & Pearl St,40.71117,-74.00016,33,Greenwich Ave & 8 Ave,40.73902,-74.00264,22373,Customer,1998,1
1440,2014-01-31 11:18:33,2014-01-31 11:42:33,9,W 52 St & 9 Ave,40.7644,-73.9878,47,E 20 St & Park Ave,40.73818,-73.98433,20206,Customer,1982,2
1140,2014-01-31 10:27:48,2014-01-31 10:46:48,44,St James Pl & Pearl St,40.71117,-74.00016,41,Grand St & Elizabeth St,40.7185,-73.9972,22149,Subscriber,1960,1
1920,2014-01-31 12:00:59,2014-01-31 12:32:59,9,W 52 St & 9 Ave,40.7644,-73.9878,60,Columbus Ave & W 72 St,40.77813,-73.97371,20615,Customer,1981,0
1080,2014-01-31 18:50:19,2014-01-31 19:08:19,7,Washington Square E,40.73049,-73.99572,52,E 33 St & 1 Ave,40.74402,-73.97196,21053,Customer,1961,2
1680,2014-01-31 16:22:33,2014-01-31 16:50:33,44,St James Pl & Pearl St,40.71117,-74.00016,41,Grand St & Elizabeth St,40.7185,-73.9972,22707,Customer,2001,1
1260,2014-01-31 08:32:57,2014-01-31 08:53:57,8,Hudson St & Reade St,40.71534,-74.00915,41,Grand St & Elizabeth St,40.7185,-73.9972,21823,Customer,1988,2
1560,2014-01-31 09:58:51,2014-01-31 10:24:51,41,Grand St & Elizabeth St,40.7185,-73.9972,33,Greenwich Ave & 8 Ave,40.73902,-74.00264,22688,Customer,1967,0
1380,2014-01-31 18:28:06,2014-01-31 18:51:06,60,Columbus Ave & W 72 St,40.77813,-73.97371,47,E 20 St & Park Ave,40.73818,-73.98433,20837,Customer,1977,0
1320,2014-01-31 13:46:26,2014-01-31 14:08:26,60,Columbus Ave & W 72 St,40.77813,-73.97371,41,Grand St & Elizabeth St,40.7185,-73.9972,20088,Subscriber,1992,1
1440,2014-01-31 15:31:04,2014-01-31 15:55:04,44,St James Pl & Pearl St,40.71117,-74.00016,33,Greenwich Ave & 8 Ave,40.73902,-74.00264,20582,Customer,2001,2
780,2014-01-31 07:14:41,2014-01-31 07:27:41,28,Stanton St & Chrystie St,40.72229,-73.99147,44,St James Pl & Pearl St,40.71117,-74.00016,21438,Subscriber,1989,1
1140,2014-01-31 10:49:57,2014-01-31 11:08:57,8,Hudson St & Reade St,40.71534,-74.00915,47,E 20 St & Park Ave,40.73818,-73.98433,22725,Subscriber,2000,0
900,2014-01-31 11:23:18,2014-01-31 11:38:18,41,Grand St & Elizabeth St,40.7185,-73.9972,47,E 20 St & Park Ave,40.73818,-73.98433,20758,Customer,1980,1
540,2014-01-31 15:27:59,2014-01-31 15:36:59,44,St James Pl & Pearl St,40.71117,-74.00016,28,Stanton St & Chrystie St,40.72229,-73.99147,21362,Customer,1989,2
1140,2014-01-31 11:44:08,2014-01-31 12:03:08,47,E 20 St & Park Ave,40.73818,-73.98433,28,Stanton St & Chrystie St,40.72229,-73.99147,21838,Subscriber,1980,2
2100,2014-01-31 14:20:23,2014-01-31 14:55:23,9,W 52 St & 9 Ave,40.7644,-73.9878,44,St James Pl & Pearl St,40.71117,-74.00016,20485,Customer,1958,1
960,2014-01-31 17:40:36,2014-01-31 17:56:36,60,Columbus Ave & W 72 St,40.77813,-73.97371,28,Stanton St & Chrystie St,40.72229,-73.99147,21916,Subscriber,1969,0
1980,2014-01-31 18:56:20,2014-01-31 19:29:20,7,Washington Square E,40.73049,-73.99572,52,E 33 St & 1 Ave,40.74402,-73.97196,22325,Subscriber,1963,2
1260,2014-01-31 17:18:48,2014-01-31 17:39:48,33,Greenwich Ave & 8 Ave,40.73902,-74.00264,44,St James Pl & Pearl St,40.71117,-74.00016,20788,Subscriber,1973,2
1680,2014-01-31 11:23:19,2014-01-31 11:51:19,33,Greenwich Ave & 8 Ave,40.73902,-74.00264,60,Columbus Ave & W 72 St,40.77813,-73.97371,21826,Subscriber,1979,0
1800,2014-01-31 15:43:38,2014-01-31 16:13:38,8,Hudson St & Reade St,40.71534,-74.00915,60,Columbus Ave & W 72 St,40.77813,-73.97371,22106,Subscriber,1971,0
480,2014-01-31 10:52:23,2014-01-31 11:00:23,28,Stanton St & Chrystie St,40.72229,-73.99147,60,Columbus Ave & W 72 St,40.77813,-73.97371,22737,Subscriber,1987,0
960,2014-01-31 15:50:11,2014-01-31 16:06:11,8,Hudson St & Reade St,40.71534,-74.00915,47,E 20 St & Park Ave,40.73818,-73.98433,20714,Customer,1960,1
1560,2014-01-31 07:55:34,2014-01-31 08:21:34,33,Greenwich Ave & 8 Ave,40.73902,-74.00264,60,Columbus Ave & W 72 St,40.77813,-73.97371,20394,Subscriber,1983,2
1080,2014-01-31 18:42:46,2014-01-31 19:00:46,28,Stanton St & Chrystie St,40.72229,-73.99147,41,Grand St & Elizabeth St,40.7185,-73.9972,21317,Customer,1972,2
1980,2014-01-31 16:46:25,2014-01-31 17:19:25,60,Columbus Ave & W 72 St,40.77813,-73.97371,28,Stanton St & Chrystie St,40.72229,-73.99147,20595,Customer,1962,1
1740,2014-01-31 09:44:11,2014-01-31 10:13:11,44,St James Pl & Pearl St,40.71117,-74.00016,28,Stanton St & Chrystie St,40.72229,-73.99147,21176,Customer,1973,2
540,2014-01-31 10:06:09,2014-01-31 10:15:09,9,W 52 St & 9 Ave,40.7644,-73.9878,47,E 20 St & Park Ave,40.73818,-73.98433,22341,Subscriber,1969,1
1380,2014-01-31 07:37:04,2014-01-31 08:00:04,7,Washington Square E,40.73049,-73.99572,44,St James Pl & Pearl St,40.71117,-74.00016,21462,Customer,1979,1
660,2014-01-31 18:08:34,2014-01-31 18:19:34,44,St James Pl & Pearl St,40.71117,-74.00016,41,Grand St & Elizabeth St,40.7185,-73.9972,22049,Subscriber,1982,2
540,2014-01-31 16:11:15,2014-01-31 16:20:15,47,E 20 St & Park Ave,40.73818,-73.98433,44,St James Pl & Pearl St,40.71117,-74.00016,22779,Subscriber,1953,1
1860,2014-01-31 13:10:08,2014-01-31 13:41:08,44,St James Pl & Pearl St,40.71117,-74.00016,52,E 33 St & 1 Ave,40.74402,-73.97196,21096,Subscriber,2000,2
960,2014-01-31 07:59:31,2014-01-31 08:15:31,8,Hudson St & Reade St,40.71534,-74.00915,52,E 33 St & 1 Ave,40.74402,-73.97196,22482,Subscriber,1963,1
1500,2014-01-31 08:03:29,2014-01-31 08:28:29,8,Hudson St & Reade St,40.71534,-74.00915,52,E 33 St & 1 Ave,40.74402,-73.97196,22171,Customer,1956,2
1800,2014-01-31 18:54:55,2014-01-31 19:24:55,41,Grand St & Elizabeth St,40.7185,-73.9972,52,E 33 St & 1 Ave,40.74402,-73.97196,21281,Subscriber,1960,0
2040,2014-01-31 18:35:35,2014-01-31 19:09:35,60,Columbus Ave & W 72 St,40.77813,-73.97371,44,St James Pl & Pearl St,40.71117,-74.00016,20813,Subscriber,1961,0
1980,2014-01-31 09:40:38,2014-01-31 10:13:38,8,Hudson St & Reade St,40.71534,-74.00915,33,Greenwich Ave & 8 Ave,40.73902,-74.00264,20324,Customer,1963,2
600,2014-01-31 11:59:51,2014-01-31 12:09:51,28,Stanton St & Chrystie St,40.72229,-73.99147,60,Columbus Ave & W 72 St,40.77813,-73.97371,22246,Subscriber,1999,1
1200,2014-01-31 14:50:09,2014-01-31 15:10:09,60,Columbus Ave & W 72 St,40.77813,-73.97371,28,Stanton St & Chrystie St,40.72229,-73.99147,20245,Subscriber,1981,0
420,2014-01-31 07:43:44,2014-01-31 07:50:44,60,Columbus Ave & W 72 St,40.77813,-73.97371,52,E 33 St & 1 Ave,40.74402,-73.97196,21402,Customer,1999,0
1380,2014-01-31 13:05:32,2014-01-31 13:28:32,41,Grand St & Elizabeth St,40.7185,-73.9972,33,Greenwich Ave & 8 Ave,40.73902,-74.00264,21456,Customer,1971,2
1860,2014-01-31 15:59:01,2014-01-31 16:30:01,47,E 20 St & Park Ave,40.73818,-73.98433,60,Columbus Ave & W 72 St,40.77813,-73.97371,22274,Subscriber,1961,2
1620,2014-01-31 13:14:03,2014-01-31 13:41:03,41,Grand St & Elizabeth St,40.7185,-73.9972,47,E 20 St & Park Ave,40.73818,-73.98433,21012,Customer,1998,2
1020,2014-01-31 09:57:49,2014-01-31 10:14:49,28,Stanton St & Chrystie St,40.72229,-73.99147,44,St James Pl & Pearl St,40.71117,-74.00016,21080,Customer,1951,2
1380,2014-01-31 12:15:29,2014-01-31 12:38:29,60,Columbus Ave & W 72 St,40.77813,-73.97371,41,Grand St & Elizabeth St,40.7185,-73.9972,22403,Customer,2002,0
1200,2014-01-31 07:39:57,2014-01-31 07:59:57,44,St James Pl & Pearl St,40.71117,-74.00016,41,Grand St & Elizabeth St,40.7185,-73.9972,22866,Subscriber,1954,0
420,2014-01-31 13:51:34,2014-01-31 13:58:34,44,St James Pl & Pearl St,40.71117,-74.00016,60,Columbus Ave & W 72 St,40.77813,-73.97371,21732,Subscriber,1950,0
2100,2014-01-31 10:29:54,2014-01-31 11:04:54,41,Grand St & Elizabeth St,40.7185,-73.9972,28,Stanton St & Chrystie St,40.72229,-73.99147,21573,Subscriber,1973,2
1260,2014-01-31 07:15:55,2014-01-31 07:36:55,52,E 33 St & 1 Ave,40.74402,-73.97196,47,E 20 St & Park Ave,40.73818,-73.98433,22746,Subscriber,1956,0
1980,2014-01-31 11:08:08,2014-01-31 11:41:08,60,Columbus Ave & W 72 St,40.77813,-73.97371,41,Grand St & Elizabeth St,40.7185,-73.9972,21238,Subscriber,1969,1
540,2014-01-31 13:22:24,2014-01-31 13:31:24,41,Grand St & Elizabeth St,40.7185,-73.9972,60,Columbus Ave & W 72 St,40.77813,-73.97371,20100,Subscriber,1958,0
540,2014-01-31 17:41:14,2014-01-31 17:50:14,44,St James Pl & Pearl St,40.71117,-74.00016,52,E 33 St & 1 Ave,40.74402,-73.97196,20776,Customer,1962,1
1680,2014-01-31 07:37:36,2014-01-31 08:05:36,33,Greenwich Ave & 8 Ave,40.73902,-74.00264,28,Stanton St & Chrystie St,40.72229,-73.99147,21306,Subscriber,1990,1
1740,2014-01-31 12:43:08,2014-01-31 13:12:08,44,St James Pl & Pearl St,40.71117,-74.00016,47,E 20 St & Park Ave,40.73818,-73.98433,21539,Customer,1980,2
1440,2014-01-31 07:16:25,2014-01-31 07:40:25,60,Columbus Ave & W 72 St,40.77813,-73.97371,52,E 33 St & 1 Ave,40.74402,-73.97196,22938,Customer,1965,1
1140,2014-01-31 18:05:29,2014-01-31 18:24:29,33,Greenwich Ave & 8 Ave,40.73902,-74.00264,28,Stanton St & Chrystie St,40.72229,-73.99147,22757,Subscriber,1994,0
600,2014-01-31 11:45:11,2014-01-31 11:55:11,41,Grand St & Elizabeth St,40.7185,-73.9972,33,Greenwich Ave & 8 Ave,40.73902,-74.00264,21538,Subscriber,2000,1
720,2014-01-31 07:46:32,2014-01-31 07:58:32,28,Stanton St & Chrystie St,40.72229,-73.99147,47,E 20 St & Park Ave,40.73818,-73.98433,21990,Customer,1976,2
960,2014-01-31 13:21:37,2014-01-31 13:37:37,28,Stanton St & Chrystie St,40.72229,-73.99147,41,Grand St & Elizabeth St,40.7185,-73.9972,21252,Customer,1971,0
2100,2014-01-31 08:08:33,2014-01-31 08:43:33,52,E 33 St & 1 Ave,40.74402,-73.97196,44,St James Pl & Pearl St,40.71117,-74.00016,20911,Customer,1968,1
660,2014-01-31 07:59:15,2014-01-31 08:10:15,44,St James Pl & Pearl St,40.71117,-74.00016,60,Columbus Ave & W 72 St,40.77813,-73.97371,21558,Subscriber,2005,1
1980,2014-01-31 16:55:33,2014-01-31 17:28:33,9,W 52 St & 9 Ave,40.7644,-73.9878,47,E 20 St & Park Ave,40.73818,-73.98433,20943,Customer,1959,2
720,2014-01-31 17:24:47,2014-01-31 17:36:47,41,Grand St & Elizabeth St,40.7185,-73.9972,52,E 33 St & 1 Ave,40.74402,-73.97196,21112,Customer,1963,1
660,2014-01-31 08:32:28,2014-01-31 08:43:28,41,Grand St & Elizabeth St,40.7185,-73.9972,44,St James Pl & Pearl St,40.71117,-74.00016,21367,Customer,1976,1
1440,2014-01-31 12:28:17,2014-01-31 12:52:17,44,St James Pl & Pearl St,40.71117,-74.00016,52,E 33 St & 1 Ave,40.74402,-73.97196,22487,Customer,1964,1
1800,2014-01-31 07:03:28,2014-01-31 07:33:28,44,St James Pl & Pearl St,40.71117,-74.00016,60,Columbus Ave & W 72 St,40.77813,-73.97371,20322,Subscriber,2005,0
900,2014-01-31 13:37:51,2014-01-31 13:52:51,33,Greenwich Ave & 8 Ave,40.73902,-74.00264,60,Columbus Ave & W 72 St,40.77813,-73.97371,22536,Customer,1988,1
840,2014-01-31 15:47:58,2014-01-31 16:01:58,8,Hudson St & Reade St,40.71534,-74.00915,41,Grand St & Elizabeth St,40.7185,-73.9972,21074,Subscriber,1977,0
1200,2014-01-31 11:53:47,2014-01-31 12:13:47,52,E 33 St & 1 Ave,40.74402,-73.97196,33,Greenwich Ave & 8 Ave,40.73902,-74.00264,22234,Customer,1978,2
960,2014-01-31 18:08:26,2014-01-31 18:24:26,8,Hudson St & Reade St,40.71534,-74.00915,44,St James Pl & Pearl St,40.71117,-74.00016,22697,Customer,1987,1
540,2014-01-31 12:34:48,2014-01-31 12:43:48,33,Greenwich Ave & 8 Ave,40.73902,-74.00264,60,Columbus Ave & W 72 St,40.77813,-73.97371,20195,Subscriber,1975,1
420,2014-01-31 17:56:01,2014-01-31 18:03:01,7,Washington Square E,40.73049,-73.99572,52,E 33 St & 1 Ave,40.74402,-73.97196,20620,Customer,1955,0
780,2014-01-31 13:59:00,2014-01-31 14:12:00,44,St James Pl & Pearl St,40.71117,-74.00016,33,Greenwich Ave & 8 Ave,40.73902,-74.00264,22224,Customer,2001,1
900,2014-01-31 15:39:23,2014-01-31 15:54:23,41,Grand St & Elizabeth St,40.7185,-73.9972,47,E 20 St & Park Ave,40.73818,-73.98433,20114,Customer,2002,1
1920,2014-01-31 09:15:33,2014-01-31 09:47:33,60,Columbus Ave & W 72 St,40.77813,-73.97371,41,Grand St & Elizabeth St,40.7185,-73.9972,22292,Subscriber,2001,2
1800,2014-01-31 07:05:53,2014-01-31 07:35:53,28,Stanton St & Chrystie St,40.72229,-73.99147,41,Grand St & Elizabeth St,40.7185,-73.9972,22038,Customer,1989,1
540,2014-01-31 16:45:28,2014-01-31 16:54:28,8,Hudson St & Reade St,40.71534,-74.00915,41,Grand St & Elizabeth St,40.7185,-73.9972,22863,Subscriber,1984,2
1200,2014-01-31 15:27:47,2014-01-31 15:47:47,41,Grand St & Elizabeth St,40.7185,-73.9972,28,Stanton St & Chrystie St,40.72229,-73.99147,22478,Subscriber,1979,1
1860,2014-01-31 16:31:23,2014-01-31 17:02:23,33,Greenwich Ave & 8 Ave,40.73902,-74.00264,60,Columbus Ave & W 72 St,40.77813,-73.97371,21903,Customer,1969,2
1800,2014-01-31 07:08:42,2014-01-31 07:38:42,44,St James Pl & Pearl St,40.71117,-74.00016,41,Grand St & Elizabeth St,40.7185,-73.9972,20730,Subscriber,1991,0
1200,2014-01-31 14:34:38,2014-01-31 14:54:38,41,Grand St & Elizabeth St,40.7185,-73.9972,33,Greenwich Ave & 8 Ave,40.73902,-74.00264,22465,Customer,1958,1
780,2014-01-31 10:26:13,2014-01-31 10:39:13,44,St James Pl & Pearl St,40.71117,-74.00016,52,E 33 St & 1 Ave,40.74402,-73.97196,22569,Subscriber,2004,1
1320,2014-01-31 11:06:28,2014-01-31 11:28:28,8,Hudson St & Reade St,40.71534,-74.00915,33,Greenwich Ave & 8 Ave,40.73902,-74.00264,21346,Customer,1971,0
1620,2014-01-31 13:07:43,2014-01-31 13:34:43,28,Stanton St & Chrystie St,40.72229,-73.99147,33,Greenwich Ave & 8 Ave,40.73902,-74.00264,21696,Subscriber,1997,2
720,2014-01-31 11:20:18,2014-01-31 11:32:18,33,Greenwich Ave & 8 Ave,40.73902,-74.00264,44,St James Pl & Pearl St,40.71117,-74.00016,21958,Subscriber,1961,2
2040,2014-01-31 08:21:05,2014-01-31 08:55:05,33,Greenwich Ave & 8 Ave,40.73902,-74.00264,41,Grand St & Elizabeth St,40.7185,-73.9972,22939,Subscriber,2004,2
780,2014-01-31 11:27:29,2014-01-31 11:40:29,9,W 52 St & 9 Ave,40.7644,-73.9878,52,E 33 St & 1 Ave,40.74402,-73.97196,21982,Subscriber,2002,1
1860,2014-01-31 15:30:20,2014-01-31 16:01:20,47,E 20 St & Park Ave,40.73818,-73.98433,52,E 33 St & 1 Ave,40.74402,-73.97196,20642,Subscriber,1971,2
1740,2014-01-31 09:51:15,2014-01-31 10:20:15,60,Columbus Ave & W 72 St,40.77813,-73.97371,41,Grand St & Elizabeth St,40.7185,-73.9972,21692,Customer,1961,2
1080,2014-01-31 12:44:57,2014-01-31 13:02:57,8,Hudson St & Reade St,40.71534,-74.00915,33,Greenwich Ave & 8 Ave,40.73902,-74.00264,22547,Subscriber,1952,1
780,2014-01-31 08:06:47,2014-01-31 08:19:47,44,St James Pl & Pearl St,40.71117,-74.00016,52,E 33 St & 1 Ave,40.74402,-73.97196,20779,Subscriber,1973,0
600,2014-01-31 15:27:47,2014-01-31 15:37:47,7,Washington Square E,40.73049,-73.99572,33,Greenwich Ave & 8 Ave,40.73902,-74.00264,20414,Customer,1971,0
1500,2014-01-31 18:26:00,2014-01-31 18:51:00,60,Columbus Ave & W 72 St,40.77813,-73.97371,28,Stanton St & Chrystie St,40.72229,-73.99147,21833,Subscriber,1998,2
660,2014-01-31 08:00:18,2014-01-31 08:11:18,9,W 52 St & 9 Ave,40.7644,-73.9878,33,Greenwich Ave & 8 Ave,40.73902,-74.00264,20239,Subscriber,1958,2
1800,2014-01-31 11:46:46,2014-01-31 12:16:46,7,Washington Square E,40.73049,-73.99572,28,Stanton St & Chrystie St,40.72229,-73.99147,21586,Customer,1965,1
2100,2014-01-31 13:45:32,2014-01-31 14:20:32,41,Grand St & Elizabeth St,40.7185,-73.9972,60,Columbus Ave & W 72 St,40.77813,-73.97371,21324,Subscriber,1997,1
1860,2014-01-31 08:58:56,2014-01-31 09:29:56,28,Stanton St & Chrystie St,40.72229,-73.99147,47,E 20 St & Park Ave,40.73818,-73.98433,21583,Subscriber,1958,2
1620,2014-01-31 11:08:21,2014-01-31 11:35:21,7,Washington Square E,40.73049,-73.99572,28,Stanton St & Chrystie St,40.72229,-73.99147,20674,Subscriber,1991,0
480,2014-01-31 12:04:41,2014-01-31 12:12:41,52,E 33 St & 1 Ave,40.74402,-73.97196,60,Columbus Ave & W 72 St,40.77813,-73.97371,20699,Customer,1987,1
2040,2014-01-31 08:22:06,2014-01-31 08:56:06,28,Stanton St & Chrystie St,40.72229,-73.99147,33,Greenwich Ave & 8 Ave,40.73902,-74.00264,21859,Subscriber,2002,1
600,2014-01-31 15:49:30,2014-01-31 15:59:30,8,Hudson St & Reade St,40.71534,-74.00915,28,Stanton St & Chrystie St,40.72229,-73.99147,22418,Customer,1960,1
1080,2014-01-31 07:09:41,2014-01-31 07:27:41,47,E 20 St & Park Ave,40.73818,-73.98433,28,Stanton St & Chrystie St,40.72229,-73.99147,21102,Customer,1953,2
840,2014-01-31 10:34:46,2014-01-31 10:48:46,8,Hudson St & Reade St,40.71534,-74.00915,33,Greenwich Ave & 8 Ave,40.73902,-74.00264,21153,Subscriber,2005,0
1920,2014-01-31 10:52:23,2014-01-31 11:24:23,33,Greenwich Ave & 8 Ave,40.73902,-74.00264,44,St James Pl & Pearl St,40.71117,-74.00016,22941,Subscriber,1995,0
720,2014-01-31 08:58:02,2014-01-31 09:10:02,33,Greenwich Ave & 8 Ave,40.73902,-74.00264,41,Grand St & Elizabeth St,40.7185,-73.9972,22867,Customer,1969,2
1620,2014-01-31 14:39:31,2014-01-31 15:06:31,7,Washington Square E,40.73049,-73.99572,52,E 33 St & 1 Ave,40.74402,-73.97196,22057,Subscriber,2000,1
1320,2014-01-31 09:25:06,2014-01-31 09:47:06,8,Hudson St & Reade St,40.71534,-74.00915,33,Greenwich Ave & 8 Ave,40.73902,-74.00264,21668,Customer,1980,1
1680,2014-01-31 13:17:48,2014-01-31 13:45:48,28,Stanton St & Chrystie St,40.72229,-73.99147,33,Greenwich Ave & 8 Ave,40.73902,-74.00264,22452,Subscriber,1982,1
1500,2014-01-31 08:26:20,2014-01-31 08:51:20,41,Grand St & Elizabeth St,40.7185,-73.9972,52,E 33 St & 1 Ave,40.74402,-73.97196,20407,Customer,1992,0
1860,2014-01-31 16:46:53,2014-01-31 17:17:53,28,Stanton St & Chrystie St,40.72229,-73.99147,41,Grand St & Elizabeth St,40.7185,-73.9972,21939,Subscriber,1954,1
1800,2014-01-31 18:57:29,2014-01-31 19:27:29,33,Greenwich Ave & 8 Ave,40.73902,-74.00264,60,Columbus Ave & W 72 St,40.77813,-73.97371,20885,Subscriber,1961,2
1800,2014-01-31 14:43:04,2014-01-31 15:13:04,9,W 52 St & 9 Ave,40.7644,-73.9878,60,Columbus Ave & W 72 St,40.77813,-73.97371,20065,Subscriber,2001,2
1980,2014-01-31 07:38:28,2014-01-31 08:11:28,44,St James Pl & Pearl St,40.71117,-74.00016,52,E 33 St & 1 Ave,40.74402,-73.97196,20058,Customer,1983,1
900,2014-01-31 14:41:20,2014-01-31 14:56:20,52,E 33 St & 1 Ave,40.74402,-73.97196,44,St James Pl & Pearl St,40.71117,-74.00016,21385,Subscriber,1987,0
2100,2014-01-31 14:45:17,2014-01-31 15:20:17,8,Hudson St & Reade St,40.71534,-74.00915,33,Greenwich Ave & 8 Ave,40.73902,-74.00264,21409,Subscriber,1968,1
1680,2014-01-31 13:22:53,2014-01-31 13:50:53,41,Grand St & Elizabeth St,40.7185,-73.9972,28,Stanton St & Chrystie St,40.72229,-73.99147,20472,Subscriber,2004,0
1440,2014-01-31 11:30:05,2014-01-31 11:54:05,47,E 20 St & Park Ave,40.73818,-73.98433,44,St James Pl & Pearl St,40.71117,-74.00016,22618,Customer,1956,1
1140,2014-01-31 12:26:18,2014-01-31 12:45:18,60,Columbus Ave & W 72 St,40.77813,-73.97371,28,Stanton St & Chrystie St,40.72229,-73.99147,21179,Customer,2002,0
1500,2014-01-31 11:51:13,2014-01-31 12:16:13,33,Greenwich Ave & 8 Ave,40.73902,-74.00264,44,St James Pl & Pearl St,40.71117,-74.00016,20698,Customer,2001,2
1020,2014-01-31 09:31:01,2014-01-31 09:48:01,60,Columbus Ave & W 72 St,40.77813,-73.97371,44,St James Pl & Pearl St,40.71117,-74.00016,22160,Subscriber,1979,2
780,2014-01-31 17:05:20,2014-01-31 17:18:20,60,Columbus Ave & W 72 St,40.77813,-73.97371,28,Stanton St & Chrystie St,40.72229,-73.99147,20452,Customer,1976,2
780,2014-01-31 14:01:49,2014-01-31 14:14:49,47,E 20 St & Park Ave,40.73818,-73.98433,60,Columbus Ave & W 72 St,40.77813,-73.97371,21469,Customer,1994,0
780,2014-01-31 18:29:21,2014-01-31 18:42:21,47,E 20 St & Park Ave,40.73818,-73.98433,28,Stanton St & Chrystie St,40.72229,-73.99147,22169,Customer,1978,1
2100,2014-01-31 12:09:11,2014-01-31 12:44:11,60,Columbus Ave & W 72 St,40.77813,-73.97371,47,E 20 St & Park Ave,40.73818,-73.98433,21383,Subscriber,1971,2
960,2014-01-31 08:16:51,2014-01-31 08:32:51,8,Hudson St & Reade St,40.71534,-74.00915,33,Greenwich Ave & 8 Ave,40.73902,-74.00264,20131,Subscriber,1952,1
1440,2014-01-31 10:14:12,2014-01-31 10:38:12,33,Greenwich Ave & 8 Ave,40.73902,-74.00264,52,E 33 St & 1 Ave,40.74402,-73.97196,22461,Subscriber,1957,0
600,2014-01-31 15:16:46,2014-01-31 15:26:46,9,W 52 St & 9 Ave,40.7644,-73.9878,52,E 33 St & 1 Ave,40.74402,-73.97196,22802,Customer,1967,2
420,2014-01-31 09:34:18,2014-01-31 09:41:18,33,Greenwich Ave & 8 Ave,40.73902,-74.00264,41,Grand St & Elizabeth St,40.7185,-73.9972,22328,Customer,1998,2
1440,2014-01-31 15:21:12,2014-01-31 15:45:12,52,E 33 St & 1 Ave,40.74402,-73.97196,60,Columbus Ave & W 72 St,40.77813,-73.97371,22742,Customer,1980,1
1440,2014-01-31 13:55:48,2014-01-31 14:19:48,7,Washington Square E,40.73049,-73.99572,60,Columbus Ave & W 72 St,40.77813,-73.97371,21084,Customer,1989,0
1380,2014-01-31 18:11:00,2014-01-31 18:34:00,41,Grand St & Elizabeth St,40.7185,-73.9972,60,Columbus Ave & W 72 St,40.77813,-73.97371,22481,Subscriber,1962,1
1260,2014-01-31 07:10:29,2014-01-31 07:31:29,52,E 33 St & 1 Ave,40.74402,-73.97196,44,St James Pl & Pearl St,40.71117,-74.00016,22926,Customer,1966,1
1560,2014-01-31 08:48:32,2014-01-31 09:14:32,47,E 20 St & Park Ave,40.73818,-73.98433,33,Greenwich Ave & 8 Ave,40.73902,-74.00264,21835,Subscriber,1992,1
1740,2014-01-31 14:16:56,2014-01-31 14:45:56,33,Greenwich Ave & 8 Ave,40.73902,-74.00264,44,St James Pl & Pearl St,40.71117,-74.00016,20797,Customer,1984,0
1560,2014-01-31 17:06:08,2014-01-31 17:32:08,41,Grand St & Elizabeth St,40.7185,-73.9972,47,E 20 St & Park Ave,40.73818,-73.98433,22468,Customer,1984,2
1800,2014-01-31 10:40:03,2014-01-31 11:10:03,33,Greenwich Ave & 8 Ave,40.73902,-74.00264,28,Stanton St & Chrystie St,40.72229,-73.99147,21477,Subscriber,1982,1
1620,2014-01-31 10:00:29,2014-01-31 10:27:29,9,W 52 St & 9 Ave,40.7644,-73.9878,28,Stanton St & Chrystie St,40.72229,-73.99147,22257,Subscriber,1963,2
900,2014-01-31 18:45:48,2014-01-31 19:00:48,8,Hudson St & Reade St,40.71534,-74.00915,44,St James Pl & Pearl St,40.71117,-74.00016,22409,Subscriber,1953,0
1080,2014-01-31 12:30:02,2014-01-31 12:48:02,9,W 52 St & 9 Ave,40.7644,-73.9878,60,Columbus Ave & W 72 St,40.77813,-73.97371,20999,Customer,1958,0
1440,2014-01-31 17:11:43,2014-01-31 17:35:43,33,Greenwich Ave & 8 Ave,40.73902,-74.00264,52,E 33 St & 1 Ave,40.74402,-73.97196,22732,Subscriber,1994,2
1080,2014-01-31 17:07:38,2014-01-31 17:25:38,9,W 52 St & 9 Ave,40.7644,-73.9878,60,Columbus Ave & W 72 St,40.77813,-73.97371,20896,Subscriber,1986,2
1200,2014-01-31 07:25:22,2014-01-31 07:45:22,52,E 33 St & 1 Ave,40.74402,-73.97196,60,Columbus Ave & W 72 St,40.77813,-73.97371,20994,Customer,1951,2
660,2014-01-31 16:33:20,2014-01-31 16:44:20,44,St James Pl & Pearl St,40.71117,-74.00016,47,E 20 St & Park Ave,40.73818,-73.98433,21627,Subscriber,1954,0
1440,2014-01-31 14:02:29,2014-01-31 14:26:29,47,E 20 St & Park Ave,40.73818,-73.98433,60,Columbus Ave & W 72 St,40.77813,-73.97371,20785,Subscriber,1996,1
1620,2014-01-31 08:02:33,2014-01-31 08:29:33,41,Grand St & Elizabeth St,40.7185,-73.9972,47,E 20 St & Park Ave,40.73818,-73.98433,21907,Customer,1997,0
360,2014-01-31 10:01:51,2014-01-31 10:07:51,60,Columbus Ave & W 72 St,40.77813,-73.97371,52,E 33 St & 1 Ave,40.74402,-73.97196,21225,Subscriber,1982,0
420,2014-01-31 12:11:28,2014-01-31 12:18:28,28,Stanton St & Chrystie St,40.72229,-73.99147,44,St James Pl & Pearl St,40.71117,-74.00016,21407,Subscriber,1978,0
840,2014-01-31 09:17:26,2014-01-31 09:31:26,44,St James Pl & Pearl St,40.71117,-74.00016,52,E 33 St & 1 Ave,40.74402,-73.97196,20012,Subscriber,1994,1
1200,2014-01-31 12:23:53,2014-01-31 12:43:53,47,E 20 St & Park Ave,40.73818,-73.98433,60,Columbus Ave & W 72 St,40.77813,-73.97371,21107,Subscriber,1995,2
720,2014-01-31 07:18:33,2014-01-31 07:30:33,60,Columbus Ave & W 72 St,40.77813,-73.97371,44,St James Pl & Pearl St,40.71117,-74.00016,21786,Customer,1992,1
2100,2014-01-31 14:22:41,2014-01-31 14:57:41,8,Hudson St & Reade St,40.71534,-74.00915,47,E 20 St & Park Ave,40.73818,-73.98433,22909,Customer,1973,2
660,2014-01-31 09:36:50,2014-01-31 09:47:50,47,E 20 St & Park Ave,40.73818,-73.98433,33,Greenwich Ave & 8 Ave,40.73902,-74.00264,22448,Subscriber,1963,2
1200,2014-01-31 18:53:49,2014-01-31 19:13:49,41,Grand St & Elizabeth St,40.7185,-73.9972,28,Stanton St & Chrystie St,40.72229,-73.99147,20957,Subscriber,1961,0
480,2014-01-31 17:03:17,2014-01-31 17:11:17,9,W 52 St & 9 Ave,40.7644,-73.9878,60,Columbus Ave & W 72 St,40.77813,-73.97371,22144,Subscriber,1955,2
1080,2014-01-31 11:07:39,2014-01-31 11:25:39,41,Grand St & Elizabeth St,40.7185,-73.9972,52,E 33 St & 1 Ave,40.74402,-73.97196,21850,Customer,1982,0
1800,2014-01-31 13:05:50,2014-01-31 13:35:50,44,St James Pl & Pearl St,40.71117,-74.00016,60,Columbus Ave & W 72 St,40.77813,-73.97371,20364,Customer,1984,1
1860,2014-01-31 08:33:27,2014-01-31 09:04:27,41,Grand St & Elizabeth St,40.7185,-73.9972,28,Stanton St & Chrystie St,40.72229,-73.99147,22411,Customer,1956,0
1140,2014-01-31 15:50:14,2014-01-31 16:09:14,52,E 33 St & 1 Ave,40.74402,-73.97196,41,Grand St & Elizabeth St,40.7185,-73.9972,22934,Subscriber,1968,0
1200,2014-01-31 13:13:12,2014-01-31 13:33:12,9,W 52 St & 9 Ave,40.7644,-73.9878,28,Stanton St & Chrystie St,40.72229,-73.99147,21828,Subscriber,1974,1
540,2014-01-31 14:29:47,2014-01-31 14:38:47,8,Hudson St & Reade St,40.71534,-74.00915,41,Grand St & Elizabeth St,40.7185,-73.9972,21121,Subscriber,1963,2
1320,2014-01-31 17:49:31,2014-01-31 18:11:31,44,St James Pl & Pearl St,40.71117,-74.00016,60,Columbus Ave & W 72 St,40.77813,-73.97371,22276,Customer,2000,1
600,2014-01-31 13:01:18,2014-01-31 13:11:18,7,Washington Square E,40.73049,-73.99572,28,Stanton St & Chrystie St,40.72229,-73.99147,20652,Customer,1984,0
900,2014-01-31 07:27:43,2014-01-31 07:42:43,60,Columbus Ave & W 72 St,40.77813,-73.97371,33,Greenwich Ave & 8 Ave,40.73902,-74.00264,22758,Subscriber,1961,1
840,2014-01-31 07:09:13,2014-01-31 07:23:13,52,E 33 St & 1 Ave,40.74402,-73.97196,28,Stanton St & Chrystie St,40.72229,-73.99147,21666,Subscriber,1957,0
1860,2014-01-31 18:35:30,2014-01-31 19:06:30,33,Greenwich Ave & 8 Ave,40.73902,-74.00264,41,Grand St & Elizabeth St,40.7185,-73.9972,22277,Subscriber,1982,2
1020,2014-01-31 09:25:13,2014-01-31 09:42:13,8,Hudson St & Reade St,40.71534,-74.00915,28,Stanton St & Chrystie St,40.72229,-73.99147,20900,Subscriber,1965,0
2040,2014-01-31 12:35:57,2014-01-31 13:09:57,7,Washington Square E,40.73049,-73.99572,41,Grand St & Elizabeth St,40.7185,-73.9972,22475,Subscriber,1961,1
1620,2014-01-31 14:01:03,2014-01-31 14:28:03,52,E 33 St & 1 Ave,40.74402,-73.97196,47,E 20 St & Park Ave,40.73818,-73.98433,20773,Customer,1976,0
900,2014-01-31 17:16:04,2014-01-31 17:31:04,9,W 52 St & 9 Ave,40.7644,-73.9878,52,E 33 St & 1 Ave,40.74402,-73.97196,20320,Customer,1963,2
360,2014-01-31 07:24:45,2014-01-31 07:30:45,8,Hudson St & Reade St,40.71534,-74.00915,60,Columbus Ave & W 72 St,40.77813,-73.97371,22698,Subscriber,1960,2
420,2014-01-31 16:19:22,2014-01-31 16:26:22,44,St James Pl & Pearl St,40.71117,-74.00016,28,Stanton St & Chrystie St,40.72229,-73.99147,21147,Subscriber,1957,2
600,2014-01-31 13:59:04,2014-01-31 14:09:04,47,E 20 St & Park Ave,40.73818,-73.98433,52,E 33 St & 1 Ave,40.74402,-73.97196,20808,Subscriber,1966,2
420,2014-01-31 18:31:20,2014-01-31 18:38:20,41,Grand St & Elizabeth St,40.7185,-73.9972,52,E 33 St & 1 Ave,40.74402,-73.97196,22157,Customer,1972,2
1800,2014-01-31 16:04:00,2014-01-31 16:34:00,9,W 52 St & 9 Ave,40.7644,-73.9878,60,Columbus Ave & W 72 St,40.77813,-73.97371,20391,Subscriber,1987,1
1740,2014-01-31 07:16:13,2014-01-31 07:45:13,9,W 52 St & 9 Ave,40.7644,-73.9878,33,Greenwich Ave & 8 Ave,40.73902,-74.00264,21342,Customer,1994,0
1020,2014-01-31 15:58:59,2014-01-31 16:15:59,9,W 52 St & 9 Ave,40.7644,-73.9878,44,St James Pl & Pearl St,40.71117,-74.00016,21470,Subscriber,1994,0
900,2014-01-31 09:50:43,2014-01-31 10:05:43,41,Grand St & Elizabeth St,40.7185,-73.9972,47,E 20 St & Park Ave,40.73818,-73.98433,22676,Customer,1980,1
1440,2014-01-31 17:26:01,2014-01-31 17:50:01,33,Greenwich Ave & 8 Ave,40.73902,-74.00264,47,E 20 St & Park Ave,40.73818,-73.98433,20860,Customer,1965,2
840,2014-01-31 14:38:31,2014-01-31 14:52:31,44,St James Pl & Pearl St,40.71117,-74.00016,52,E 33 St & 1 Ave,40.74402,-73.97196,20653,Customer,2002,1
720,2014-01-31 17:07:00,2014-01-31 17:19:00,7,Washington Square E,40.73049,-73.99572,8,Hudson St & Reade St,40.71534,-74.00915,20009,Customer,1975,2
1620,2014-01-31 11:50:21,2014-01-31 12:17:21,9,W 52 St & 9 Ave,40.7644,-73.9878,41,Grand St & Elizabeth St,40.7185,-73.9972,20806,Customer,1993,0
1380,2014-01-31 14:44:40,2014-01-31 15:07:40,47,E 20 St & Park Ave,40.73818,-73.98433,60,Columbus Ave & W 72 St,40.77813,-73.97371,20413,Customer,2001,0
720,2014-01-31 08:53:12,2014-01-31 09:05:12,8,Hudson St & Reade St,40.71534,-74.00915,33,Greenwich Ave & 8 Ave,40.73902,-74.00264,22255,Subscriber,1956,0
1920,2014-01-31 11:49:12,2014-01-31 12:21:12,9,W 52 St & 9 Ave,40.7644,-73.9878,28,Stanton St & Chrystie St,40.72229,-73.99147,20842,Customer,1983,2
360,2014-01-31 08:13:51,2014-01-31 08:19:51,47,E 20 St & Park Ave,40.73818,-73.98433,33,Greenwich Ave & 8 Ave,40.73902,-74.00264,22831,Customer,1953,0
540,2014-01-31 14:50:54,2014-01-31 14:59:54,47,E 20 St & Park Ave,40.73818,-73.98433,44,St James Pl & Pearl St,40.71117,-74.00016,22261,Customer,1987,1
2100,2014-01-31 14:26:21,2014-01-31 15:01:21,52,E 33 St & 1 Ave,40.74402,-73.97196,33,Greenwich Ave & 8 Ave,40.73902,-74.00264,21193,Customer,1999,2
1800,2014-01-31 11:48:21,2014-01-31 12:18:21,52,E 33 St & 1 Ave,40.74402,-73.97196,33,Greenwich Ave & 8 Ave,40.73902,-74.00264,22882,Customer,1987,2
420,2014-01-31 12:27:39,2014-01-31 12:34:39,47,E 20 St & Park Ave,40.73818,-73.98433,41,Grand St & Elizabeth St,40.7185,-73.9972,20219,Customer,1979,2
900,2014-01-31 13:18:39,2014-01-31 13:33:39,60,Columbus Ave & W 72 St,40.77813,-73.97371,41,Grand St & Elizabeth St,40.7185,-73.9972,22920,Customer,1960,0
1320,2014-01-31 12:27:13,2014-01-31 12:49:13,9,W 52 St & 9 Ave,40.7644,-73.9878,28,Stanton St & Chrystie St,40.72229,-73.99147,20315,Subscriber,1976,0
1080,2014-01-31 08:13:06,2014-01-31 08:31:06,7,Washington Square E,40.73049,-73.99572,47,E 20 St & Park Ave,40.73818,-73.98433,20923,Subscriber,1992,0
2100,2014-01-31 07:51:57,2014-01-31 08:26:57,8,Hudson St & Reade St,40.71534,-74.00915,47,E 20 St & Park Ave,40.73818,-73.98433,21222,Subscriber,1990,2
1140,2014-01-31 17:24:16,2014-01-31 17:43:16,60,Columbus Ave & W 72 St,40.77813,-73.97371,52,E 33 St & 1 Ave,40.74402,-73.97196,20128,Customer,1990,1
1920,2014-01-31 15:27:27,2014-01-31 15:59:27,9,W 52 St & 9 Ave,40.7644,-73.9878,41,Grand St & Elizabeth St,40.7185,-73.9972,20654,Subscriber,1956,1
720,2014-01-31 12:56:49,2014-01-31 13:08:49,52,E 33 St & 1 Ave,40.74402,-73.97196,47,E 20 St & Park Ave,40.73818,-73.98433,21323,Customer,2000,1
1140,2014-01-31 18:57:43,2014-01-31 19:16:43,28,Stanton St & Chrystie St,40.72229,-73.99147,33,Greenwich Ave & 8 Ave,40.73902,-74.00264,20477,Customer,1973,1
900,2014-01-31 13:35:21,2014-01-31 13:50:21,7,Washington Square E,40.73049,-73.99572,52,E 33 St & 1 Ave,40.74402,-73.97196,20724,Customer,2005,0
1740,2014-01-31 18:07:13,2014-01-31 18:36:13,60,Columbus Ave & W 72 St,40.77813,-73.97371,41,Grand St & Elizabeth St,40.7185,-73.9972,22301,Customer,1959,1
1860,2014-01-31 12:47:00,2014-01-31 13:18:00,60,Columbus Ave & W 72 St,40.77813,-73.97371,28,Stanton St & Chrystie St,40.72229,-73.99147,21131,Customer,1996,2
1020,2014-01-31 17:15:46,2014-01-31 17:32:46,41,Grand St & Elizabeth St,40.7185,-73.9972,47,E 20 St & Park Ave,40.73818,-73.98433,22048,Customer,1970,0
540,2014-01-31 13:32:23,2014-01-31 13:41:23,41,Grand St & Elizabeth St,40.7185,-73.9972,44,St James Pl & Pearl St,40.71117,-74.00016,20328,Customer,1968,2
1380,2014-01-31 07:08:26,2014-01-31 07:31:26,28,Stanton St & Chrystie St,40.72229,-73.99147,60,Columbus Ave & W 72 St,40.77813,-73.97371,20574,Subscriber,1954,1
720,2014-01-31 16:04:35,2014-01-31 16:16:35,7,Washington Square E,40.73049,-73.99572,52,E 33 St & 1 Ave,40.74402,-73.97196,21867,Customer,1960,2
660,2014-01-31 16:25:29,2014-01-31 16:36:29,9,W 52 St & 9 Ave,40.7644,-73.9878,44,St James Pl & Pearl St,40.71117,-74.00016,21615,Subscriber,1974,2
1200,2014-01-31 13:49:51,2014-01-31 14:09:51,7,Washington Square E,40.73049,-73.99572,33,Greenwich Ave & 8 Ave,40.73902,-74.00264,22368,Customer,1969,0
1440,2014-01-31 08:47:52,2014-01-31 09:11:52,47,E 20 St & Park Ave,40.73818,-73.98433,33,Greenwich Ave & 8 Ave,40.73902,-74.00264,20455,Customer,1981,0
1560,2014-01-31 09:50:41,2014-01-31 10:16:41,44,St James Pl & Pearl St,40.71117,-74.00016,47,E 20 St & Park Ave,40.73818,-73.98433,20216,Subscriber,1952,2
2040,2014-01-31 18:04:59,2014-01-31 18:38:59,41,Grand St & Elizabeth St,40.7185,-73.9972,33,Greenwich Ave & 8 Ave,40.73902,-74.00264,21005,Customer,1997,1
780,2014-01-31 12:00:01,2014-01-31 12:13:01,8,Hudson St & Reade St,40.71534,-74.00915,33,Greenwich Ave & 8 Ave,40.73902,-74.00264,22511,Customer,1989,2
480,2014-01-31 12:54:54,2014-01-31 13:02:54,33,Greenwich Ave & 8 Ave,40.73902,-74.00264,52,E 33 St & 1 Ave,40.74402,-73.97196,20843,Subscriber,1959,2
480,2014-01-31 17:06:15,2014-01-31 17:14:15,52,E 33 St & 1 Ave,40.74402,-73.97196,41,Grand St & Elizabeth St,40.7185,-73.9972,20968,Customer,1968,1
1380,2014-01-31 10:20:27,2014-01-31 10:43:27,52,E 33 St & 1 Ave,40.74402,-73.97196,44,St James Pl & Pearl St,40.71117,-74.00016,22953,Customer,1964,2
840,2014-01-31 14:43:47,2014-01-31 14:57:47,47,E 20 St & Park Ave,40.73818,-73.98433,60,Columbus Ave & W 72 St,40.77813,-73.97371,20941,Customer,1963,2
1020,2014-01-31 12:19:56,2014-01-31 12:36:56,28,Stanton St & Chrystie St,40.72229,-73.99147,33,Greenwich Ave & 8 Ave,40.73902,-74.00264,22103,Subscriber,1952,2
1860,2014-01-31 17:44:16,2014-01-31 18:15:16,52,E 33 St & 1 Ave,40.74402,-73.97196,41,Grand St & Elizabeth St,40.7185,-73.9972,22576,Subscriber,1966,2
420,2014-01-31 10:23:39,2014-01-31 10:30:39,8,Hudson St & Reade St,40.71534,-74.00915,44,St James Pl & Pearl St,40.71117,-74.00016,21753,Subscriber,1959,0
1680,2014-01-31 11:06:25,2014-01-31 11:34:25,44,St James Pl & Pearl St,40.71117,-74.00016,41,Grand St & Elizabeth St,40.7185,-73.9972,20158,Customer,2004,0
960,2014-01-31 07:38:08,2014-01-31 07:54:08,8,Hudson St & Reade St,40.71534,-74.00915,60,Columbus Ave & W 72 St,40.77813,-73.97371,22182,Customer,1959,1
660,2014-02-01 00:13:00,2014-02-01 00:24:00,41,Grand St & Elizabeth St,40.7185,-73.9972,28,Stanton St & Chrystie St,40.72229,-73.99147,20006,Subscriber,1953,1
720,2014-01-31 15:33:25,2014-01-31 15:45:25,9,W 52 St & 9 Ave,40.7644,-73.9878,52,E 33 St & 1 Ave,40.74402,-73.97196,20990,Customer,1962,1
1440,2014-01-31 07:43:14,2014-01-31 08:07:14,33,Greenwich Ave & 8 Ave,40.73902,-74.00264,28,Stanton St & Chrystie St,40.72229,-73.99147,21174,Customer,1977,1
840,2014-01-31 11:25:01,2014-01-31 11:39:01,60,Columbus Ave & W 72 St,40.77813,-73.97371,41,Grand St & Elizabeth St,40.7185,-73.9972,21550,Subscriber,1959,2
900,2014-01-31 08:40:43,2014-01-31 08:55:43,60,Columbus Ave & W 72 St,40.77813,-73.97371,33,Greenwich Ave & 8 Ave,40.73902,-74.00264,22783,Subscriber,1977,2
420,2014-01-31 09:37:58,2014-01-31 09:44:58,52,E 33 St & 1 Ave,40.74402,-73.97196,28,Stanton St & Chrystie St,40.72229,-73.99147,20396,Customer,1988,2
900,2014-01-31 13:16:27,2014-01-31 13:31:27,8,Hudson St & Reade St,40.71534,-74.00915,44,St James Pl & Pearl St,40.71117,-74.00016,20448,Customer,1989,2
1200,2014-01-31 14:14:34,2014-01-31 14:34:34,7,Washington Square E,40.73049,-73.99572,52,E 33 St & 1 Ave,40.74402,-73.97196,22753,Subscriber,1995,1
840,2014-01-31 14:34:38,2014-01-31 14:48:38,9,W 52 St & 9 Ave,40.7644,-73.9878,52,E 33 St & 1 Ave,40.74402,-73.97196,20617,Customer,1995,2
960,2014-01-31 17:54:30,2014-01-31 18:10:30,7,Washington Square E,40.73049,-73.99572,52,E 33 St & 1 Ave,40.74402,-73.97196,20728,Customer,1965,2
1800,2014-01-31 11:23:10,2014-01-31 11:53:10,8,Hudson St & Reade St,40.71534,-74.00915,47,E 20 St & Park Ave,40.73818,-73.98433,22282,Customer,1976,1
960,2014-01-31 17:10:22,2014-01-31 17:26:22,44,St James Pl & Pearl St,40.71117,-74.00016,33,Greenwich Ave & 8 Ave,40.73902,-74.00264,21952,Customer,1982,1
1500,2014-01-31 11:13:49,2014-01-31 11:38:49,33,Greenwich Ave & 8 Ave,40.73902,-74.00264,52,E 33 St & 1 Ave,40.74402,-73.97196,20038,Subscriber,1982,0
1200,2014-01-31 14:46:37,2014-01-31 15:06:37,52,E 33 St & 1 Ave,40.74402,-73.97196,41,Grand St & Elizabeth St,40.7185,-73.9972,22309,Customer,1980,1
840,2014-01-31 11:00:34,2014-01-31 11:14:34,9,W 52 St & 9 Ave,40.7644,-73.9878,28,Stanton St & Chrystie St,40.72229,-73.99147,21718,Subscriber,1984,1
840,2014-01-31 14:13:16,2014-01-31 14:27:16,52,E 33 St & 1 Ave,40.74402,-73.97196,28,Stanton St & Chrystie St,40.72229,-73.99147,22825,Customer,1955,0
780,2014-01-31 14:49:25,2014-01-31 15:02:25,44,St James Pl & Pearl St,40.71117,-74.00016,47,E 20 St & Park Ave,40.73818,-73.98433,20665,Subscriber,1977,2
1800,2014-01-31 07:39:35,2014-01-31 08:09:35,7,Washington Square E,40.73049,-73.99572,44,St James Pl & Pearl St,40.71117,-74.00016,21546,Customer,1976,0
1920,2014-01-31 10:17:13,2014-01-31 10:49:13,9,W 52 St & 9 Ave,40.7644,-73.9878,52,E 33 St & 1 Ave,40.74402,-73.97196,20013,Customer,1953,1
1920,2014-01-31 16:11:05,2014-01-31 16:43:05,52,E 33 St & 1 Ave,40.74402,-73.97196,41,Grand St & Elizabeth St,40.7185,-73.9972,21435,Subscriber,1978,1
1560,2014-01-31 17:02:02,2014-01-31 17:28:02,28,Stanton St & Chrystie St,40.72229,-73.99147,44,St James Pl & Pearl St,40.71117,-74.00016,22216,Customer,1994,2
2100,2014-01-31 12:19:03,2014-01-31 12:54:03,28,Stanton St & Chrystie St,40.72229,-73.99147,47,E 20 St & Park Ave,40.73818,-73.98433,21227,Subscriber,1974,2
1920,2014-01-31 17:54:58,2014-01-31 18:26:58,41,Grand St & Elizabeth St,40.7185,-73.9972,60,Columbus Ave & W 72 St,40.77813,-73.97371,20836,Customer,1954,1
1680,2014-01-31 16:02:21,2014-01-31 16:30:21,60,Columbus Ave & W 72 St,40.77813,-73.97371,44,St James Pl & Pearl St,40.71117,-74.00016,21423,Customer,2001,1
1980,2014-01-31 18:54:03,2014-01-31 19:27:03,44,St James Pl & Pearl St,40.71117,-74.00016,33,Greenwich Ave & 8 Ave,40.73902,-74.00264,21905,Subscriber,1984,0
1140,2014-01-31 15:32:32,2014-01-31 15:51:32,47,E 20 St & Park Ave,40.73818,-73.98433,52,E 33 St & 1 Ave,40.74402,-73.97196,20942,Subscriber,1954,2
960,2014-01-31 11:17:30,2014-01-31 11:33:30,9,W 52 St & 9 Ave,40.7644,-73.9878,41,Grand St & Elizabeth St,40.7185,-73.9972,21442,Customer,1986,0
1620,2014-01-31 11:22:23,2014-01-31 11:49:23,28,Stanton St & Chrystie St,40.72229,-73.99147,44,St James Pl & Pearl St,40.71117,-74.00016,21754,Subscriber,1994,2
2100,2014-01-31 07:30:06,2014-01-31 08:05:06,8,Hudson St & Reade St,40.71534,-74.00915,33,Greenwich Ave & 8 Ave,40.73902,-74.00264,21042,Customer,1962,1
1320,2014-01-31 18:37:38,2014-01-31 18:59:38,9,W 52 St & 9 Ave,40.7644,-73.9878,60,Columbus Ave & W 72 St,40.77813,-73.97371,22073,Customer,2005,0
1200,2014-01-31 09:38:35,2014-01-31 09:58:35,60,Columbus Ave & W 72 St,40.77813,-73.97371,28,Stanton St & Chrystie St,40.72229,-73.99147,21644,Customer,1996,2
1080,2014-01-31 17:14:16,2014-01-31 17:32:16,52,E 33 St & 1 Ave,40.74402,-73.97196,60,Columbus Ave & W 72 St,40.77813,-73.97371,21796,Customer,1976,0
1680,2014-01-31 12:10:25,2014-01-31 12:38:25,52,E 33 St & 1 Ave,40.74402,-73.97196,41,Grand St & Elizabeth St,40.7185,-73.9972,21335,Customer,1967,0
360,2014-01-31 10:20:24,2014-01-31 10:26:24,47,E 20 St & Park Ave,40.73818,-73.98433,52,E 33 St & 1 Ave,40.74402,-73.97196,22617,Subscriber,1993,2
1440,2014-01-31 10:29:59,2014-01-31 10:53:59,7,Washington Square E,40.73049,-73.99572,33,Greenwich Ave & 8 Ave,40.73902,-74.00264,22125,Subscriber,1970,1
1080,2014-01-31 18:29:52,2014-01-31 18:47:52,28,Stanton St & Chrystie St,40.72229,-73.99147,33,Greenwich Ave & 8 Ave,40.73902,-74.00264,22649,Customer,1964,1
1560,2014-01-31 16:09:40,2014-01-31 16:35:40,8,Hudson St & Reade St,40.71534,-74.00915,47,E 20 St & Park Ave,40.73818,-73.98433,20439,Customer,1989,0
1920,2014-01-31 15:58:05,2014-01-31 16:30:05,33,Greenwich Ave & 8 Ave,40.73902,-74.00264,52,E 33 St & 1 Ave,40.74402,-73.97196,22298,Subscriber,1956,0
1080,2014-01-31 08:25:11,2014-01-31 08:43:11,33,Greenwich Ave & 8 Ave,40.73902,-74.00264,41,Grand St & Elizabeth St,40.7185,-73.9972,21631,Customer,2005,1
1080,2014-01-31 08:38:37,2014-01-31 08:56:37,41,Grand St & Elizabeth St,40.7185,-73.9972,52,E 33 St & 1 Ave,40.74402,-73.97196,20767,Subscriber,1960,1
900,2014-01-31 15:06:31,2014-01-31 15:21:31,33,Greenwich Ave & 8 Ave,40.73902,-74.00264,60,Columbus Ave & W 72 St,40.77813,-73.97371,20306,Customer,1990,0
1560,2014-01-31 11:16:33,2014-01-31 11:42:33,44,St James Pl & Pearl St,40.71117,-74.00016,33,Greenwich Ave & 8 Ave,40.73902,-74.00264,22102,Customer,1962,1
840,2014-01-31 18:28:28,2014-01-31 18:42:28,33,Greenwich Ave & 8 Ave,40.73902,-74.00264,28,Stanton St & Chrystie St,40.72229,-73.99147,21749,Subscriber,1988,2
1680,2014-01-31 10:14:36,2014-01-31 10:42:36,9,W 52 St & 9 Ave,40.7644,-73.9878,52,E 33 St & 1 Ave,40.74402,-73.97196,20733,Subscriber,1953,0
720,2014-01-31 14:42:52,2014-01-31 14:54:52,33,Greenwich Ave & 8 Ave,40.73902,-74.00264,28,Stanton St & Chrystie St,40.72229,-73.99147,21037,Customer,1969,2
1320,2014-01-31 15:43:01,2014-01-31 16:05:01,8,Hudson St & Reade St,40.71534,-74.00915,33,Greenwich Ave & 8 Ave,40.73902,-74.00264,20258,Customer,1967,0
1320,2014-01-31 10:49:49,2014-01-31 11:11:49,28,Stanton St & Chrystie St,40.72229,-73.99147,41,Grand St & Elizabeth St,40.7185,-73.9972,20625,Customer,1991,2
1320,2014-01-31 15:33:34,2014-01-31 15:55:34,33,Greenwich Ave & 8 Ave,40.73902,-74.00264,60,Columbus Ave & W 72 St,40.77813,-73.97371,20090,Subscriber,1975,0
1500,2014-01-31 08:21:38,2014-01-31 08:46:38,28,Stanton St & Chrystie St,40.72229,-73.99147,41,Grand St & Elizabeth St,40.7185,-73.9972,20323,Customer,1957,1
1440,2014-01-31 09:44:17,2014-01-31 10:08:17,41,Grand St & Elizabeth St,40.7185,-73.9972,52,E 33 St & 1 Ave,40.74402,-73.97196,21776,Customer,1968,0
2100,2014-01-31 14:59:56,2014-01-31 15:34:56,60,Columbus Ave & W 72 St,40.77813,-73.97371,44,St James Pl & Pearl St,40.71117,-74.00016,21997,Subscriber,1984,1
1260,2014-01-31 15:46:58,2014-01-31 16:07:58,52,E 33 St & 1 Ave,40.74402,-73.97196,28,Stanton St & Chrystie St,40.72229,-73.99147,22142,Customer,1976,2
960,2014-01-31 12:10:42,2014-01-31 12:26:42,41,Grand St & Elizabeth St,40.7185,-73.9972,33,Greenwich Ave & 8 Ave,40.73902,-74.00264,22763,Customer,1953,1
1980,2014-01-31 15:33:37,2014-01-31 16:06:37,33,Greenwich Ave & 8 Ave,40.73902,-74.00264,41,Grand St & Elizabeth St,40.7185,-73.9972,20450,Subscriber,1991,2
1140,2014-01-31 12:14:06,2014-01-31 12:33:06,33,Greenwich Ave & 8 Ave,40.73902,-74.00264,60,Columbus Ave & W 72 St,40.77813,-73.97371,22343,Customer,1965,1
1140,2014-01-31 13:13:06,2014-01-31 13:32:06,52,E 33 St & 1 Ave,40.74402,-73.97196,28,Stanton St & Chrystie St,40.72229,-73.99147,20868,Customer,1997,1
1140,2014-01-31 18:35:29,2014-01-31 18:54:29,7,Washington Square E,40.73049,-73.99572,47,E 20 St & Park Ave,40.73818,-73.98433,21965,Customer,1957,1
1260,2014-01-31 18:10:40,2014-01-31 18:31:40,44,St James Pl & Pearl St,40.71117,-74.00016,60,Columbus Ave & W 72 St,40.77813,-73.97371,20105,Subscriber,1974,2
1920,2014-01-31 18:43:00,2014-01-31 19:15:00,52,E 33 St & 1 Ave,40.74402,-73.97196,28,Stanton St & Chrystie St,40.72229,-73.99147,20321,Subscriber,1955,2
1560,2014-01-31 13:53:35,2014-01-31 14:19:35,33,Greenwich Ave & 8 Ave,40.73902,-74.00264,52,E 33 St & 1 Ave,40.74402,-73.97196,21264,Subscriber,1980,2
1800,2014-01-31 14:46:28,2014-01-31 15:16:28,33,Greenwich Ave & 8 Ave,40.73902,-74.00264,41,Grand St & Elizabeth St,40.7185,-73.9972,20173,Subscriber,1984,1
1560,2014-01-31 17:15:50,2014-01-31 17:41:50,52,E 33 St & 1 Ave,40.74402,-73.97196,33,Greenwich Ave & 8 Ave,40.73902,-74.00264,22948,Subscriber,1994,2
1620,2014-01-31 13:55:29,2014-01-31 14:22:29,33,Greenwich Ave & 8 Ave,40.73902,-74.00264,52,E 33 St & 1 Ave,40.74402,-73.97196,21468,Customer,1950,0
840,2014-01-31 17:05:27,2014-01-31 17:19:27,47,E 20 St & Park Ave,40.73818,-73.98433,28,Stanton St & Chrystie St,40.72229,-73.99147,21976,Customer,1988,0
660,2014-01-31 13:07:17,2014-01-31 13:18:17,9,W 52 St & 9 Ave,40.7644,-73.9878,60,Columbus Ave & W 72 St,40.77813,-73.97371,20268,Customer,1951,0
1680,2014-01-31 07:53:37,2014-01-31 08:21:37,7,Washington Square E,40.73049,-73.99572,28,Stanton St & Chrystie St,40.72229,-73.99147,22710,Subscriber,1965,1
1140,2014-01-31 16:49:26,2014-01-31 17:08:26,7,Washington Square E,40.73049,-73.99572,52,E 33 St & 1 Ave,40.74402,-73.97196,21063,Customer,1993,2
780,2014-01-31 08:33:42,2014-01-31 08:46:42,9,W 52 St & 9 Ave,40.7644,-73.9878,41,Grand St & Elizabeth St,40.7185,-73.9972,22819,Subscriber,1992,0
1320,2014-01-31 11:33:19,2014-01-31 11:55:19,52,E 33 St & 1 Ave,40.74402,-73.97196,44,St James Pl & Pearl St,40.71117,-74.00016,21658,Customer,1989,1
1560,2014-01-31 17:15:20,2014-01-31 17:41:20,44,St James Pl & Pearl St,40.71117,-74.00016,41,Grand St & Elizabeth St,40.7185,-73.9972,22792,Customer,2002,1
1080,2014-01-31 10:12:03,2014-01-31 10:30:03,60,Columbus Ave & W 72 St,40.77813,-73.97371,52,E 33 St & 1 Ave,40.74402,-73.97196,20169,Customer,1965,1
600,2014-01-31 08:13:18,2014-01-31 08:23:18,47,E 20 St & Park Ave,40.73818,-73.98433,60,Columbus Ave & W 72 St,40.77813,-73.97371,22087,Subscriber,1954,2
1140,2014-01-31 10:37:17,2014-01-31 10:56:17,41,Grand St & Elizabeth St,40.7185,-73.9972,47,E 20 St & Park Ave,40.73818,-73.98433,21069,Customer,1988,2
660,2014-01-31 14:02:05,2014-01-31 14:13:05,8,Hudson St & Reade St,40.71534,-74.00915,41,Grand St & Elizabeth St,40.7185,-73.9972,21637,Customer,1963,2
1500,2014-01-31 09:59:08,2014-01-31 10:24:08,33,Greenwich Ave & 8 Ave,40.73902,-74.00264,60,Columbus Ave & W 72 St,40.77813,-73.97371,21356,Subscriber,1965,1
540,2014-01-31 09:51:50,2014-01-31 10:00:50,33,Greenwich Ave & 8 Ave,40.73902,-74.00264,41,Grand St & Elizabeth St,40.7185,-73.9972,21680,Subscriber,1967,1
1800,2014-01-31 11:31:28,2014-01-31 12:01:28,9,W 52 St & 9 Ave,40.7644,-73.9878,44,St James Pl & Pearl St,40.71117,-74.00016,22366,Subscriber,1954,1
1560,2014-01-31 18:49:03,2014-01-31 19:15:03,28,Stanton St & Chrystie St,40.72229,-73.99147,60,Columbus Ave & W 72 St,40.77813,-73.97371,20261,Subscriber,1957,1
780,2014-01-31 11:44:53,2014-01-31 11:57:53,60,Columbus Ave & W 72 St,40.77813,-73.97371,41,Grand St & Elizabeth St,40.7185,-73.9972,22810,Subscriber,1982,1
720,2014-01-31 18:20:06,2014-01-31 18:32:06,60,Columbus Ave & W 72 St,40.77813,-73.97371,41,Grand St & Elizabeth St,40.7185,-73.9972,22517,Subscriber,1953,1
960,2014-01-31 11:06:54,2014-01-31 11:22:54,8,Hudson St & Reade St,40.71534,-74.00915,44,St James Pl & Pearl St,40.71117,-74.00016,22966,Customer,1958,0
960,2014-01-31 08:13:01,2014-01-31 08:29:01,44,St James Pl & Pearl St,40.71117,-74.00016,28,Stanton St & Chrystie St,40.72229,-73.99147,21199,Customer,1954,1
720,2014-01-31 08:09:44,2014-01-31 08:21:44,9,W 52 St & 9 Ave,40.7644,-73.9878,33,Greenwich Ave & 8 Ave,40.73902,-74.00264,21019,Subscriber,2005,1
360,2014-01-31 15:29:51,2014-01-31 15:35:51,47,E 20 St & Park Ave,40.73818,-73.98433,60,Columbus Ave & W 72 St,40.77813,-73.97371,20018,Customer,1992,0
1860,2014-01-31 12:32:12,2014-01-31 13:03:12,8,Hudson St & Reade St,40.71534,-74.00915,47,E 20 St & Park Ave,40.73818,-73.98433,21707,Subscriber,1992,0
2100,2014-01-31 16:25:45,2014-01-31 17:00:45,52,E 33 St & 1 Ave,40.74402,-73.97196,47,E 20 St & Park Ave,40.73818,-73.98433,20883,Customer,1996,2
1740,2014-01-31 17:27:40,2014-01-31 17:56:40,47,E 20 St & Park Ave,40.73818,-73.98433,33,Greenwich Ave & 8 Ave,40.73902,-74.00264,20440,Subscriber,1955,2
2040,2014-01-31 13:33:23,2014-01-31 14:07:23,41,Grand St & Elizabeth St,40.7185,-73.9972,60,Columbus Ave & W 72 St,40.77813,-73.97371,20136,Customer,1952,2
900,2014-01-31 09:16:29,2014-01-31 09:31:29,41,Grand St & Elizabeth St,40.7185,-73.9972,47,E 20 St & Park Ave,40.73818,-73.98433,20252,Customer,1999,0
1560,2014-01-31 11:20:56,2014-01-31 11:46:56,52,E 33 St & 1 Ave,40.74402,-73.97196,28,Stanton St & Chrystie St,40.72229,-73.99147,20386,Subscriber,1983,0
1500,2014-01-31 10:28:19,2014-01-31 10:53:19,47,E 20 St & Park Ave,40.73818,-73.98433,33,Greenwich Ave & 8 Ave,40.73902,-74.00264,21249,Subscriber,2000,2
1440,2014-01-31 15:38:02,2014-01-31 16:02:02,33,Greenwich Ave & 8 Ave,40.73902,-74.00264,52,E 33 St & 1 Ave,40.74402,-73.97196,20042,Customer,1984,0
1980,2014-01-31 11:16:55,2014-01-31 11:49:55,47,E 20 St & Park Ave,40.73818,-73.98433,60,Columbus Ave & W 72 St,40.77813,-73.97371,22606,Customer,1972,0
600,2014-01-31 07:01:59,2014-01-31 07:11:59,41,Grand St & Elizabeth St,40.7185,-73.9972,28,Stanton St & Chrystie St,40.72229,-73.99147,20490,Subscriber,1955,0
1740,2014-01-31 13:15:15,2014-01-31 13:44:15,9,W 52 St & 9 Ave,40.7644,-73.9878,47,E 20 St & Park Ave,40.73818,-73.98433,21972,Customer,1986,0
1080,2014-01-31 10:04:47,2014-01-31 10:22:47,47,E 20 St & Park Ave,40.73818,-73.98433,33,Greenwich Ave & 8 Ave,40.73902,-74.00264,22317,Customer,1959,0
1260,2014-01-31 08:58:21,2014-01-31 09:19:21,52,E 33 St & 1 Ave,40.74402,-73.97196,41,Grand St & Elizabeth St,40.7185,-73.9972,21619,Customer,1990,1
540,2014-01-31 12:08:08,2014-01-31 12:17:08,60,Columbus Ave & W 72 St,40.77813,-73.97371,28,Stanton St & Chrystie St,40.72229,-73.99147,20939,Customer,1978,2
900,2014-01-31 18:05:35,2014-01-31 18:20:35,44,St James Pl & Pearl St,40.71117,-74.00016,60,Columbus Ave & W 72 St,40.77813,-73.97371,20549,Subscriber,1993,2
540,2014-01-31 08:44:34,2014-01-31 08:53:34,41,Grand St & Elizabeth St,40.7185,-73.9972,33,Greenwich Ave & 8 Ave,40.73902,-74.00264,20539,Subscriber,1998,1
2100,2014-01-31 12:59:29,2014-01-31 13:34:29,41,Grand St & Elizabeth St,40.7185,-73.9972,47,E 20 St & Park Ave,40.73818,-73.98433,20051,Subscriber,1984,1
1380,2014-01-31 18:10:33,2014-01-31 18:33:33,7,Washington Square E,40.73049,-73.99572,28,Stanton St & Chrystie St,40.72229,-73.99147,22181,Subscriber,1964,2
600,2014-01-31 09:40:43,2014-01-31 09:50:43,8,Hudson St & Reade St,40.71534,-74.00915,47,E 20 St & Park Ave,40.73818,-73.98433,20348,Subscriber,1981,1
1380,2014-01-31 14:30:55,2014-01-31 14:53:55,33,Greenwich Ave & 8 Ave,40.73902,-74.00264,28,Stanton St & Chrystie St,40.72229,-73.99147,21145,Subscriber,1958,1
840,2014-01-31 18:11:04,2014-01-31 18:25:04,47,E 20 St & Park Ave,40.73818,-73.98433,60,Columbus Ave & W 72 St,40.77813,-73.97371,22565,Subscriber,1967,0
1080,2014-01-31 11:19:19,2014-01-31 11:37:19,7,Washington Square E,40.73049,-73.99572,33,Greenwich Ave & 8 Ave,40.73902,-74.00264,22870,Customer,1969,2
1680,2014-01-31 14:10:30,2014-01-31 14:38:30,41,Grand St & Elizabeth St,40.7185,-73.9972,52,E 33 St & 1 Ave,40.74402,-73.97196,20893,Subscriber,1956,0
1440,2014-01-31 14:44:30,2014-01-31 15:08:30,8,Hudson St & Reade St,40.71534,-74.00915,60,Columbus Ave & W 72 St,40.77813,-73.97371,22165,Customer,1988,1
1620,2014-01-31 08:34:44,2014-01-31 09:01:44,44,St James Pl & Pearl St,40.71117,-74.00016,28,Stanton St & Chrystie St,40.72229,-73.99147,20971,Customer,1953,2
1500,2014-01-31 10:39:06,2014-01-31 11:04:06,28,Stanton St & Chrystie St,40.72229,-73.99147,33,Greenwich Ave & 8 Ave,40.73902,-74.00264,21657,Customer,1994,2
1500,2014-01-31 13:31:40,2014-01-31 13:56:40,9,W 52 St & 9 Ave,40.7644,-73.9878,41,Grand St & Elizabeth St,40.7185,-73.9972,21936,Customer,1950,1
1140,2014-01-31 17:31:42,2014-01-31 17:50:42,28,Stanton St & Chrystie St,40.72229,-73.99147,52,E 33 St & 1 Ave,40.74402,-73.97196,22204,Subscriber,1963,1
600,2014-01-31 09:01:52,2014-01-31 09:11:52,33,Greenwich Ave & 8 Ave,40.73902,-74.00264,47,E 20 St & Park Ave,40.73818,-73.98433,22460,Customer,1969,0
600,2014-01-31 18:32:30,2014-01-31 18:42:30,60,Columbus Ave & W 72 St,40.77813,-73.97371,33,Greenwich Ave & 8 Ave,40.73902,-74.00264,22673,Customer,1963,0
1560,2014-01-31 14:59:14,2014-01-31 15:25:14,60,Columbus Ave & W 72 St,40.77813,-73.97371,33,Greenwich Ave & 8 Ave,40.73902,-74.00264,21577,Customer,1981,0
480,2014-01-31 10:54:52,2014-01-31 11:02:52,7,Washington Square E,40.73049,-73.99572,44,St James Pl & Pearl St,40.71117,-74.00016,20697,Subscriber,1961,1
780,2014-01-31 17:27:37,2014-01-31 17:40:37,9,W 52 St & 9 Ave,40.7644,-73.9878,60,Columbus Ave & W 72 St,40.77813,-73.97371,22228,Customer,1956,2
1260,2014-01-31 14:11:31,2014-01-31 14:32:31,52,E 33 St & 1 Ave,40.74402,-73.97196,41,Grand St & Elizabeth St,40.7185,-73.9972,21517,Customer,1982,0
420,2014-01-31 13:39:49,2014-01-31 13:46:49,8,Hudson St & Reade St,40.71534,-74.00915,28,Stanton St & Chrystie St,40.72229,-73.99147,21420,Subscriber,1996,0
420,2014-01-31 07:52:40,2014-01-31 07:59:40,41,Grand St & Elizabeth St,40.7185,-73.9972,60,Columbus Ave & W 72 St,40.77813,-73.97371,21198,Subscriber,1959,0
1920,2014-01-31 09:16:27,2014-01-31 09:48:27,33,Greenwich Ave & 8 Ave,40.73902,-74.00264,47,E 20 St & Park Ave,40.73818,-73.98433,22400,Customer,1988,1
1860,2014-01-31 18:48:13,2014-01-31 19:19:13,44,St James Pl & Pearl St,40.71117,-74.00016,52,E 33 St & 1 Ave,40.74402,-73.97196,20801,Subscriber,1969,1
1920,2014-01-31 17:38:16,2014-01-31 18:10:16,7,Washington Square E,40.73049,-73.99572,52,E 33 St & 1 Ave,40.74402,-73.97196,21460,Subscriber,1993,1
1680,2014-01-31 11:36:05,2014-01-31 12:04:05,52,E 33 St & 1 Ave,40.74402,-73.97196,44,St James Pl & Pearl St,40.71117,-74.00016,22294,Customer,1993,1
540,2014-01-31 12:15:09,2014-01-31 12:24:09,28,Stanton St & Chrystie St,40.72229,-73.99147,33,Greenwich Ave & 8 Ave,40.73902,-74.00264,22019,Customer,1980,2
2100,2014-01-31 14:08:12,2014-01-31 14:43:12,9,W 52 St & 9 Ave,40.7644,-73.9878,33,Greenwich Ave & 8 Ave,40.73902,-74.00264,20497,Subscriber,1988,0
720,2014-01-31 11:40:40,2014-01-31 11:52:40,28,Stanton St & Chrystie St,40.72229,-73.99147,60,Columbus Ave & W 72 St,40.77813,-73.97371,20314,Subscriber,1958,0
720,2014-01-31 11:30:51,2014-01-31 11:42:51,28,Stanton St & Chrystie St,40.72229,-73.99147,60,Columbus Ave & W 72 St,40.77813,-73.97371,21766,Customer,1954,2
1200,2014-01-31 14:31:27,2014-01-31 14:51:27,44,St James Pl & Pearl St,40.71117,-74.00016,52,E 33 St & 1 Ave,40.74402,-73.97196,21001,Customer,1976,0
1800,2014-01-31 12:40:32,2014-01-31 13:10:32,7,Washington Square E,40.73049,-73.99572,41,Grand St & Elizabeth St,40.7185,-73.9972,22931,Subscriber,1980,1
360,2014-01-31 17:32:40,2014-01-31 17:38:40,9,W 52 St & 9 Ave,40.7644,-73.9878,52,E 33 St & 1 Ave,40.74402,-73.97196,20284,Subscriber,1973,1
1920,2014-01-31 12:51:17,2014-01-31 13:23:17,33,Greenwich Ave & 8 Ave,40.73902,-74.00264,52,E 33 St & 1 Ave,40.74402,-73.97196,20159,Subscriber,1998,2
1860,2014-01-31 17:27:44,2014-01-31 17:58:44,9,W 52 St & 9 Ave,40.7644,-73.9878,33,Greenwich Ave & 8 Ave,40.73902,-74.00264,22252,Customer,2004,1
1800,2014-01-31 12:38:25,2014-01-31 13:08:25,52,E 33 St & 1 Ave,40.74402,-73.97196,44,St James Pl & Pearl St,40.71117,-74.00016,21695,Customer,1983,2
480,2014-01-31 09:16:17,2014-01-31 09:24:17,41,Grand St & Elizabeth St,40.7185,-73.9972,44,St James Pl & Pearl St,40.71117,-74.00016,20792,Customer,1992,0
2100,2014-01-31 11:44:45,2014-01-31 12:19:45,33,Greenwich Ave & 8 Ave,40.73902,-74.00264,41,Grand St & Elizabeth St,40.7185,-73.9972,22054,Subscriber,1992,1
1500,2014-01-31 09:58:44,2014-01-31 10:23:44,52,E 33 St & 1 Ave,40.74402,-73.97196,44,St James Pl & Pearl St,40.71117,-74.00016,20360,Subscriber,2005,0
1440,2014-01-31 14:00:05,2014-01-31 14:24:05,41,Grand St & Elizabeth St,40.7185,-73.9972,60,Columbus Ave & W 72 St,40.77813,-73.97371,21085,Subscriber,1991,2
660,2014-01-31 12:50:25,2014-01-31 13:01:25,60,Columbus Ave & W 72 St,40.77813,-73.97371,33,Greenwich Ave & 8 Ave,40.73902,-74.00264,22463,Subscriber,1990,2
1260,2014-01-31 14:34:21,2014-01-31 14:55:21,33,Greenwich Ave & 8 Ave,40.73902,-74.00264,60,Columbus Ave & W 72 St,40.77813,-73.97371,21661,Subscriber,1969,2
600,2014-01-31 13:32:45,2014-01-31 13:42:45,60,Columbus Ave & W 72 St,40.77813,-73.97371,33,Greenwich Ave & 8 Ave,40.73902,-74.00264,20832,Subscriber,2000,0
1860,2014-01-31 09:02:17,2014-01-31 09:33:17,33,Greenwich Ave & 8 Ave,40.73902,-74.00264,44,St James Pl & Pearl St,40.71117,-74.00016,20864,Subscriber,1985,1
420,2014-01-31 17:29:16,2014-01-31 17:36:16,28,Stanton St & Chrystie St,40.72229,-73.99147,44,St James Pl & Pearl St,40.71117,-74.00016,22876,Subscriber,1968,1
1800,2014-01-31 12:53:41,2014-01-31 13:23:41,28,Stanton St & Chrystie St,40.72229,-73.99147,41,Grand St & Elizabeth St,40.7185,-73.9972,20591,Subscriber,1971,0
600,2014-01-31 18:34:41,2014-01-31 18:44:41,7,Washington Square E,40.73049,-73.99572,33,Greenwich Ave & 8 Ave,40.73902,-74.00264,22457,Customer,1985,2
1440,2014-01-31 11:05:59,2014-01-31 11:29:59,28,Stanton St & Chrystie St,40.72229,-73.99147,52,E 33 St & 1 Ave,40.74402,-73.97196,20662,Customer,1994,2
1860,2014-01-31 07:18:13,2014-01-31 07:49:13,33,Greenwich Ave & 8 Ave,40.73902,-74.00264,60,Columbus Ave & W 72 St,40.77813,-73.97371,21354,Subscriber,1994,2
1680,2014-01-31 08:24:50,2014-01-31 08:52:50,44,St James Pl & Pearl St,40.71117,-74.00016,52,E 33 St & 1 Ave,40.74402,-73.97196,21871,Subscriber,1980,0
2040,2014-01-31 08:40:38,2014-01-31 09:14:38,44,St James Pl & Pearl St,40.71117,-74.00016,52,E 33 St & 1 Ave,40.74402,-73.97196,20443,Subscriber,1994,0
1920,2014-01-31 09:42:01,2014-01-31 10:14:01,52,E 33 St & 1 Ave,40.74402,-73.97196,33,Greenwich Ave & 8 Ave,40.73902,-74.00264,22052,Customer,1983,1
2100,2014-01-31 11:21:55,2014-01-31 11:56:55,7,Washington Square E,40.73049,-73.99572,28,Stanton St & Chrystie St,40.72229,-73.99147,20326,Subscriber,2001,2
840,2014-01-31 09:38:52,2014-01-31 09:52:52,7,Washington Square E,40.73049,-73.99572,28,Stanton St & Chrystie St,40.72229,-73.99147,20768,Subscriber,1951,0
1440,2014-01-31 13:53:22,2014-01-31 14:17:22,8,Hudson St & Reade St,40.71534,-74.00915,33,Greenwich Ave & 8 Ave,40.73902,-74.00264,21036,Subscriber,1958,1
960,2014-01-31 07:45:37,2014-01-31 08:01:37,7,Washington Square E,40.73049,-73.99572,28,Stanton St & Chrystie St,40.72229,-73.99147,22878,Customer,2001,0
1140,2014-01-31 14:32:19,2014-01-31 14:51:19,47,E 20 St & Park Ave,40.73818,-73.98433,33,Greenwich Ave & 8 Ave,40.73902,-74.00264,22933,Customer,1959,0
840,2014-01-31 10:02:13,2014-01-31 10:16:13,52,E 33 St & 1 Ave,40.74402,-73.97196,60,Columbus Ave & W 72 St,40.77813,-73.97371,21429,Customer,1965,2
1860,2014-01-31 17:55:32,2014-01-31 18:26:32,8,Hudson St & Reade St,40.71534,-74.00915,60,Columbus Ave & W 72 St,40.77813,-73.97371,22804,Customer,1986,1
2040,2014-01-31 10:55:05,2014-01-31 11:29:05,41,Grand St & Elizabeth St,40.7185,-73.9972,44,St James Pl & Pearl St,40.71117,-74.00016,21609,Customer,1955,0
1740,2014-01-31 15:39:34,2014-01-31 16:08:34,41,Grand St & Elizabeth St,40.7185,-73.9972,47,E 20 St & Park Ave,40.73818,-73.98433,20618,Subscriber,1966,0
1860,2014-01-31 11:31:53,2014-01-31 12:02:53,7,Washington Square E,40.73049,-73.99572,52,E 33 St & 1 Ave,40.74402,-73.97196,22546,Subscriber,1981,2
1260,2014-01-31 10:14:59,2014-01-31 10:35:59,28,Stanton St & Chrystie St,40.72229,-73.99147,44,St James Pl & Pearl St,40.71117,-74.00016,22089,Customer,1987,1
1320,2014-01-31 15:48:12,2014-01-31 16:10:12,60,Columbus Ave & W 72 St,40.77813,-73.97371,28,Stanton St & Chrystie St,40.72229,-73.99147,20630,Subscriber,1952,0
1500,2014-01-31 14:25:26,2014-01-31 14:50:26,9,W 52 St & 9 Ave,40.7644,-73.9878,41,Grand St & Elizabeth St,40.7185,-73.9972,22141,Subscriber,1977,2
660,2014-01-31 07:35:05,2014-01-31 07:46:05,7,Washington Square E,40.73049,-73.99572,47,E 20 St & Park Ave,40.73818,-73.98433,21762,Subscriber,1976,2
960,2014-01-31 08:32:17,2014-01-31 08:48:17,60,Columbus Ave & W 72 St,40.77813,-73.97371,41,Grand St & Elizabeth St,40.7185,-73.9972,21559,Customer,1955,1
1980,2014-01-31 18:24:51,2014-01-31 18:57:51,41,Grand St & Elizabeth St,40.7185,-73.9972,33,Greenwich Ave & 8 Ave,40.73902,-74.00264,20693,Customer,1950,2
600,2014-01-31 15:46:59,2014-01-31 15:56:59,47,E 20 St & Park Ave,40.73818,-73.98433,33,Greenwich Ave & 8 Ave,40.73902,-74.00264,21146,Customer,1975,0
600,2014-01-31 11:27:15,2014-01-31 11:37:15,28,Stanton St & Chrystie St,40.72229,-73.99147,52,E 33 St & 1 Ave,40.74402,-73.97196,22006,Customer,1978,0
840,2014-01-31 12:16:04,2014-01-31 12:30:04,60,Columbus Ave & W 72 St,40.77813,-73.97371,41,Grand St & Elizabeth St,40.7185,-73.9972,22427,Subscriber,1960,2
480,2014-01-31 07:16:56,2014-01-31 07:24:56,9,W 52 St & 9 Ave,40.7644,-73.9878,33,Greenwich Ave & 8 Ave,40.73902,-74.00264,21450,Subscriber,1998,1
1020,2014-01-31 11:58:09,2014-01-31 12:15:09,41,Grand St & Elizabeth St,40.7185,-73.9972,60,Columbus Ave & W 72 St,40.77813,-73.97371,22858,Subscriber,1955,2
2100,2014-01-31 07:15:53,2014-01-31 07:50:53,33,Greenwich Ave & 8 Ave,40.73902,-74.00264,52,E 33 St & 1 Ave,40.74402,-73.97196,20190,Subscriber,1989,0
600,2014-01-31 14:39:55,2014-01-31 14:49:55,8,Hudson St & Reade St,40.71534,-74.00915,33,Greenwich Ave & 8 Ave,40.73902,-74.00264,20629,Customer,1955,0
2100,2014-01-31 15:41:07,2014-01-31 16:16:07,9,W 52 St & 9 Ave,40.7644,-73.9878,33,Greenwich Ave & 8 Ave,40.73902,-74.00264,21938,Customer,1966,1
840,2014-01-31 09:57:29,2014-01-31 10:11:29,52,E 33 St & 1 Ave,40.74402,-73.97196,44,St James Pl & Pearl St,40.71117,-74.00016,21044,Subscriber,1953,2
1380,2014-01-31 10:53:47,2014-01-31 11:16:47,44,St James Pl & Pearl St,40.71117,-74.00016,41,Grand St & Elizabeth St,40.7185,-73.9972,22665,Subscriber,1978,2
420,2014-01-31 12:47:18,2014-01-31 12:54:18,28,Stanton St & Chrystie St,40.72229,-73.99147,44,St James Pl & Pearl St,40.71117,-74.00016,20279,Subscriber,1986,1
1980,2014-01-31 07:22:16,2014-01-31 07:55:16,44,St James Pl & Pearl St,40.71117,-74.00016,60,Columbus Ave & W 72 St,40.77813,-73.97371,22950,Customer,1977,0
1260,2014-01-31 11:12:39,2014-01-31 11:33:39,9,W 52 St & 9 Ave,40.7644,-73.9878,33,Greenwich Ave & 8 Ave,40.73902,-74.00264,20110,Customer,1991,2
1020,2014-01-31 10:41:34,2014-01-31 10:58:34,33,Greenwich Ave & 8 Ave,40.73902,-74.00264,41,Grand St & Elizabeth St,40.7185,-73.9972,21549,Subscriber,1987,1
1920,2014-01-31 10:11:41,2014-01-31 10:43:41,9,W 52 St & 9 Ave,40.7644,-73.9878,33,Greenwich Ave & 8 Ave,40.73902,-74.00264,21189,Subscriber,1953,0
1020,2014-01-31 15:27:36,2014-01-31 15:44:36,47,E 20 St & Park Ave,40.73818,-73.98433,44,St James Pl & Pearl St,40.71117,-74.00016,22358,Customer,1963,2
900,2014-01-31 16:51:08,2014-01-31 17:06:08,52,E 33 St & 1 Ave,40.74402,-73.97196,28,Stanton St & Chrystie St,40.72229,-73.99147,22539,Customer,1980,1
540,2014-01-31 07:10:26,2014-01-31 07:19:26,7,Washington Square E,40.73049,-73.99572,44,St James Pl & Pearl St,40.71117,-74.00016,20478,Subscriber,1957,1
1800,2014-01-31 18:53:29,2014-01-31 19:23:29,33,Greenwich Ave & 8 Ave,40.73902,-74.00264,60,Columbus Ave & W 72 St,40.77813,-73.97371,22661,Customer,2004,2
1380,2014-01-31 16:18:40,2014-01-31 16:41:40,60,Columbus Ave & W 72 St,40.77813,-73.97371,52,E 33 St & 1 Ave,40.74402,-73.97196,21075,Subscriber,1956,0
1500,2014-01-31 08:14:44,2014-01-31 08:39:44,41,Grand St & Elizabeth St,40.7185,-73.9972,52,E 33 St & 1 Ave,40.74402,-73.97196,22423,Customer,1994,2
1140,2014-01-31 13:32:52,2014-01-31 13:51:52,47,E 20 St & Park Ave,40.73818,-73.98433,41,Grand St & Elizabeth St,40.7185,-73.9972,22128,Customer,1952,1
360,2014-01-31 15:08:09,2014-01-31 15:14:09,52,E 33 St & 1 Ave,40.74402,-73.97196,44,St James Pl & Pearl St,40.71117,-74.00016,20978,Customer,1980,1
480,2014-01-31 17:28:22,2014-01-31 17:36:22,47,E 20 St & Park Ave,40.73818,-73.98433,28,Stanton St & Chrystie St,40.72229,-73.99147,22240,Subscriber,1996,1
1800,2014-01-31 08:15:22,2014-01-31 08:45:22,8,Hudson St & Reade St,40.71534,-74.00915,28,Stanton St & Chrystie St,40.72229,-73.99147,22807,Customer,1962,2
1620,2014-01-31 13:42:53,2014-01-31 14:09:53,33,Greenwich Ave & 8 Ave,40.73902,-74.00264,60,Columbus Ave & W 72 St,40.77813,-73.97371,20592,Customer,1985,1
1200,2014-01-31 16:56:37,2014-01-31 17:16:37,52,E 33 St & 1 Ave,40.74402,-73.97196,47,E 20 St & Park Ave,40.73818,-73.98433,22803,Subscriber,1992,0
2040,2014-01-31 09:29:11,2014-01-31 10:03:11,52,E 33 St & 1 Ave,40.74402,-73.97196,60,Columbus Ave & W 72 St,40.77813,-73.97371,20504,Subscriber,1954,1
960,2014-01-31 12:35:16,2014-01-31 12:51:16,44,St James Pl & Pearl St,40.71117,-74.00016,28,Stanton St & Chrystie St,40.72229,-73.99147,22823,Customer,1985,1
840,2014-01-31 10:11:40,2014-01-31 10:25:40,28,Stanton St & Chrystie St,40.72229,-73.99147,47,E 20 St & Park Ave,40.73818,-73.98433,21045,Customer,1991,1
1260,2014-01-31 13:58:50,2014-01-31 14:19:50,60,Columbus Ave & W 72 St,40.77813,-73.97371,47,E 20 St & Park Ave,40.73818,-73.98433,20376,Customer,1958,1
840,2014-01-31 10:08:50,2014-01-31 10:22:50,8,Hudson St & Reade St,40.71534,-74.00915,60,Columbus Ave & W 72 St,40.77813,-73.97371,20685,Customer,1990,0
1860,2014-01-31 09:36:33,2014-01-31 10:07:33,52,E 33 St & 1 Ave,40.74402,-73.97196,60,Columbus Ave & W 72 St,40.77813,-73.97371,22880,Subscriber,1995,1
1080,2014-01-31 09:37:59,2014-01-31 09:55:59,8,Hudson St & Reade St,40.71534,-74.00915,52,E 33 St & 1 Ave,40.74402,-73.97196,22076,Customer,1969,2
1200,2014-01-31 09:51:43,2014-01-31 10:11:43,33,Greenwich Ave & 8 Ave,40.73902,-74.00264,28,Stanton St & Chrystie St,40.72229,-73.99147,21812,Subscriber,2003,0
420,2014-01-31 13:09:29,2014-01-31 13:16:29,9,W 52 St & 9 Ave,40.7644,-73.9878,28,Stanton St & Chrystie St,40.72229,-73.99147,20940,Subscriber,1992,0
540,2014-01-31 07:13:25,2014-01-31 07:22:25,44,St James Pl & Pearl St,40.71117,-74.00016,41,Grand St & Elizabeth St,40.7185,-73.9972,21906,Customer,1995,1
1020,2014-01-31 14:06:29,2014-01-31 14:23:29,9,W 52 St & 9 Ave,40.7644,-73.9878,44,St James Pl & Pearl St,40.71117,-74.00016,22945,Customer,1956,0
540,2014-01-31 14:28:33,2014-01-31 14:37:33,8,Hudson St & Reade St,40.71534,-74.00915,44,St James Pl & Pearl St,40.71117,-74.00016,20089,Customer,1991,2
420,2014-01-31 13:04:00,2014-01-31 13:11:00,47,E 20 St & Park Ave,40.73818,-73.98433,52,E 33 St & 1 Ave,40.74402,-73.97196,20340,Customer,1959,0
720,2014-02-01 00:19:00,2014-02-01 00:31:00,33,Greenwich Ave & 8 Ave,40.73902,-74.00264,7,Washington Square E,40.73049,-73.99572,20007,Customer,1961,2
1560,2014-01-31 13:09:49,2014-01-31 13:35:49,41,Grand St & Elizabeth St,40.7185,-73.9972,60,Columbus Ave & W 72 St,40.77813,-73.97371,22680,Customer,1986,2
1020,2014-01-31 17:18:37,2014-01-31 17:35:37,9,W 52 St & 9 Ave,40.7644,-73.9878,33,Greenwich Ave & 8 Ave,40.73902,-74.00264,20368,Subscriber,1997,0
1980,2014-01-31 12:52:51,2014-01-31 13:25:51,33,Greenwich Ave & 8 Ave,40.73902,-74.00264,41,Grand St & Elizabeth St,40.7185,-73.9972,20579,Subscriber,1956,0
1980,2014-01-31 07:36:14,2014-01-31 08:09:14,47,E 20 St & Park Ave,40.73818,-73.98433,60,Columbus Ave & W 72 St,40.77813,-73.97371,21486,Subscriber,1964,2
2100,2014-01-31 08:31:16,2014-01-31 09:06:16,47,E 20 St & Park Ave,40.73818,-73.98433,60,Columbus Ave & W 72 St,40.77813,-73.97371,20167,Customer,1965,0
900,2014-01-31 09:22:05,2014-01-31 09:37:05,8,Hudson St & Reade St,40.71534,-74.00915,41,Grand St & Elizabeth St,40.7185,-73.9972,21800,Subscriber,1991,1
960,2014-01-31 17:49:11,2014-01-31 18:05:11,8,Hudson St & Reade St,40.71534,-74.00915,52,E 33 St & 1 Ave,40.74402,-73.97196,20416,Subscriber,1979,2
1680,2014-01-31 11:55:05,2014-01-31 12:23:05,33,Greenwich Ave & 8 Ave,40.73902,-74.00264,60,Columbus Ave & W 72 St,40.77813,-73.97371,21262,Customer,1991,0
420,2014-01-31 10:30:26,2014-01-31 10:37:26,28,Stanton St & Chrystie St,40.72229,-73.99147,33,Greenwich Ave & 8 Ave,40.73902,-74.00264,22497,Subscriber,1964,0
1260,2014-01-31 07:23:38,2014-01-31 07:44:38,28,Stanton St & Chrystie St,40.72229,-73.99147,47,E 20 St & Park Ave,40.73818,-73.98433,22314,Customer,1994,2
1740,2014-01-31 17:09:34,2014-01-31 17:38:34,8,Hudson St & Reade St,40.71534,-74.00915,41,Grand St & Elizabeth St,40.7185,-73.9972,22504,Subscriber,1967,0
1560,2014-01-31 17:56:55,2014-01-31 18:22:55,44,St James Pl & Pearl St,40.71117,-74.00016,52,E 33 St & 1 Ave,40.74402,-73.97196,21820,Subscriber,1975,2
1440,2014-01-31 16:54:16,2014-01-31 17:18:16,9,W 52 St & 9 Ave,40.7644,-73.9878,44,St James Pl & Pearl St,40.71117,-74.00016,20847,Subscriber,1996,1
1980,2014-01-31 12:03:28,2014-01-31 12:36:28,60,Columbus Ave & W 72 St,40.77813,-73.97371,41,Grand St & Elizabeth St,40.7185,-73.9972,20387,Customer,1954,1
1740,2014-01-31 17:14:09,2014-01-31 17:43:09,28,Stanton St & Chrystie St,40.72229,-73.99147,52,E 33 St & 1 Ave,40.74402,-73.97196,21088,Customer,1973,2
660,2014-01-31 18:50:27,2014-01-31 19:01:27,44,St James Pl & Pearl St,40.71117,-74.00016,28,Stanton St & Chrystie St,40.72229,-73.99147,22817,Subscriber,1994,1
900,2014-01-31 11:28:41,2014-01-31 11:43:41,7,Washington Square E,40.73049,-73.99572,52,E 33 St & 1 Ave,40.74402,-73.97196,20938,Subscriber,1980,2
360,2014-01-31 14:35:16,2014-01-31 14:41:16,47,E 20 St & Park Ave,40.73818,-73.98433,60,Columbus Ave & W 72 St,40.77813,-73.97371,21985,Subscriber,1972,1
660,2014-01-31 18:50:32,2014-01-31 19:01:32,9,W 52 St & 9 Ave,40.7644,-73.9878,28,Stanton St & Chrystie St,40.72229,-73.99147,21629,Subscriber,2005,1
1440,2014-01-31 18:49:42,2014-01-31 19:13:42,60,Columbus Ave & W 72 St,40.77813,-73.97371,47,E 20 St & Park Ave,40.73818,-73.98433,21101,Subscriber,2003,1
2100,2014-01-31 17:24:44,2014-01-31 17:59:44,47,E 20 St & Park Ave,40.73818,-73.98433,44,St James Pl & Pearl St,40.71117,-74.00016,21988,Subscriber,1960,1
1080,2014-01-31 11:28:55,2014-01-31 11:46:55,47,E 20 St & Park Ave,40.73818,-73.98433,52,E 33 St & 1 Ave,40.74402,-73.97196,21862,Subscriber,1999,0
1800,2014-01-31 16:34:12,2014-01-31 17:04:12,52,E 33 St & 1 Ave,40.74402,-73.97196,41,Grand St & Elizabeth St,40.7185,-73.9972,21159,Customer,1952,1
1860,2014-01-31 08:31:21,2014-01-31 09:02:21,47,E 20 St & Park Ave,40.73818,-73.98433,28,Stanton St & Chrystie St,40.72229,-73.99147,22375,Customer,1981,2
1800,2014-01-31 15:53:15,2014-01-31 16:23:15,8,Hudson St & Reade St,40.71534,-74.00915,47,E 20 St & Park Ave,40.73818,-73.98433,20030,Customer,2004,1
1920,2014-01-31 09:38:17,2014-01-31 10:10:17,41,Grand St & Elizabeth St,40.7185,-73.9972,33,Greenwich Ave & 8 Ave,40.73902,-74.00264,21212,Customer,1986,1
1320,2014-01-31 16:49:47,2014-01-31 17:11:47,60,Columbus Ave & W 72 St,40.77813,-73.97371,52,E 33 St & 1 Ave,40.74402,-73.97196,22887,Subscriber,1987,2
1800,2014-01-31 07:18:53,2014-01-31 07:48:53,52,E 33 St & 1 Ave,40.74402,-73.97196,60,Columbus Ave & W 72 St,40.77813,-73.97371,22434,Subscriber,2005,0
840,2014-01-31 10:52:20,2014-01-31 11:06:20,44,St James Pl & Pearl St,40.71117,-74.00016,41,Grand St & Elizabeth St,40.7185,-73.9972,22893,Customer,1956,1
1260,2014-01-31 12:11:20,2014-01-31 12:32:20,33,Greenwich Ave & 8 Ave,40.73902,-74.00264,47,E 20 St & Park Ave,40.73818,-73.98433,20723,Customer,1960,0
1920,2014-01-31 18:31:01,2014-01-31 19:03:01,33,Greenwich Ave & 8 Ave,40.73902,-74.00264,60,Columbus Ave & W 72 St,40.77813,-73.97371,22769,Subscriber,1968,2
540,2014-01-31 10:15:19,2014-01-31 10:24:19,33,Greenwich Ave & 8 Ave,40.73902,-74.00264,41,Grand St & Elizabeth St,40.7185,-73.9972,21297,Subscriber,1972,2
1140,2014-01-31 08:13:16,2014-01-31 08:32:16,41,Grand St & Elizabeth St,40.7185,-73.9972,52,E 33 St & 1 Ave,40.74402,-73.97196,20203,Subscriber,1952,2
720,2014-01-31 14:01:31,2014-01-31 14:13:31,7,Washington Square E,40.73049,-73.99572,41,Grand St & Elizabeth St,40.7185,-73.9972,22837,Subscriber,1992,2
480,2014-01-31 10:43:39,2014-01-31 10:51:39,60,Columbus Ave & W 72 St,40.77813,-73.97371,33,Greenwich Ave & 8 Ave,40.73902,-74.00264,20193,Customer,1988,1
1440,2014-01-31 09:44:17,2014-01-31 10:08:17,41,Grand St & Elizabeth St,40.7185,-73.9972,28,Stanton St & Chrystie St,40.72229,-73.99147,22832,Subscriber,1959,0
660,2014-01-31 11:39:56,2014-01-31 11:50:56,28,Stanton St & Chrystie St,40.72229,-73.99147,44,St James Pl & Pearl St,40.71117,-74.00016,20398,Customer,2001,1
1380,2014-01-31 13:09:56,2014-01-31 13:32:56,8,Hudson St & Reade St,40.71534,-74.00915,33,Greenwich Ave & 8 Ave,40.73902,-74.00264,22320,Subscriber,1962,2
720,2014-01-31 23:57:00,2014-02-01 00:09:00,28,Stanton St & Chrystie St,40.72229,-73.99147,7,Washington Square E,40.73049,-73.99572,20000,Customer,1959,0
1980,2014-01-31 12:09:02,2014-01-31 12:42:02,52,E 33 St & 1 Ave,40.74402,-73.97196,28,Stanton St & Chrystie St,40.72229,-73.99147,21767,Subscriber,1996,0
1380,2014-01-31 15:34:18,2014-01-31 15:57:18,33,Greenwich Ave & 8 Ave,40.73902,-74.00264,60,Columbus Ave & W 72 St,40.77813,-73.97371,21842,Customer,1968,0
1500,2014-01-31 15:50:05,2014-01-31 16:15:05,52,E 33 St & 1 Ave,40.74402,-73.97196,41,Grand St & Elizabeth St,40.7185,-73.9972,21122,Subscriber,1991,2
960,2014-01-31 12:17:40,2014-01-31 12:33:40,52,E 33 St & 1 Ave,40.74402,-73.97196,28,Stanton St & Chrystie St,40.72229,-73.99147,21971,Subscriber,1950,0
780,2014-01-31 10:54:48,2014-01-31 11:07:48,41,Grand St & Elizabeth St,40.7185,-73.9972,52,E 33 St & 1 Ave,40.74402,-73.97196,20949,Subscriber,1982,2
1980,2014-01-31 09:12:42,2014-01-31 09:45:42,9,W 52 St & 9 Ave,40.7644,-73.9878,60,Columbus Ave & W 72 St,40.77813,-73.97371,20708,Subscriber,1974,2
540,2014-01-31 16:32:37,2014-01-31 16:41:37,52,E 33 St & 1 Ave,40.74402,-73.97196,33,Greenwich Ave & 8 Ave,40.73902,-74.00264,20259,Customer,1977,2
360,2014-01-31 16:22:51,2014-01-31 16:28:51,41,Grand St & Elizabeth St,40.7185,-73.9972,28,Stanton St & Chrystie St,40.72229,-73.99147,21291,Customer,1952,1
360,2014-01-31 16:36:04,2014-01-31 16:42:04,9,W 52 St & 9 Ave,40.7644,-73.9878,44,St James Pl & Pearl St,40.71117,-74.00016,22419,Subscriber,1955,2
600,2014-01-31 18:44:49,2014-01-31 18:54:49,33,Greenwich Ave & 8 Ave,40.73902,-74.00264,52,E 33 St & 1 Ave,40.74402,-73.97196,21233,Subscriber,1995,1
720,2014-01-31 12:07:54,2014-01-31 12:19:54,7,Washington Square E,40.73049,-73.99572,41,Grand St & Elizabeth St,40.7185,-73.9972,22655,Subscriber,1958,0
540,2014-01-31 08:58:26,2014-01-31 09:07:26,7,Washington Square E,40.73049,-73.99572,28,Stanton St & Chrystie St,40.72229,-73.99147,21919,Subscriber,1966,1
1860,2014-01-31 16:55:38,2014-01-31 17:26:38,7,Washington Square E,40.73049,-73.99572,52,E 33 St & 1 Ave,40.74402,-73.97196,20607,Customer,1980,2
1800,2014-01-31 11:08:06,2014-01-31 11:38:06,9,W 52 St & 9 Ave,40.7644,-73.9878,33,Greenwich Ave & 8 Ave,40.73902,-74.00264,22114,Customer,1994,2
600,2014-01-31 18:49:07,2014-01-31 18:59:07,44,St James Pl & Pearl St,40.71117,-74.00016,60,Columbus Ave & W 72 St,40.77813,-73.97371,21689,Subscriber,1998,2
1500,2014-01-31 07:38:27,2014-01-31 08:03:27,33,Greenwich Ave & 8 Ave,40.73902,-74.00264,28,Stanton St & Chrystie St,40.72229,-73.99147,20706,Subscriber,1964,2
1680,2014-01-31 13:11:02,2014-01-31 13:39:02,44,St James Pl & Pearl St,40.71117,-74.00016,28,Stanton St & Chrystie St,40.72229,-73.99147,20220,Customer,1959,0
900,2014-01-31 07:19:11,2014-01-31 07:34:11,8,Hudson St & Reade St,40.71534,-74.00915,41,Grand St & Elizabeth St,40.7185,-73.9972,20250,Subscriber,1983,2
420,2014-01-31 11:14:57,2014-01-31 11:21:57,44,St James Pl & Pearl St,40.71117,-74.00016,33,Greenwich Ave & 8 Ave,40.73902,-74.00264,22414,Customer,2002,2
2100,2014-01-31 16:10:19,2014-01-31 16:45:19,41,Grand St & Elizabeth St,40.7185,-73.9972,47,E 20 St & Park Ave,40.73818,-73.98433,21339,Subscriber,1992,1
1560,2014-01-31 14:07:01,2014-01-31 14:33:01,33,Greenwich Ave & 8 Ave,40.73902,-74.00264,47,E 20 St & Park Ave,40.73818,-73.98433,21781,Customer,2003,0
900,2014-01-31 09:26:19,2014-01-31 09:41:19,8,Hudson St & Reade St,40.71534,-74.00915,28,Stanton St & Chrystie St,40.72229,-73.99147,22640,Subscriber,1998,2
360,2014-01-31 14:43:14,2014-01-31 14:49:14,28,Stanton St & Chrystie St,40.72229,-73.99147,47,E 20 St & Park Ave,40.73818,-73.98433,20845,Customer,1967,1
1320,2014-01-31 08:36:40,2014-01-31 08:58:40,52,E 33 St & 1 Ave,40.74402,-73.97196,28,Stanton St & Chrystie St,40.72229,-73.99147,22567,Subscriber,1993,2
1920,2014-01-31 13:49:49,2014-01-31 14:21:49,47,E 20 St & Park Ave,40.73818,-73.98433,44,St James Pl & Pearl St,40.71117,-74.00016,20436,Customer,2005,0
540,2014-01-31 14:43:01,2014-01-31 14:52:01,33,Greenwich Ave & 8 Ave,40.73902,-74.00264,60,Columbus Ave & W 72 St,40.77813,-73.97371,20725,Customer,1995,2
1920,2014-01-31 16:42:20,2014-01-31 17:14:20,41,Grand St & Elizabeth St,40.7185,-73.9972,33,Greenwich Ave & 8 Ave,40.73902,-74.00264,20751,Customer,1967,0
2040,2014-01-31 10:20:15,2014-01-31 10:54:15,9,W 52 St & 9 Ave,40.7644,-73.9878,44,St James Pl & Pearl St,40.71117,-74.00016,21861,Customer,1961,1
1620,2014-01-31 11:52:14,2014-01-31 12:19:14,7,Washington Square E,40.73049,-73.99572,47,E 20 St & Park Ave,40.73818,-73.98433,21634,Customer,1952,1
1140,2014-01-31 07:33:17,2014-01-31 07:52:17,41,Grand St & Elizabeth St,40.7185,-73.9972,44,St James Pl & Pearl St,40.71117,-74.00016,21966,Customer,2004,1
1980,2014-01-31 11:05:55,2014-01-31 11:38:55,9,W 52 St & 9 Ave,40.7644,-73.9878,47,E 20 St & Park Ave,40.73818,-73.98433,20194,Customer,1978,2
600,2014-01-31 23:40:00,2014-01-31 23:50:00,9,W 52 St & 9 Ave,40.7644,-73.9878,52,E 33 St & 1 Ave,40.74402,-73.97196,20002,Customer,1965,2
1200,2014-01-31 10:49:49,2014-01-31 11:09:49,44,St James Pl & Pearl St,40.71117,-74.00016,60,Columbus Ave & W 72 St,40.77813,-73.97371,21177,Subscriber,1959,1
600,2014-01-31 07:52:29,2014-01-31 08:02:29,8,Hudson St & Reade St,40.71534,-74.00915,44,St James Pl & Pearl St,40.71117,-74.00016,21426,Subscriber,1979,0
2100,2014-01-31 17:42:24,2014-01-31 18:17:24,7,Washington Square E,40.73049,-73.99572,44,St James Pl & Pearl St,40.71117,-74.00016,20572,Customer,1976,2
720,2014-01-31 16:21:05,2014-01-31 16:33:05,7,Washington Square E,40.73049,-73.99572,28,Stanton St & Chrystie St,40.72229,-73.99147,21231,Subscriber,1951,2
600,2014-01-31 17:47:42,2014-01-31 17:57:42,8,Hudson St & Reade St,40.71534,-74.00915,52,E 33 St & 1 Ave,40.74402,-73.97196,21076,Customer,1966,1
900,2014-01-31 12:21:30,2014-01-31 12:36:30,41,Grand St & Elizabeth St,40.7185,-73.9972,60,Columbus Ave & W 72 St,40.77813,-73.97371,20795,Customer,1972,2
1620,2014-01-31 15:00:17,2014-01-31 15:27:17,52,E 33 St & 1 Ave,40.74402,-73.97196,33,Greenwich Ave & 8 Ave,40.73902,-74.00264,21398,Subscriber,1968,2
1440,2014-01-31 12:23:00,2014-01-31 12:47:00,9,W 52 St & 9 Ave,40.7644,-73.9878,28,Stanton St & Chrystie St,40.72229,-73.99147,22355,Subscriber,1971,2
1440,2014-01-31 15:36:42,2014-01-31 16:00:42,41,Grand St & Elizabeth St,40.7185,-73.9972,28,Stanton St & Chrystie St,40.72229,-73.99147,22886,Customer,1962,2
1560,2014-01-31 09:54:47,2014-01-31 10:20:47,60,Columbus Ave & W 72 St,40.77813,-73.97371,44,St James Pl & Pearl St,40.71117,-74.00016,20408,Subscriber,1985,2
840,2014-01-31 13:40:16,2014-01-31 13:54:16,33,Greenwich Ave & 8 Ave,40.73902,-74.00264,44,St James Pl & Pearl St,40.71117,-74.00016,21504,Subscriber,1959,0
360,2014-01-31 15:50:39,2014-01-31 15:56:39,8,Hudson St & Reade St,40.71534,-74.00915,47,E 20 St & Park Ave,40.73818,-73.98433,20678,Customer,1964,0
1140,2014-01-31 11:13:12,2014-01-31 11:32:12,28,Stanton St & Chrystie St,40.72229,-73.99147,41,Grand St & Elizabeth St,40.7185,-73.9972,21154,Customer,1988,2
1560,2014-01-31 13:37:09,2014-01-31 14:03:09,47,E 20 St & Park Ave,40.73818,-73.98433,33,Greenwich Ave & 8 Ave,40.73902,-74.00264,21444,Customer,1964,1
960,2014-01-31 08:14:17,2014-01-31 08:30:17,9,W 52 St & 9 Ave,40.7644,-73.9878,60,Columbus Ave & W 72 St,40.77813,-73.97371,22519,Subscriber,1992,2
960,2014-01-31 16:17:41,2014-01-31 16:33:41,47,E 20 St & Park Ave,40.73818,-73.98433,44,St James Pl & Pearl St,40.71117,-74.00016,22011,Customer,2004,2
1620,2014-01-31 16:56:10,2014-01-31 17:23:10,33,Greenwich Ave & 8 Ave,40.73902,-74.00264,60,Columbus Ave & W 72 St,40.77813,-73.97371,21255,Customer,1980,2
1980,2014-01-31 11:13:05,2014-01-31 11:46:05,28,Stanton St & Chrystie St,40.72229,-73.99147,33,Greenwich Ave & 8 Ave,40.73902,-74.00264,20566,Customer,1992,0
1920,2014-01-31 07:26:31,2014-01-31 07:58:31,41,Grand St & Elizabeth St,40.7185,-73.9972,44,St James Pl & Pearl St,40.71117,-74.00016,20718,Subscriber,1993,0
1620,2014-01-31 14:53:40,2014-01-31 15:20:40,60,Columbus Ave & W 72 St,40.77813,-73.97371,44,St James Pl & Pearl St,40.71117,-74.00016,22525,Customer,1989,1
1500,2014-01-31 15:56:50,2014-01-31 16:21:50,8,Hudson St & Reade St,40.71534,-74.00915,33,Greenwich Ave & 8 Ave,40.73902,-74.00264,22790,Customer,1963,1
900,2014-01-31 09:02:51,2014-01-31 09:17:51,44,St James Pl & Pearl St,40.71117,-74.00016,52,E 33 St & 1 Ave,40.74402,-73.97196,20888,Subscriber,1954,2
540,2014-01-31 08:53:08,2014-01-31 09:02:08,7,Washington Square E,40.73049,-73.99572,41,Grand St & Elizabeth St,40.7185,-73.9972,22795,Subscriber,1978,1
1680,2014-01-31 18:14:09,2014-01-31 18:42:09,7,Washington Square E,40.73049,-73.99572,60,Columbus Ave & W 72 St,40.77813,-73.97371,20525,Subscriber,1972,0
1260,2014-01-31 16:46:34,2014-01-31 17:07:34,60,Columbus Ave & W 72 St,40.77813,-73.97371,33,Greenwich Ave & 8 Ave,40.73902,-74.00264,22167,Subscriber,1973,2
540,2014-01-31 09:04:49,2014-01-31 09:13:49,9,W 52 St & 9 Ave,40.7644,-73.9878,60,Columbus Ave & W 72 St,40.77813,-73.97371,22556,Subscriber,1980,1
1560,2014-01-31 17:16:30,2014-01-31 17:42:30,8,Hudson St & Reade St,40.71534,-74.00915,60,Columbus Ave & W 72 St,40.77813,-73.97371,20356,Customer,1962,0
1260,2014-01-31 11:55:01,2014-01-31 12:16:01,9,W 52 St & 9 Ave,40.7644,-73.9878,28,Stanton St & Chrystie St,40.72229,-73.99147,22150,Customer,1998,1
1200,2014-01-31 12:57:23,2014-01-31 13:17:23,47,E 20 St & Park Ave,40.73818,-73.98433,28,Stanton St & Chrystie St,40.72229,-73.99147,21719,Subscriber,1962,2
960,2014-01-31 15:51:31,2014-01-31 16:07:31,47,E 20 St & Park Ave,40.73818,-73.98433,44,St James Pl & Pearl St,40.71117,-74.00016,20270,Subscriber,1986,2
1620,2014-01-31 16:03:55,2014-01-31 16:30:55,8,Hudson St & Reade St,40.71534,-74.00915,60,Columbus Ave & W 72 St,40.77813,-73.97371,22239,Customer,1956,2
960,2014-01-31 17:04:08,2014-01-31 17:20:08,33,Greenwich Ave & 8 Ave,40.73902,-74.00264,44,St James Pl & Pearl St,40.71117,-74.00016,20644,Customer,1979,2
1320,2014-01-31 14:35:07,2014-01-31 14:57:07,7,Washington Square E,40.73049,-73.99572,47,E 20 St & Park Ave,40.73818,-73.98433,21049,Customer,2005,0
1620,2014-01-31 13:01:35,2014-01-31 13:28:35,7,Washington Square E,40.73049,-73.99572,44,St James Pl & Pearl St,40.71117,-74.00016,21756,Customer,1993,0
900,2014-01-31 16:06:06,2014-01-31 16:21:06,28,Stanton St & Chrystie St,40.72229,-73.99147,52,E 33 St & 1 Ave,40.74402,-73.97196,20475,Subscriber,1989,0
840,2014-01-31 13:33:59,2014-01-31 13:47:59,33,Greenwich Ave & 8 Ave,40.73902,-74.00264,52,E 33 St & 1 Ave,40.74402,-73.97196,22608,Subscriber,1988,2
360,2014-01-31 08:52:52,2014-01-31 08:58:52,8,Hudson St & Reade St,40.71534,-74.00915,52,E 33 St & 1 Ave,40.74402,-73.97196,20683,Customer,1962,2
1740,2014-01-31 13:06:15,2014-01-31 13:35:15,41,Grand St & Elizabeth St,40.7185,-73.9972,33,Greenwich Ave & 8 Ave,40.73902,-74.00264,22548,Customer,1986,2
960,2014-01-31 07:35:55,2014-01-31 07:51:55,52,E 33 St & 1 Ave,40.74402,-73.97196,60,Columbus Ave & W 72 St,40.77813,-73.97371,21954,Customer,1989,2
1140,2014-01-31 16:34:48,2014-01-31 16:53:48,8,Hudson St & Reade St,40.71534,-74.00915,28,Stanton St & Chrystie St,40.72229,-73.99147,21819,Subscriber,1952,2
1440,2014-01-31 14:23:48,2014-01-31 14:47:48,9,W 52 St & 9 Ave,40.7644,-73.9878,47,E 20 St & Park Ave,40.73818,-73.98433,21445,Subscriber,1987,1
1380,2014-01-31 07:20:45,2014-01-31 07:43:45,28,Stanton St & Chrystie St,40.72229,-73.99147,52,E 33 St & 1 Ave,40.74402,-73.97196,20562,Subscriber,1951,0
960,2014-01-31 15:06:41,2014-01-31 15:22:41,44,St James Pl & Pearl St,40.71117,-74.00016,33,Greenwich Ave & 8 Ave,40.73902,-74.00264,22442,Customer,1969,1
1440,2014-01-31 18:48:00,2014-01-31 19:12:00,9,W 52 St & 9 Ave,40.7644,-73.9878,60,Columbus Ave & W 72 St,40.77813,-73.97371,20585,Subscriber,1979,1
420,2014-01-31 16:24:56,2014-01-31 16:31:56,41,Grand St & Elizabeth St,40.7185,-73.9972,33,Greenwich Ave & 8 Ave,40.73902,-74.00264,21783,Customer,2003,2
1080,2014-01-31 14:12:16,2014-01-31 14:30:16,41,Grand St & Elizabeth St,40.7185,-73.9972,28,Stanton St & Chrystie St,40.72229,-73.99147,21925,Customer,1997,1
1740,2014-01-31 08:47:50,2014-01-31 09:16:50,33,Greenwich Ave & 8 Ave,40.73902,-74.00264,44,St James Pl & Pearl St,40.71117,-74.00016,20695,Subscriber,1960,1
540,2014-01-31 07:27:25,2014-01-31 07:36:25,47,E 20 St & Park Ave,40.73818,-73.98433,60,Columbus Ave & W 72 St,40.77813,-73.97371,21594,Customer,1961,1
1800,2014-01-31 17:31:46,2014-01-31 18:01:46,60,Columbus Ave & W 72 St,40.77813,-73.97371,33,Greenwich Ave & 8 Ave,40.73902,-74.00264,21580,Customer,1978,0
1320,2014-01-31 08:08:28,2014-01-31 08:30:28,33,Greenwich Ave & 8 Ave,40.73902,-74.00264,28,Stanton St & Chrystie St,40.72229,-73.99147,21187,Customer,1967,1
600,2014-01-31 18:04:21,2014-01-31 18:14:21,9,W 52 St & 9 Ave,40.7644,-73.9878,44,St James Pl & Pearl St,40.71117,-74.00016,22925,Customer,1954,2
1800,2014-01-31 14:37:18,2014-01-31 15:07:18,9,W 52 St & 9 Ave,40.7644,-73.9878,44,St James Pl & Pearl St,40.71117,-74.00016,21829,Customer,1974,1
480,2014-01-31 18:31:03,2014-01-31 18:39:03,9,W 52 St & 9 Ave,40.7644,-73.9878,33,Greenwich Ave & 8 Ave,40.73902,-74.00264,21077,Subscriber,2001,0
1020,2014-01-31 15:06:22,2014-01-31 15:23:22,52,E 33 St & 1 Ave,40.74402,-73.97196,28,Stanton St & Chrystie St,40.72229,-73.99147,21194,Customer,1996,0
840,2014-01-31 09:47:25,2014-01-31 10:01:25,41,Grand St & Elizabeth St,40.7185,-73.9972,44,St James Pl & Pearl St,40.71117,-74.00016,20456,Subscriber,1960,1
1500,2014-01-31 08:21:48,2014-01-31 08:46:48,52,E 33 St & 1 Ave,40.74402,-73.97196,47,E 20 St & Park Ave,40.73818,-73.98433,20431,Subscriber,1958,0
1920,2014-01-31 08:51:01,2014-01-31 09:23:01,52,E 33 St & 1 Ave,40.74402,-73.97196,44,St James Pl & Pearl St,40.71117,-74.00016,22291,Subscriber,1990,2
1920,2014-01-31 14:47:05,2014-01-31 15:19:05,28,Stanton St & Chrystie St,40.72229,-73.99147,44,St James Pl & Pearl St,40.71117,-74.00016,20233,Subscriber,1995,1
1320,2014-01-31 15:05:15,2014-01-31 15:27:15,52,E 33 St & 1 Ave,40.74402,-73.97196,41,Grand St & Elizabeth St,40.7185,-73.9972,21422,Subscriber,1965,2
600,2014-01-31 17:55:54,2014-01-31 18:05:54,33,Greenwich Ave & 8 Ave,40.73902,-74.00264,28,Stanton St & Chrystie St,40.72229,-73.99147,21640,Subscriber,1987,1
540,2014-01-31 08:57:10,2014-01-31 09:06:10,60,Columbus Ave & W 72 St,40.77813,-73.97371,33,Greenwich Ave & 8 Ave,40.73902,-74.00264,20515,Subscriber,1961,2
660,2014-01-31 08:34:29,2014-01-31 08:45:29,47,E 20 St & Park Ave,40.73818,-73.98433,60,Columbus Ave & W 72 St,40.77813,-73.97371,22915,Customer,1967,1
1680,2014-01-31 14:01:06,2014-01-31 14:29:06,28,Stanton St & Chrystie St,40.72229,-73.99147,60,Columbus Ave & W 72 St,40.77813,-73.97371,20557,Customer,1984,0
840,2014-01-31 14:22:54,2014-01-31 14:36:54,60,Columbus Ave & W 72 St,40.77813,-73.97371,41,Grand St & Elizabeth St,40.7185,-73.9972,20761,Customer,1996,0
1140,2014-01-31 13:53:37,2014-01-31 14:12:37,60,Columbus Ave & W 72 St,40.77813,-73.97371,28,Stanton St & Chrystie St,40.72229,-73.99147,21624,Subscriber,1998,0
420,2014-01-31 15:48:27,2014-01-31 15:55:27,44,St James Pl & Pearl St,40.71117,-74.00016,47,E 20 St & Park Ave,40.73818,-73.98433,21530,Customer,1974,2
540,2014-01-31 16:56:39,2014-01-31 17:05:39,8,Hudson St & Reade St,40.71534,-74.00915,60,Columbus Ave & W 72 St,40.77813,-73.97371,21603,Customer,1972,1
600,2014-01-31 14:58:20,2014-01-31 15:08:20,47,E 20 St & Park Ave,40.73818,-73.98433,52,E 33 St & 1 Ave,40.74402,-73.97196,21949,Customer,1972,1
1740,2014-01-31 15:06:13,2014-01-31 15:35:13,8,Hudson St & Reade St,40.71534,-74.00915,47,E 20 St & Park Ave,40.73818,-73.98433,22862,Subscriber,1998,2
1680,2014-01-31 09:23:15,2014-01-31 09:51:15,8,Hudson St & Reade St,40.71534,-74.00915,52,E 33 St & 1 Ave,40.74402,-73.97196,22112,Customer,1985,0
660,2014-01-31 17:06:29,2014-01-31 17:17:29,47,E 20 St & Park Ave,40.73818,-73.98433,41,Grand St & Elizabeth St,40.7185,-73.9972,20812,Customer,1975,0
720,2014-01-31 08:35:46,2014-01-31 08:47:46,33,Greenwich Ave & 8 Ave,40.73902,-74.00264,28,Stanton St & Chrystie St,40.72229,-73.99147,22003,Customer,1976,1
1380,2014-01-31 17:23:19,2014-01-31 17:46:19,44,St James Pl & Pearl St,40.71117,-74.00016,33,Greenwich Ave & 8 Ave,40.73902,-74.00264,20392,Subscriber,1965,2
1560,2014-01-31 15:47:32,2014-01-31 16:13:32,9,W 52 St & 9 Ave,40.7644,-73.9878,47,E 20 St & Park Ave,40.73818,-73.98433,21734,Subscriber,1962,0
360,2014-01-31 11:03:58,2014-01-31 11:09:58,33,Greenwich Ave & 8 Ave,40.73902,-74.00264,28,Stanton St & Chrystie St,40.72229,-73.99147,20734,Subscriber,1982,1
420,2014-01-31 14:24:45,2014-01-31 14:31:45,8,Hudson St & Reade St,40.71534,-74.00915,47,E 20 St & Park Ave,40.73818,-73.98433,22405,Subscriber,1961,0
1080,2014-01-31 11:06:52,2014-01-31 11:24:52,41,Grand St & Elizabeth St,40.7185,-73.9972,47,E 20 St & Park Ave,40.73818,-73.98433,22270,Customer,1982,0
780,2014-01-31 13:20:08,2014-01-31 13:33:08,33,Greenwich Ave & 8 Ave,40.73902,-74.00264,60,Columbus Ave & W 72 St,40.77813,-73.97371,20280,Customer,1979,1
1920,2014-01-31 15:24:32,2014-01-31 15:56:32,9,W 52 St & 9 Ave,40.7644,-73.9878,60,Columbus Ave & W 72 St,40.77813,-73.97371,20966,Subscriber,2002,0
780,2014-01-31 12:58:41,2014-01-31 13:11:41,60,Columbus Ave & W 72 St,40.77813,-73.97371,47,E 20 St & Park Ave,40.73818,-73.98433,20075,Customer,1969,1
1680,2014-01-31 16:50:11,2014-01-31 17:18:11,47,E 20 St & Park Ave,40.73818,-73.98433,52,E 33 St & 1 Ave,40.74402,-73.97196,21687,Customer,1998,0
1080,2014-01-31 09:43:55,2014-01-31 10:01:55,41,Grand St & Elizabeth St,40.7185,-73.9972,44,St James Pl & Pearl St,40.71117,-74.00016,20972,Customer,1976,1
720,2014-01-31 23:52:00,2014-02-01 00:04:00,52,E 33 St & 1 Ave,40.74402,-73.97196,9,W 52 St & 9 Ave,40.7644,-73.9878,20002,Subscriber,1982,0
1740,2014-01-31 18:57:55,2014-01-31 19:26:55,60,Columbus Ave & W 72 St,40.77813,-73.97371,28,Stanton St & Chrystie St,40.72229,-73.99147,20537,Customer,1981,0
2040,2014-01-31 08:16:04,2014-01-31 08:50:04,8,Hudson St & Reade St,40.71534,-74.00915,41,Grand St & Elizabeth St,40.7185,-73.9972,21211,Subscriber,1954,0
420,2014-01-31 11:44:23,2014-01-31 11:51:23,60,Columbus Ave & W 72 St,40.77813,-73.97371,41,Grand St & Elizabeth St,40.7185,-73.9972,22090,Customer,1978,0
1860,2014-01-31 08:13:59,2014-01-31 08:44:59,47,E 20 St & Park Ave,40.73818,-73.98433,52,E 33 St & 1 Ave,40.74402,-73.97196,22063,Subscriber,1969,0
2040,2014-01-31 15:28:59,2014-01-31 16:02:59,60,Columbus Ave & W 72 St,40.77813,-73.97371,28,Stanton St & Chrystie St,40.72229,-73.99147,21542,Subscriber,1964,1
1620,2014-01-31 08:35:19,2014-01-31 09:02:19,60,Columbus Ave & W 72 St,40.77813,-73.97371,41,Grand St & Elizabeth St,40.7185,-73.9972,21667,Customer,1993,0
1380,2014-01-31 12:01:26,2014-01-31 12:24:26,60,Columbus Ave & W 72 St,40.77813,-73.97371,47,E 20 St & Park Ave,40.73818,-73.98433,21011,Subscriber,1993,0
1500,2014-01-31 09:38:18,2014-01-31 10:03:18,7,Washington Square E,40.73049,-73.99572,28,Stanton St & Chrystie St,40.72229,-73.99147,22064,Customer,1995,1
1440,2014-01-31 15:17:58,2014-01-31 15:41:58,7,Washington Square E,40.73049,-73.99572,41,Grand St & Elizabeth St,40.7185,-73.9972,20534,Customer,2004,0
1320,2014-01-31 18:38:33,2014-01-31 19:00:33,47,E 20 St & Park Ave,40.73818,-73.98433,33,Greenwich Ave & 8 Ave,40.73902,-74.00264,22133,Customer,1978,2
1200,2014-01-31 18:24:04,2014-01-31 18:44:04,33,Greenwich Ave & 8 Ave,40.73902,-74.00264,44,St James Pl & Pearl St,40.71117,-74.00016,21209,Subscriber,1958,1
1560,2014-01-31 11:00:20,2014-01-31 11:26:20,60,Columbus Ave & W 72 St,40.77813,-73.97371,41,Grand St & Elizabeth St,40.7185,-73.9972,21526,Customer,1959,0
1080,2014-01-31 07:17:31,2014-01-31 07:35:31,60,Columbus Ave & W 72 St,40.77813,-73.97371,44,St James Pl & Pearl St,40.71117,-74.00016,20850,Customer,1984,0
1980,2014-01-31 08:16:10,2014-01-31 08:49:10,41,Grand St & Elizabeth St,40.7185,-73.9972,33,Greenwich Ave & 8 Ave,40.73902,-74.00264,22231,Customer,1994,2
840,2014-01-31 14:53:54,2014-01-31 15:07:54,47,E 20 St & Park Ave,40.73818,-73.98433,28,Stanton St & Chrystie St,40.72229,-73.99147,21937,Customer,1959,1
1260,2014-01-31 10:53:16,2014-01-31 11:14:16,9,W 52 St & 9 Ave,40.7644,-73.9878,28,Stanton St & Chrystie St,40.72229,-73.99147,20457,Customer,1977,0
600,2014-01-31 18:26:55,2014-01-31 18:36:55,52,E 33 St & 1 Ave,40.74402,-73.97196,41,Grand St & Elizabeth St,40.7185,-73.9972,21413,Customer,1979,0
1260,2014-01-31 10:18:12,2014-01-31 10:39:12,60,Columbus Ave & W 72 St,40.77813,-73.97371,44,St James Pl & Pearl St,40.71117,-74.00016,21885,Customer,1988,2
1560,2014-01-31 18:54:12,2014-01-31 19:20:12,60,Columbus Ave & W 72 St,40.77813,-73.97371,44,St James Pl & Pearl St,40.71117,-74.00016,22781,Subscriber,1968,0
600,2014-01-31 18:42:47,2014-01-31 18:52:47,7,Washington Square E,40.73049,-73.99572,52,E 33 St & 1 Ave,40.74402,-73.97196,21221,Subscriber,1993,2
720,2014-01-31 13:14:00,2014-01-31 13:26:00,47,E 20 St & Park Ave,40.73818,-73.98433,52,E 33 St & 1 Ave,40.74402,-73.97196,20005,Customer,1967,0
2040,2014-01-31 10:12:17,2014-01-31 10:46:17,44,St James Pl & Pearl St,40.71117,-74.00016,33,Greenwich Ave & 8 Ave,40.73902,-74.00264,20721,Customer,1974,0
1320,2014-01-31 15:17:37,2014-01-31 15:39:37,7,Washington Square E,40.73049,-73.99572,52,E 33 St & 1 Ave,40.74402,-73.97196,22970,Customer,1952,0
1860,2014-01-31 15:08:36,2014-01-31 15:39:36,47,E 20 St & Park Ave,40.73818,-73.98433,28,Stanton St & Chrystie St,40.72229,-73.99147,22082,Customer,1985,2
1080,2014-01-31 15:18:48,2014-01-31 15:36:48,8,Hudson St & Reade St,40.71534,-74.00915,44,St James Pl & Pearl St,40.71117,-74.00016,22922,Customer,1952,0
1560,2014-01-31 12:11:02,2014-01-31 12:37:02,44,St James Pl & Pearl St,40.71117,-74.00016,41,Grand St & Elizabeth St,40.7185,-73.9972,20351,Subscriber,1962,2
1260,2014-01-31 16:00:57,2014-01-31 16:21:57,44,St James Pl & Pearl St,40.71117,-74.00016,41,Grand St & Elizabeth St,40.7185,-73.9972,20547,Customer,1993,0
1260,2014-01-31 17:36:23,2014-01-31 17:57:23,47,E 20 St & Park Ave,40.73818,-73.98433,60,Columbus Ave & W 72 St,40.77813,-73.97371,22408,Customer,1981,1
720,2014-01-31 08:39:36,2014-01-31 08:51:36,28,Stanton St & Chrystie St,40.72229,-73.99147,52,E 33 St & 1 Ave,40.74402,-73.97196,21787,Customer,1960,2
840,2014-01-31 09:21:57,2014-01-31 09:35:57,28,Stanton St & Chrystie St,40.72229,-73.99147,44,St James Pl & Pearl St,40.71117,-74.00016,21320,Subscriber,1956,0
1920,2014-01-31 12:12:02,2014-01-31 12:44:02,8,Hudson St & Reade St,40.71534,-74.00915,44,St James Pl & Pearl St,40.71117,-74.00016,22835,Subscriber,1971,1
1320,2014-01-31 16:18:14,2014-01-31 16:40:14,44,St James Pl & Pearl St,40.71117,-74.00016,33,Greenwich Ave & 8 Ave,40.73902,-74.00264,22899,Customer,1955,0
1440,2014-01-31 10:13:32,2014-01-31 10:37:32,9,W 52 St & 9 Ave,40.7644,-73.9878,28,Stanton St & Chrystie St,40.72229,-73.99147,21525,Subscriber,1970,2
1080,2014-01-31 10:34:59,2014-01-31 10:52:59,8,Hudson St & Reade St,40.71534,-74.00915,44,St James Pl & Pearl St,40.71117,-74.00016,22557,Subscriber,1983,2
1980,2014-01-31 11:36:23,2014-01-31 12:09:23,33,Greenwich Ave & 8 Ave,40.73902,-74.00264,41,Grand St & Elizabeth St,40.7185,-73.9972,21610,Subscriber,1977,2
660,2014-01-31 11:38:37,2014-01-31 11:49:37,60,Columbus Ave & W 72 St,40.77813,-73.97371,33,Greenwich Ave & 8 Ave,40.73902,-74.00264,22666,Subscriber,1969,0
660,2014-01-31 14:44:14,2014-01-31 14:55:14,41,Grand St & Elizabeth St,40.7185,-73.9972,60,Columbus Ave & W 72 St,40.77813,-73.97371,20869,Customer,1963,2
360,2014-01-31 17:33:24,2014-01-31 17:39:24,44,St James Pl & Pearl St,40.71117,-74.00016,52,E 33 St & 1 Ave,40.74402,-73.97196,22564,Customer,1961,1
840,2014-01-31 09:47:24,2014-01-31 10:01:24,8,Hudson St & Reade St,40.71534,-74.00915,28,Stanton St & Chrystie St,40.72229,-73.99147,21992,Customer,1991,1
1320,2014-01-31 13:59:59,2014-01-31 14:21:59,47,E 20 St & Park Ave,40.73818,-73.98433,60,Columbus Ave & W 72 St,40.77813,-73.97371,20112,Subscriber,1988,2
1440,2014-01-31 17:59:09,2014-01-31 18:23:09,28,Stanton St & Chrystie St,40.72229,-73.99147,44,St James Pl & Pearl St,40.71117,-74.00016,22288,Customer,1977,2
780,2014-01-31 13:07:49,2014-01-31 13:20:49,47,E 20 St & Park Ave,40.73818,-73.98433,52,E 33 St & 1 Ave,40.74402,-73.97196,20628,Customer,1965,1
600,2014-01-31 16:51:47,2014-01-31 17:01:47,41,Grand St & Elizabeth St,40.7185,-73.9972,28,Stanton St & Chrystie St,40.72229,-73.99147,22815,Customer,1984,1
1500,2014-01-31 14:40:07,2014-01-31 15:05:07,7,Washington Square E,40.73049,-73.99572,52,E 33 St & 1 Ave,40.74402,-73.97196,22189,Customer,1955,1
1380,2014-01-31 14:04:25,2014-01-31 14:27:25,7,Washington Square E,40.73049,-73.99572,28,Stanton St & Chrystie St,40.72229,-73.99147,22537,Subscriber,1982,1
420,2014-01-31 12:12:00,2014-01-31 12:19:00,8,Hudson St & Reade St,40.71534,-74.00915,7,Washington Square E,40.73049,-73.99572,20004,Customer,1959,1
1860,2014-01-31 10:38:23,2014-01-31 11:09:23,9,W 52 St & 9 Ave,40.7644,-73.9878,60,Columbus Ave & W 72 St,40.77813,-73.97371,21561,Customer,1978,1
1740,2014-01-31 16:06:10,2014-01-31 16:35:10,52,E 33 St & 1 Ave,40.74402,-73.97196,41,Grand St & Elizabeth St,40.7185,-73.9972,20835,Subscriber,1993,0
2040,2014-01-31 14:49:04,2014-01-31 15:23:04,52,E 33 St & 1 Ave,40.74402,-73.97196,41,Grand St & Elizabeth St,40.7185,-73.9972,22489,Customer,1954,1
1560,2014-01-31 12:57:51,2014-01-31 13:23:51,47,E 20 St & Park Ave,40.73818,-73.98433,41,Grand St & Elizabeth St,40.7185,-73.9972,21251,Customer,1983,0
480,2014-01-31 11:29:56,2014-01-31 11:37:56,9,W 52 St & 9 Ave,40.7644,-73.9878,33,Greenwich Ave & 8 Ave,40.73902,-74.00264,22126,Subscriber,1985,0
1800,2014-01-31 18:29:28,2014-01-31 18:59:28,47,E 20 St & Park Ave,40.73818,-73.98433,52,E 33 St & 1 Ave,40.74402,-73.97196,20897,Subscriber,1970,1
1860,2014-01-31 13:29:53,2014-01-31 14:00:53,47,E 20 St & Park Ave,40.73818,-73.98433,33,Greenwich Ave & 8 Ave,40.73902,-74.00264,20760,Subscriber,1993,2
840,2014-01-31 17:31:59,2014-01-31 17:45:59,8,Hudson St & Reade St,40.71534,-74.00915,33,Greenwich Ave & 8 Ave,40.73902,-74.00264,22396,Subscriber,1973,1
2040,2014-01-31 18:54:28,2014-01-31 19:28:28,60,Columbus Ave & W 72 St,40.77813,-73.97371,41,Grand St & Elizabeth St,40.7185,-73.9972,20621,Subscriber,1968,2
900,2014-01-31 08:44:29,2014-01-31 08:59:29,52,E 33 St & 1 Ave,40.74402,-73.97196,47,E 20 St & Park Ave,40.73818,-73.98433,22771,Customer,2004,2
960,2014-01-31 17:51:26,2014-01-31 18:07:26,28,Stanton St & Chrystie St,40.72229,-73.99147,60,Columbus Ave & W 72 St,40.77813,-73.97371,20824,Subscriber,1950,0
1860,2014-01-31 14:23:14,2014-01-31 14:54:14,52,E 33 St & 1 Ave,40.74402,-73.97196,47,E 20 St & Park Ave,40.73818,-73.98433,20305,Customer,1958,1
1740,2014-01-31 13:03:16,2014-01-31 13:32:16,47,E 20 St & Park Ave,40.73818,-73.98433,60,Columbus Ave & W 72 St,40.77813,-73.97371,22980,Customer,1951,2
960,2014-01-31 18:04:11,2014-01-31 18:20:11,9,W 52 St & 9 Ave,40.7644,-73.9878,52,E 33 St & 1 Ave,40.74402,-73.97196,21293,Subscriber,1974,0
1620,2014-01-31 07:59:13,2014-01-31 08:26:13,33,Greenwich Ave & 8 Ave,40.73902,-74.00264,44,St James Pl & Pearl St,40.71117,-74.00016,22578,Subscriber,1984,2
1200,2014-01-31 18:49:20,2014-01-31 19:09:20,52,E 33 St & 1 Ave,40.74402,-73.97196,33,Greenwich Ave & 8 Ave,40.73902,-74.00264,21329,Subscriber,1998,2
600,2014-01-31 18:06:17,2014-01-31 18:16:17,60,Columbus Ave & W 72 St,40.77813,-73.97371,52,E 33 St & 1 Ave,40.74402,-73.97196,21917,Customer,1951,1
600,2014-01-31 18:20:59,2014-01-31 18:30:59,60,Columbus Ave & W 72 St,40.77813,-73.97371,33,Greenwich Ave & 8 Ave,40.73902,-74.00264,20057,Subscriber,1989,1
1860,2014-01-31 07:06:05,2014-01-31 07:37:05,60,Columbus Ave & W 72 St,40.77813,-73.97371,41,Grand St & Elizabeth St,40.7185,-73.9972,21834,Customer,1972,0
1380,2014-01-31 10:23:44,2014-01-31 10:46:44,52,E 33 St & 1 Ave,40.74402,-73.97196,33,Greenwich Ave & 8 Ave,40.73902,-74.00264,22593,Customer,1990,2
1260,2014-01-31 08:55:30,2014-01-31 09:16:30,41,Grand St & Elizabeth St,40.7185,-73.9972,28,Stanton St & Chrystie St,40.72229,-73.99147,21007,Customer,1982,0
2100,2014-01-31 13:30:35,2014-01-31 14:05:35,28,Stanton St & Chrystie St,40.72229,-73.99147,41,Grand St & Elizabeth St,40.7185,-73.9972,22812,Customer,1979,0
1320,2014-01-31 11:29:17,2014-01-31 11:51:17,28,Stanton St & Chrystie St,40.72229,-73.99147,52,E 33 St & 1 Ave,40.74402,-73.97196,22498,Customer,1965,1
900,2014-01-31 16:10:14,2014-01-31 16:25:14,9,W 52 St & 9 Ave,40.7644,-73.9878,41,Grand St & Elizabeth St,40.7185,-73.9972,22455,Customer,1967,2
420,2014-01-31 08:45:37,2014-01-31 08:52:37,41,Grand St & Elizabeth St,40.7185,-73.9972,47,E 20 St & Park Ave,40.73818,-73.98433,21943,Subscriber,1957,2
960,2014-01-31 13:03:15,2014-01-31 13:19:15,44,St James Pl & Pearl St,40.71117,-74.00016,47,E 20 St & Park Ave,40.73818,-73.98433,22080,Customer,1950,0
1020,2014-01-31 07:40:47,2014-01-31 07:57:47,44,St James Pl & Pearl St,40.71117,-74.00016,52,E 33 St & 1 Ave,40.74402,-73.97196,20130,Customer,1996,1
1560,2014-01-31 11:36:50,2014-01-31 12:02:50,8,Hudson St & Reade St,40.71534,-74.00915,60,Columbus Ave & W 72 St,40.77813,-73.97371,21910,Subscriber,1975,2
1440,2014-01-31 17:37:11,2014-01-31 18:01:11,9,W 52 St & 9 Ave,40.7644,-73.9878,41,Grand St & Elizabeth St,40.7185,-73.9972,22852,Subscriber,1998,1
1560,2014-01-31 18:56:25,2014-01-31 19:22:25,28,Stanton St & Chrystie St,40.72229,-73.99147,60,Columbus Ave & W 72 St,40.77813,-73.97371,22265,Subscriber,2001,1
1440,2014-01-31 12:00:37,2014-01-31 12:24:37,60,Columbus Ave & W 72 St,40.77813,-73.97371,52,E 33 St & 1 Ave,40.74402,-73.97196,21755,Customer,1996,1
1440,2014-01-31 10:36:12,2014-01-31 11:00:12,44,St James Pl & Pearl St,40.71117,-74.00016,28,Stanton St & Chrystie St,40.72229,-73.99147,22545,Customer,2003,1
1980,2014-01-31 10:07:53,2014-01-31 10:40:53,7,Washington Square E,40.73049,-73.99572,41,Grand St & Elizabeth St,40.7185,-73.9972,22305,Subscriber,1954,2
540,2014-01-31 15:07:06,2014-01-31 15:16:06,8,Hudson St & Reade St,40.71534,-74.00915,33,Greenwich Ave & 8 Ave,40.73902,-74.00264,20126,Customer,1973,0
1980,2014-01-31 14:27:18,2014-01-31 15:00:18,28,Stanton St & Chrystie St,40.72229,-73.99147,60,Columbus Ave & W 72 St,40.77813,-73.97371,21073,Subscriber,1954,1
840,2014-01-31 18:27:02,2014-01-31 18:41:02,60,Columbus Ave & W 72 St,40.77813,-73.97371,47,E 20 St & Park Ave,40.73818,-73.98433,20873,Customer,1950,1
780,2014-01-31 18:45:36,2014-01-31 18:58:36,33,Greenwich Ave & 8 Ave,40.73902,-74.00264,41,Grand St & Elizabeth St,40.7185,-73.9972,21545,Customer,1972,0
1440,2014-01-31 18:31:12,2014-01-31 18:55:12,28,Stanton St & Chrystie St,40.72229,-73.99147,41,Grand St & Elizabeth St,40.7185,-73.9972,21989,Subscriber,2004,0
1140,2014-01-31 09:38:58,2014-01-31 09:57:58,9,W 52 St & 9 Ave,40.7644,-73.9878,47,E 20 St & Park Ave,40.73818,-73.98433,22424,Subscriber,1990,0
1440,2014-01-31 14:03:04,2014-01-31 14:27:04,9,W 52 St & 9 Ave,40.7644,-73.9878,52,E 33 St & 1 Ave,40.74402,-73.97196,21865,Subscriber,1969,2
1860,2014-01-31 17:33:42,2014-01-31 18:04:42,8,Hudson St & Reade St,40.71534,-74.00915,41,Grand St & Elizabeth St,40.7185,-73.9972,22180,Subscriber,1951,0
1680,2014-01-31 15:16:11,2014-01-31 15:44:11,41,Grand St & Elizabeth St,40.7185,-73.9972,28,Stanton St & Chrystie St,40.72229,-73.99147,22694,Customer,1987,2
720,2014-01-31 12:29:46,2014-01-31 12:41:46,52,E 33 St & 1 Ave,40.74402,-73.97196,28,Stanton St & Chrystie St,40.72229,-73.99147,20855,Customer,1967,0
1260,2014-01-31 17:16:03,2014-01-31 17:37:03,9,W 52 St & 9 Ave,40.7644,-73.9878,33,Greenwich Ave & 8 Ave,40.73902,-74.00264,22384,Customer,2001,1
720,2014-01-31 09:28:38,2014-01-31 09:40:38,41,Grand St & Elizabeth St,40.7185,-73.9972,52,E 33 St & 1 Ave,40.74402,-73.97196,22088,Subscriber,1992,1
720,2014-01-31 07:19:53,2014-01-31 07:31:53,52,E 33 St & 1 Ave,40.74402,-73.97196,47,E 20 St & Park Ave,40.73818,-73.98433,20598,Subscriber,1971,0
1980,2014-01-31 07:24:26,2014-01-31 07:57:26,8,Hudson St & Reade St,40.71534,-74.00915,28,Stanton St & Chrystie St,40.72229,-73.99147,20634,Customer,1996,0
960,2014-01-31 16:17:01,2014-01-31 16:33:01,8,Hudson St & Reade St,40.71534,-74.00915,60,Columbus Ave & W 72 St,40.77813,-73.97371,21471,Subscriber,1953,0
600,2014-01-31 07:27:29,2014-01-31 07:37:29,44,St James Pl & Pearl St,40.71117,-74.00016,52,E 33 St & 1 Ave,40.74402,-73.97196,21498,Subscriber,1981,1
1680,2014-01-31 13:45:19,2014-01-31 14:13:19,44,St James Pl & Pearl St,40.71117,-74.00016,28,Stanton St & Chrystie St,40.72229,-73.99147,21588,Customer,1967,1
1500,2014-01-31 15:51:36,2014-01-31 16:16:36,44,St James Pl & Pearl St,40.71117,-74.00016,47,E 20 St & Park Ave,40.73818,-73.98433,22826,Customer,2005,2
540,2014-01-31 13:45:50,2014-01-31 13:54:50,7,Washington Square E,40.73049,-73.99572,44,St James Pl & Pearl St,40.71117,-74.00016,21792,Subscriber,1999,0
1140,2014-01-31 13:48:04,2014-01-31 14:07:04,60,Columbus Ave & W 72 St,40.77813,-73.97371,28,Stanton St & Chrystie St,40.72229,-73.99147,22356,Customer,2001,2
1320,2014-01-31 15:57:19,2014-01-31 16:19:19,8,Hudson St & Reade St,40.71534,-74.00915,41,Grand St & Elizabeth St,40.7185,-73.9972,20162,Customer,2001,2
540,2014-01-31 08:25:18,2014-01-31 08:34:18,47,E 20 St & Park Ave,40.73818,-73.98433,41,Grand St & Elizabeth St,40.7185,-73.9972,21331,Customer,1976,1
1260,2014-01-31 16:52:52,2014-01-31 17:13:52,8,Hudson St & Reade St,40.71534,-74.00915,41,Grand St & Elizabeth St,40.7185,-73.9972,20163,Subscriber,1982,0
420,2014-01-31 09:37:02,2014-01-31 09:44:02,52,E 33 St & 1 Ave,40.74402,-73.97196,33,Greenwich Ave & 8 Ave,40.73902,-74.00264,21428,Customer,1970,1
1740,2014-01-31 12:17:34,2014-01-31 12:46:34,41,Grand St & Elizabeth St,40.7185,-73.9972,52,E 33 St & 1 Ave,40.74402,-73.97196,20207,Customer,1961,1
360,2014-01-31 18:56:07,2014-01-31 19:02:07,44,St James Pl & Pearl St,40.71117,-74.00016,33,Greenwich Ave & 8 Ave,40.73902,-74.00264,20213,Customer,1975,0
780,2014-01-31 14:09:14,2014-01-31 14:22:14,8,Hudson St & Reade St,40.71534,-74.00915,44,St James Pl & Pearl St,40.71117,-74.00016,20641,Customer,1960,0
1440,2014-01-31 08:49:50,2014-01-31 09:13:50,7,Washington Square E,40.73049,-73.99572,41,Grand St & Elizabeth St,40.7185,-73.9972,20311,Customer,1985,0
720,2014-01-31 12:15:26,2014-01-31 12:27:26,9,W 52 St & 9 Ave,40.7644,-73.9878,47,E 20 St & Park Ave,40.73818,-73.98433,21959,Subscriber,2001,0
480,2014-01-31 09:46:00,2014-01-31 09:54:00,60,Columbus Ave & W 72 St,40.77813,-73.97371,41,Grand St & Elizabeth St,40.7185,-73.9972,22964,Subscriber,1970,0
420,2014-01-31 17:09:18,2014-01-31 17:16:18,7,Washington Square E,40.73049,-73.99572,28,Stanton St & Chrystie St,40.72229,-73.99147,20980,Customer,1997,0
480,2014-01-31 13:58:07,2014-01-31 14:06:07,28,Stanton St & Chrystie St,40.72229,-73.99147,60,Columbus Ave & W 72 St,40.77813,-73.97371,21672,Customer,1953,0
720,2014-01-31 17:26:13,2014-01-31 17:38:13,47,E 20 St & Park Ave,40.73818,-73.98433,52,E 33 St & 1 Ave,40.74402,-73.97196,21280,Subscriber,1998,0
1140,2014-01-31 11:28:50,2014-01-31 11:47:50,28,Stanton St & Chrystie St,40.72229,-73.99147,47,E 20 St & Park Ave,40.73818,-73.98433,22450,Customer,1964,1
480,2014-01-31 07:20:26,2014-01-31 07:28:26,52,E 33 St & 1 Ave,40.74402,-73.97196,47,E 20 St & Park Ave,40.73818,-73.98433,22050,Subscriber,1972,2
600,2014-01-31 12:42:23,2014-01-31 12:52:23,60,Columbus Ave & W 72 St,40.77813,-73.97371,47,E 20 St & Park Ave,40.73818,-73.98433,21923,Subscriber,1955,0
660,2014-01-31 18:33:45,2014-01-31 18:44:45,47,E 20 St & Park Ave,40.73818,-73.98433,33,Greenwich Ave & 8 Ave,40.73902,-74.00264,22145,Subscriber,1970,0
1200,2014-01-31 09:22:30,2014-01-31 09:42:30,44,St James Pl & Pearl St,40.71117,-74.00016,28,Stanton St & Chrystie St,40.72229,-73.99147,21824,Customer,1954,0
360,2014-01-31 10:05:14,2014-01-31 10:11:14,47,E 20 St & Park Ave,40.73818,-73.98433,41,Grand St & Elizabeth St,40.7185,-73.9972,21597,Customer,1967,1
1500,2014-01-31 14:39:06,2014-01-31 15:04:06,33,Greenwich Ave & 8 Ave,40.73902,-74.00264,52,E 33 St & 1 Ave,40.74402,-73.97196,21589,Subscriber,1998,0
2040,2014-01-31 15:34:24,2014-01-31 16:08:24,44,St James Pl & Pearl St,40.71117,-74.00016,60,Columbus Ave & W 72 St,40.77813,-73.97371,22406,Customer,1964,1
1320,2014-01-31 13:28:28,2014-01-31 13:50:28,52,E 33 St & 1 Ave,40.74402,-73.97196,44,St James Pl & Pearl St,40.71117,-74.00016,22860,Customer,1975,1
2100,2014-01-31 09:41:57,2014-01-31 10:16:57,8,Hudson St & Reade St,40.71534,-74.00915,44,St James Pl & Pearl St,40.71117,-74.00016,22304,Customer,1992,2
1980,2014-01-31 11:55:13,2014-01-31 12:28:13,52,E 33 St & 1 Ave,40.74402,-73.97196,60,Columbus Ave & W 72 St,40.77813,-73.97371,21370,Subscriber,2004,1
1560,2014-01-31 14:08:59,2014-01-31 14:34:59,44,St James Pl & Pearl St,40.71117,-74.00016,47,E 20 St & Park Ave,40.73818,-73.98433,22501,Subscriber,1972,2
1980,2014-01-31 18:45:51,2014-01-31 19:18:51,44,St James Pl & Pearl St,40.71117,-74.00016,52,E 33 St & 1 Ave,40.74402,-73.97196,22949,Subscriber,1997,2
1980,2014-01-31 12:04:12,2014-01-31 12:37:12,8,Hudson St & Reade St,40.71534,-74.00915,60,Columbus Ave & W 72 St,40.77813,-73.97371,20123,Customer,1973,1
1560,2014-01-31 11:38:49,2014-01-31 12:04:49,52,E 33 St & 1 Ave,40.74402,-73.97196,28,Stanton St & Chrystie St,40.72229,-73.99147,20614,Subscriber,1976,2
480,2014-01-31 09:12:07,2014-01-31 09:20:07,33,Greenwich Ave & 8 Ave,40.73902,-74.00264,47,E 20 St & Park Ave,40.73818,-73.98433,21944,Customer,2002,0
480,2014-01-31 09:32:15,2014-01-31 09:40:15,8,Hudson St & Reade St,40.71534,-74.00915,47,E 20 St & Park Ave,40.73818,-73.98433,22916,Customer,1985,1
1560,2014-01-31 09:41:16,2014-01-31 10:07:16,33,Greenwich Ave & 8 Ave,40.73902,-74.00264,41,Grand St & Elizabeth St,40.7185,-73.9972,21860,Customer,1950,2
900,2014-01-31 15:58:04,2014-01-31 16:13:04,60,Columbus Ave & W 72 St,40.77813,-73.97371,33,Greenwich Ave & 8 Ave,40.73902,-74.00264,22118,Customer,1972,0
1560,2014-01-31 17:13:58,2014-01-31 17:39:58,44,St James Pl & Pearl St,40.71117,-74.00016,47,E 20 St & Park Ave,40.73818,-73.98433,21604,Subscriber,1960,0
1440,2014-01-31 17:19:51,2014-01-31 17:43:51,44,St James Pl & Pearl St,40.71117,-74.00016,41,Grand St & Elizabeth St,40.7185,-73.9972,20536,Subscriber,1970,0
1980,2014-01-31 13:28:19,2014-01-31 14:01:19,28,Stanton St & Chrystie St,40.72229,-73.99147,60,Columbus Ave & W 72 St,40.77813,-73.97371,20580,Customer,1980,2
960,2014-01-31 08:55:29,2014-01-31 09:11:29,41,Grand St & Elizabeth St,40.7185,-73.9972,33,Greenwich Ave & 8 Ave,40.73902,-74.00264,22531,Subscriber,1952,1
1440,2014-01-31 10:49:43,2014-01-31 11:13:43,9,W 52 St & 9 Ave,40.7644,-73.9878,47,E 20 St & Park Ave,40.73818,-73.98433,20613,Customer,1952,2
1080,2014-01-31 12:41:33,2014-01-31 12:59:33,44,St James Pl & Pearl St,40.71117,-74.00016,52,E 33 St & 1 Ave,40.74402,-73.97196,20435,Customer,1984,0
1860,2014-01-31 15:44:58,2014-01-31 16:15:58,28,Stanton St & Chrystie St,40.72229,-73.99147,47,E 20 St & Park Ave,40.73818,-73.98433,21206,Subscriber,1984,1
480,2014-01-31 17:46:15,2014-01-31 17:54:15,28,Stanton St & Chrystie St,40.72229,-73.99147,33,Greenwich Ave & 8 Ave,40.73902,-74.00264,21376,Customer,1985,0
840,2014-01-31 13:44:00,2014-01-31 13:58:00,60,Columbus Ave & W 72 St,40.77813,-73.97371,28,Stanton St & Chrystie St,40.72229,-73.99147,22512,Customer,1985,2
300,2014-01-31 23:55:00,2014-02-01 00:00:00,44,St James Pl & Pearl St,40.71117,-74.00016,8,Hudson St & Reade St,40.71534,-74.00915,20003,Subscriber,1987,1
480,2014-01-31 14:47:11,2014-01-31 14:55:11,47,E 20 St & Park Ave,40.73818,-73.98433,44,St James Pl & Pearl St,40.71117,-74.00016,20809,Subscriber,1965,1
1440,2014-01-31 09:27:06,2014-01-31 09:51:06,60,Columbus Ave & W 72 St,40.77813,-73.97371,41,Grand St & Elizabeth St,40.7185,-73.9972,22016,Customer,1988,1
1620,2014-01-31 08:51:18,2014-01-31 09:18:18,8,Hudson St & Reade St,40.71534,-74.00915,52,E 33 St & 1 Ave,40.74402,-73.97196,22435,Subscriber,1994,1
2040,2014-01-31 18:10:23,2014-01-31 18:44:23,9,W 52 St & 9 Ave,40.7644,-73.9878,60,Columbus Ave & W 72 St,40.77813,-73.97371,20825,Subscriber,1971,2
660,2014-01-31 11:10:24,2014-01-31 11:21:24,33,Greenwich Ave & 8 Ave,40.73902,-74.00264,28,Stanton St & Chrystie St,40.72229,-73.99147,22186,Subscriber,1957,2
600,2014-01-31 15:21:18,2014-01-31 15:31:18,7,Washington Square E,40.73049,-73.99572,41,Grand St & Elizabeth St,40.7185,-73.9972,20594,Customer,1997,2
1020,2014-01-31 11:11:25,2014-01-31 11:28:25,44,St James Pl & Pearl St,40.71117,-74.00016,60,Columbus Ave & W 72 St,40.77813,-73.97371,22426,Customer,1991,2
1620,2014-01-31 08:02:56,2014-01-31 08:29:56,9,W 52 St & 9 Ave,40.7644,-73.9878,28,Stanton St & Chrystie St,40.72229,-73.99147,21139,Subscriber,1977,1
1440,2014-01-31 09:03:34,2014-01-31 09:27:34,8,Hudson St & Reade St,40.71534,-74.00915,28,Stanton St & Chrystie St,40.72229,-73.99147,21932,Customer,1969,0
840,2014-01-31 15:51:48,2014-01-31 16:05:48,28,Stanton St & Chrystie St,40.72229,-73.99147,47,E 20 St & Park Ave,40.73818,-73.98433,20138,Subscriber,1966,1
1020,2014-01-31 16:04:42,2014-01-31 16:21:42,33,Greenwich Ave & 8 Ave,40.73902,-74.00264,60,Columbus Ave & W 72 St,40.77813,-73.97371,22563,Customer,1976,1
660,2014-01-31 10:12:41,2014-01-31 10:23:41,33,Greenwich Ave & 8 Ave,40.73902,-74.00264,44,St James Pl & Pearl St,40.71117,-74.00016,21393,Customer,1973,0
780,2014-01-31 17:36:03,2014-01-31 17:49:03,8,Hudson St & Reade St,40.71534,-74.00915,33,Greenwich Ave & 8 Ave,40.73902,-74.00264,21928,Customer,1964,1
1440,2014-01-31 09:13:42,2014-01-31 09:37:42,9,W 52 St & 9 Ave,40.7644,-73.9878,33,Greenwich Ave & 8 Ave,40.73902,-74.00264,21524,Subscriber,1950,2
900,2014-01-31 10:09:11,2014-01-31 10:24:11,41,Grand St & Elizabeth St,40.7185,-73.9972,44,St James Pl & Pearl St,40.71117,-74.00016,20541,Customer,1981,1
1440,2014-01-31 09:40:16,2014-01-31 10:04:16,28,Stanton St & Chrystie St,40.72229,-73.99147,41,Grand St & Elizabeth St,40.7185,-73.9972,21500,Subscriber,1956,1
960,2014-01-31 09:30:31,2014-01-31 09:46:31,28,Stanton St & Chrystie St,40.72229,-73.99147,47,E 20 St & Park Ave,40.73818,-73.98433,21020,Subscriber,1978,0
2100,2014-01-31 18:51:36,2014-01-31 19:26:36,47,E 20 St & Park Ave,40.73818,-73.98433,41,Grand St & Elizabeth St,40.7185,-73.9972,20705,Customer,1956,1
600,2014-01-31 15:17:29,2014-01-31 15:27:29,47,E 20 St & Park Ave,40.73818,-73.98433,44,St James Pl & Pearl St,40.71117,-74.00016,22874,Customer,1996,1
1560,2014-01-31 10:08:09,2014-01-31 10:34:09,28,Stanton St & Chrystie St,40.72229,-73.99147,60,Columbus Ave & W 72 St,40.77813,-73.97371,21309,Customer,1985,2
600,2014-01-31 10:35:09,2014-01-31 10:45:09,9,W 52 St & 9 Ave,40.7644,-73.9878,52,E 33 St & 1 Ave,40.74402,-73.97196,22629,Customer,2004,0
1320,2014-01-31 17:34:07,2014-01-31 17:56:07,7,Washington Square E,40.73049,-73.99572,44,St James Pl & Pearl St,40.71117,-74.00016,21124,Customer,2005,1
900,2014-01-31 11:48:15,2014-01-31 12:03:15,47,E 20 St & Park Ave,40.73818,-73.98433,44,St James Pl & Pearl St,40.71117,-74.00016,22798,Customer,1954,1
1200,2014-01-31 11:20:42,2014-01-31 11:40:42,41,Grand St & Elizabeth St,40.7185,-73.9972,44,St James Pl & Pearl St,40.71117,-74.00016,20374,Customer,1968,2
1800,2014-01-31 08:11:23,2014-01-31 08:41:23,33,Greenwich Ave & 8 Ave,40.73902,-74.00264,28,Stanton St & Chrystie St,40.72229,-73.99147,22843,Subscriber,1968,0
1380,2014-01-31 12:40:57,2014-01-31 13:03:57,7,Washington Square E,40.73049,-73.99572,33,Greenwich Ave & 8 Ave,40.73902,-74.00264,22571,Customer,1950,0
1920,2014-01-31 15:21:24,2014-01-31 15:53:24,52,E 33 St & 1 Ave,40.74402,-73.97196,60,Columbus Ave & W 72 St,40.77813,-73.97371,20918,Subscriber,1977,1
1020,2014-01-31 12:37:32,2014-01-31 12:54:32,60,Columbus Ave & W 72 St,40.77813,-73.97371,33,Greenwich Ave & 8 Ave,40.73902,-74.00264,22715,Subscriber,1982,0
1320,2014-01-31 15:30:15,2014-01-31 15:52:15,28,Stanton St & Chrystie St,40.72229,-73.99147,44,St James Pl & Pearl St,40.71117,-74.00016,22766,Customer,1959,1
840,2014-01-31 11:59:03,2014-01-31 12:13:03,7,Washington Square E,40.73049,-73.99572,44,St James Pl & Pearl St,40.71117,-74.00016,20782,Customer,1981,2
1080,2014-01-31 14:42:16,2014-01-31 15:00:16,33,Greenwich Ave & 8 Ave,40.73902,-74.00264,60,Columbus Ave & W 72 St,40.77813,-73.97371,20221,Subscriber,1977,1
480,2014-01-31 08:23:44,2014-01-31 08:31:44,28,Stanton St & Chrystie St,40.72229,-73.99147,52,E 33 St & 1 Ave,40.74402,-73.97196,21307,Customer,1954,2
1440,2014-01-31 18:00:56,2014-01-31 18:24:56,47,E 20 St & Park Ave,40.73818,-73.98433,60,Columbus Ave & W 72 St,40.77813,-73.97371,21473,Subscriber,1986,2
900,2014-01-31 10:01:29,2014-01-31 10:16:29,52,E 33 St & 1 Ave,40.74402,-73.97196,47,E 20 St & Park Ave,40.73818,-73.98433,20265,Subscriber,2001,0
1260,2014-01-31 15:32:12,2014-01-31 15:53:12,28,Stanton St & Chrystie St,40.72229,-73.99147,60,Columbus Ave & W 72 St,40.77813,-73.97371,22574,Subscriber,1955,2
420,2014-01-31 17:26:09,2014-01-31 17:33:09,28,Stanton St & Chrystie St,40.72229,-73.99147,33,Greenwich Ave & 8 Ave,40.73902,-74.00264,21592,Subscriber,1971,1
1920,2014-01-31 15:01:01,2014-01-31 15:33:01,7,Washington Square E,40.73049,-73.99572,33,Greenwich Ave & 8 Ave,40.73902,-74.00264,20522,Subscriber,1976,2
1500,2014-01-31 18:16:02,2014-01-31 18:41:02,33,Greenwich Ave & 8 Ave,40.73902,-74.00264,28,Stanton St & Chrystie St,40.72229,-73.99147,21485,Subscriber,1958,0
1020,2014-01-31 13:08:29,2014-01-31 13:25:29,52,E 33 St & 1 Ave,40.74402,-73.97196,28,Stanton St & Chrystie St,40.72229,-73.99147,20556,Customer,1979,2
1860,2014-01-31 11:15:11,2014-01-31 11:46:11,7,Washington Square E,40.73049,-73.99572,52,E 33 St & 1 Ave,40.74402,-73.97196,20746,Subscriber,1983,0
1320,2014-01-31 11:17:51,2014-01-31 11:39:51,52,E 33 St & 1 Ave,40.74402,-73.97196,41,Grand St & Elizabeth St,40.7185,-73.9972,20902,Subscriber,1999,2
780,2014-01-31 08:19:06,2014-01-31 08:32:06,52,E 33 St & 1 Ave,40.74402,-73.97196,33,Greenwich Ave & 8 Ave,40.73902,-74.00264,21511,Subscriber,1997,2
1920,2014-01-31 10:39:52,2014-01-31 11:11:52,41,Grand St & Elizabeth St,40.7185,-73.9972,47,E 20 St & Park Ave,40.73818,-73.98433,22221,Customer,1967,2
1620,2014-01-31 12:06:14,2014-01-31 12:33:14,9,W 52 St & 9 Ave,40.7644,-73.9878,60,Columbus Ave & W 72 St,40.77813,-73.97371,22955,Subscriber,1971,2
960,2014-01-31 08:21:23,2014-01-31 08:37:23,33,Greenwich Ave & 8 Ave,40.73902,-74.00264,41,Grand St & Elizabeth St,40.7185,-73.9972,20275,Customer,1962,2
1800,2014-01-31 14:07:27,2014-01-31 14:37:27,44,St James Pl & Pearl St,40.71117,-74.00016,60,Columbus Ave & W 72 St,40.77813,-73.97371,20905,Subscriber,2003,2
900,2014-01-31 17:59:36,2014-01-31 18:14:36,9,W 52 St & 9 Ave,40.7644,-73.9878,41,Grand St & Elizabeth St,40.7185,-73.9972,22900,Customer,1994,0
1860,2014-01-31 09:43:48,2014-01-31 10:14:48,33,Greenwich Ave & 8 Ave,40.73902,-74.00264,60,Columbus Ave & W 72 St,40.77813,-73.97371,20036,Subscriber,2005,2
900,2014-01-31 18:10:10,2014-01-31 18:25:10,9,W 52 St & 9 Ave,40.7644,-73.9878,33,Greenwich Ave & 8 Ave,40.73902,-74.00264,21869,Subscriber,1952,2
1860,2014-01-31 07:19:30,2014-01-31 07:50:30,44,St James Pl & Pearl St,40.71117,-74.00016,60,Columbus Ave & W 72 St,40.77813,-73.97371,20622,Customer,1987,1
1440,2014-01-31 15:45:23,2014-01-31 16:09:23,44,St James Pl & Pearl St,40.71117,-74.00016,28,Stanton St & Chrystie St,40.72229,-73.99147,20474,Customer,1969,2
1380,2014-01-31 13:50:13,2014-01-31 14:13:13,60,Columbus Ave & W 72 St,40.77813,-73.97371,52,E 33 St & 1 Ave,40.74402,-73.97196,22392,Customer,1999,2
540,2014-01-31 08:01:51,2014-01-31 08:10:51,60,Columbus Ave & W 72 St,40.77813,-73.97371,28,Stanton St & Chrystie St,40.72229,-73.99147,21451,Customer,1994,0
1080,2014-01-31 09:28:19,2014-01-31 09:46:19,60,Columbus Ave & W 72 St,40.77813,-73.97371,33,Greenwich Ave & 8 Ave,40.73902,-74.00264,21272,Customer,1955,2
1500,2014-01-31 14:03:02,2014-01-31 14:28:02,60,Columbus Ave & W 72 St,40.77813,-73.97371,41,Grand St & Elizabeth St,40.7185,-73.9972,22693,Customer,2000,0
2100,2014-01-31 11:15:13,2014-01-31 11:50:13,9,W 52 St & 9 Ave,40.7644,-73.9878,44,St James Pl & Pearl St,40.71117,-74.00016,22726,Subscriber,1984,1
2100,2014-01-31 08:45:29,2014-01-31 09:20:29,9,W 52 St & 9 Ave,40.7644,-73.9878,44,St James Pl & Pearl St,40.71117,-74.00016,22543,Subscriber,2003,2
1320,2014-01-31 10:51:18,2014-01-31 11:13:18,28,Stanton St & Chrystie St,40.72229,-73.99147,60,Columbus Ave & W 72 St,40.77813,-73.97371,21945,Customer,1973,0
1740,2014-01-31 09:24:29,2014-01-31 09:53:29,9,W 52 St & 9 Ave,40.7644,-73.9878,28,Stanton St & Chrystie St,40.72229,-73.99147,20516,Subscriber,1974,0
480,2014-01-31 07:17:00,2014-01-31 07:25:00,9,W 52 St & 9 Ave,40.7644,-73.9878,47,E 20 St & Park Ave,40.73818,-73.98433,22458,Subscriber,1983,2
1620,2014-01-31 15:19:52,2014-01-31 15:46:52,41,Grand St & Elizabeth St,40.7185,-73.9972,52,E 33 St & 1 Ave,40.74402,-73.97196,21686,Customer,2005,1
840,2014-01-31 08:18:38,2014-01-31 08:32:38,33,Greenwich Ave & 8 Ave,40.73902,-74.00264,60,Columbus Ave & W 72 St,40.77813,-73.97371,22303,Customer,2005,2
420,2014-01-31 13:58:43,2014-01-31 14:05:43,28,Stanton St & Chrystie St,40.72229,-73.99147,41,Grand St & Elizabeth St,40.7185,-73.9972,22020,Subscriber,1968,1
1320,2014-01-31 13:12:15,2014-01-31 13:34:15,52,E 33 St & 1 Ave,40.74402,-73.97196,33,Greenwich Ave & 8 Ave,40.73902,-74.00264,22524,Subscriber,1978,0
900,2014-01-31 11:23:07,2014-01-31 11:38:07,33,Greenwich Ave & 8 Ave,40.73902,-74.00264,28,Stanton St & Chrystie St,40.72229,-73.99147,21790,Subscriber,1962,0
480,2014-01-31 18:35:24,2014-01-31 18:43:24,52,E 33 St & 1 Ave,40.74402,-73.97196,60,Columbus Ave & W 72 St,40.77813,-73.97371,22385,Subscriber,1967,1
2100,2014-01-31 16:25:12,2014-01-31 17:00:12,44,St James Pl & Pearl St,40.71117,-74.00016,28,Stanton St & Chrystie St,40.72229,-73.99147,21087,Customer,1952,2
2100,2014-01-31 11:43:59,2014-01-31 12:18:59,7,Washington Square E,40.73049,-73.99572,52,E 33 St & 1 Ave,40.74402,-73.97196,22918,Customer,1960,2
600,2014-01-31 10:33:25,2014-01-31 10:43:25,9,W 52 St & 9 Ave,40.7644,-73.9878,47,E 20 St & Park Ave,40.73818,-73.98433,22185,Subscriber,1969,0
1980,2014-01-31 15:34:27,2014-01-31 16:07:27,28,Stanton St & Chrystie St,40.72229,-73.99147,52,E 33 St & 1 Ave,40.74402,-73.97196,22490,Subscriber,1966,1
1320,2014-01-31 18:56:53,2014-01-31 19:18:53,41,Grand St & Elizabeth St,40.7185,-73.9972,44,St James Pl & Pearl St,40.71117,-74.00016,22841,Customer,1956,1
540,2014-01-31 11:37:54,2014-01-31 11:46:54,28,Stanton St & Chrystie St,40.72229,-73.99147,60,Columbus Ave & W 72 St,40.77813,-73.97371,22690,Customer,1950,1
660,2014-01-31 17:46:12,2014-01-31 17:57:12,41,Grand St & Elizabeth St,40.7185,-73.9972,52,E 33 St & 1 Ave,40.74402,-73.97196,22756,Subscriber,1978,0
1020,2014-01-31 11:24:10,2014-01-31 11:41:10,44,St James Pl & Pearl St,40.71117,-74.00016,60,Columbus Ave & W 72 St,40.77813,-73.97371,22018,Customer,1978,0
1140,2014-01-31 14:04:45,2014-01-31 14:23:45,28,Stanton St & Chrystie St,40.72229,-73.99147,33,Greenwich Ave & 8 Ave,40.73902,-74.00264,21313,Customer,2003,1
1320,2014-01-31 17:35:40,2014-01-31 17:57:40,33,Greenwich Ave & 8 Ave,40.73902,-74.00264,44,St James Pl & Pearl St,40.71117,-74.00016,20596,Subscriber,2002,2
1380,2014-01-31 17:07:08,2014-01-31 17:30:08,60,Columbus Ave & W 72 St,40.77813,-73.97371,47,E 20 St & Park Ave,40.73818,-73.98433,20752,Customer,1997,2
780,2014-01-31 07:30:01,2014-01-31 07:43:01,9,W 52 St & 9 Ave,40.7644,-73.9878,33,Greenwich Ave & 8 Ave,40.73902,-74.00264,20082,Customer,1986,0
2040,2014-01-31 14:02:20,2014-01-31 14:36:20,7,Washington Square E,40.73049,-73.99572,52,E 33 St & 1 Ave,40.74402,-73.97196,22105,Customer,1952,2
1080,2014-01-31 08:13:32,2014-01-31 08:31:32,9,W 52 St & 9 Ave,40.7644,-73.9878,41,Grand St & Elizabeth St,40.7185,-73.9972,22363,Customer,1970,0
2100,2014-01-31 10:34:30,2014-01-31 11:09:30,28,Stanton St & Chrystie St,40.72229,-73.99147,41,Grand St & Elizabeth St,40.7185,-73.9972,21261,Subscriber,1988,0
1560,2014-01-31 10:23:55,2014-01-31 10:49:55,7,Washington Square E,40.73049,-73.99572,41,Grand St & Elizabeth St,40.7185,-73.9972,20109,Subscriber,1982,0
720,2014-01-31 18:42:07,2014-01-31 18:54:07,8,Hudson St & Reade St,40.71534,-74.00915,47,E 20 St & Park Ave,40.73818,-73.98433,20921,Subscriber,1966,0
1020,2014-01-31 18:00:20,2014-01-31 18:17:20,44,St James Pl & Pearl St,40.71117,-74.00016,41,Grand St & Elizabeth St,40.7185,-73.9972,20717,Customer,1993,1
1020,2014-01-31 17:48:51,2014-01-31 18:05:51,52,E 33 St & 1 Ave,40.74402,-73.97196,33,Greenwich Ave & 8 Ave,40.73902,-74.00264,21868,Customer,1995,1
1680,2014-01-31 13:19:53,2014-01-31 13:47:53,52,E 33 St & 1 Ave,40.74402,-73.97196,60,Columbus Ave & W 72 St,40.77813,-73.97371,21888,Customer,1969,1
2040,2014-01-31 17:11:16,2014-01-31 17:45:16,9,W 52 St & 9 Ave,40.7644,-73.9878,28,Stanton St & Chrystie St,40.72229,-73.99147,22648,Subscriber,1962,2
600,2014-01-31 08:30:01,2014-01-31 08:40:01,47,E 20 St & Park Ave,40.73818,-73.98433,33,Greenwich Ave & 8 Ave,40.73902,-74.00264,21091,Subscriber,1983,1
480,2014-01-31 07:59:46,2014-01-31 08:07:46,41,Grand St & Elizabeth St,40.7185,-73.9972,47,E 20 St & Park Ave,40.73818,-73.98433,20826,Subscriber,1982,2
480,2014-01-31 23:55:00,2014-02-01 00:03:00,44,St James Pl & Pearl St,40.71117,-74.00016,9,W 52 St & 9 Ave,40.7644,-73.9878,20006,Customer,1956,2
660,2014-01-31 16:17:59,2014-01-31 16:28:59,44,St James Pl & Pearl St,40.71117,-74.00016,41,Grand St & Elizabeth St,40.7185,-73.9972,22875,Subscriber,1975,0
900,2014-01-31 13:11:47,2014-01-31 13:26:47,52,E 33 St & 1 Ave,40.74402,-73.97196,41,Grand St & Elizabeth St,40.7185,-73.9972,21336,Customer,1950,0
1560,2014-01-31 12:25:59,2014-01-31 12:51:59,7,Washington Square E,40.73049,-73.99572,60,Columbus Ave & W 72 St,40.77813,-73.97371,21035,Subscriber,1981,2
1620,2014-01-31 12:16:29,2014-01-31 12:43:29,52,E 33 St & 1 Ave,40.74402,-73.97196,60,Columbus Ave & W 72 St,40.77813,-73.97371,20687,Subscriber,1984,1
1800,2014-01-31 17:22:44,2014-01-31 17:52:44,33,Greenwich Ave & 8 Ave,40.73902,-74.00264,60,Columbus Ave & W 72 St,40.77813,-73.97371,21964,Customer,1972,0
1800,2014-01-31 12:05:54,2014-01-31 12:35:54,41,Grand St & Elizabeth St,40.7185,-73.9972,28,Stanton St & Chrystie St,40.72229,-73.99147,20951,Customer,1986,0
720,2014-01-31 14:37:23,2014-01-31 14:49:23,60,Columbus Ave & W 72 St,40.77813,-73.97371,41,Grand St & Elizabeth St,40.7185,-73.9972,20017,Subscriber,1983,2
1500,2014-01-31 15:31:21,2014-01-31 15:56:21,60,Columbus Ave & W 72 St,40.77813,-73.97371,47,E 20 St & Park Ave,40.73818,-73.98433,21482,Subscriber,1964,2
1740,2014-01-31 14:15:50,2014-01-31 14:44:50,44,St James Pl & Pearl St,40.71117,-74.00016,52,E 33 St & 1 Ave,40.74402,-73.97196,20317,Customer,2005,2
1140,2014-01-31 14:06:25,2014-01-31 14:25:25,60,Columbus Ave & W 72 St,40.77813,-73.97371,52,E 33 St & 1 Ave,40.74402,-73.97196,22921,Subscriber,1989,2
840,2014-01-31 09:16:11,2014-01-31 09:30:11,44,St James Pl & Pearl St,40.71117,-74.00016,47,E 20 St & Park Ave,40.73818,-73.98433,20120,Customer,1978,0
1200,2014-01-31 13:17:46,2014-01-31 13:37:46,33,Greenwich Ave & 8 Ave,40.73902,-74.00264,28,Stanton St & Chrystie St,40.72229,-73.99147,21072,Customer,1996,0
1920,2014-01-31 10:12:47,2014-01-31 10:44:47,28,Stanton St & Chrystie St,40.72229,-73.99147,33,Greenwich Ave & 8 Ave,40.73902,-74.00264,22485,Subscriber,1953,1
1800,2014-01-31 16:56:35,2014-01-31 17:26:35,7,Washington Square E,40.73049,-73.99572,28,Stanton St & Chrystie St,40.72229,-73.99147,20127,Subscriber,1958,1
1560,2014-01-31 15:59:39,2014-01-31 16:25:39,28,Stanton St & Chrystie St,40.72229,-73.99147,52,E 33 St & 1 Ave,40.74402,-73.97196,20846,Subscriber,1977,0
1140,2014-01-31 07:27:45,2014-01-31 07:46:45,33,Greenwich Ave & 8 Ave,40.73902,-74.00264,44,St James Pl & Pearl St,40.71117,-74.00016,20538,Customer,1966,2
360,2014-01-31 13:05:08,2014-01-31 13:11:08,44,St James Pl & Pearl St,40.71117,-74.00016,52,E 33 St & 1 Ave,40.74402,-73.97196,20928,Subscriber,1993,0
1020,2014-01-31 10:25:02,2014-01-31 10:42:02,28,Stanton St & Chrystie St,40.72229,-73.99147,47,E 20 St & Park Ave,40.73818,-73.98433,21921,Customer,1986,0
1740,2014-01-31 18:19:40,2014-01-31 18:48:40,41,Grand St & Elizabeth St,40.7185,-73.9972,33,Greenwich Ave & 8 Ave,40.73902,-74.00264,22097,Subscriber,1965,2
1320,2014-01-31 10:56:34,2014-01-31 11:18:34,9,W 52 St & 9 Ave,40.7644,-73.9878,41,Grand St & Elizabeth St,40.7185,-73.9972,22005,Customer,1968,2
1980,2014-01-31 17:23:43,2014-01-31 17:56:43,47,E 20 St & Park Ave,40.73818,-73.98433,60,Columbus Ave & W 72 St,40.77813,-73.97371,20176,Customer,1963,2
1140,2014-01-31 14:07:02,2014-01-31 14:26:02,33,Greenwich Ave & 8 Ave,40.73902,-74.00264,44,St James Pl & Pearl St,40.71117,-74.00016,21181,Customer,1953,0
1080,2014-01-31 15:27:33,2014-01-31 15:45:33,28,Stanton St & Chrystie St,40.72229,-73.99147,41,Grand St & Elizabeth St,40.7185,-73.9972,21134,Customer,1997,2
660,2014-01-31 15:24:13,2014-01-31 15:35:13,8,Hudson St & Reade St,40.71534,-74.00915,28,Stanton St & Chrystie St,40.72229,-73.99147,22658,Subscriber,1990,2
1080,2014-01-31 18:36:07,2014-01-31 18:54:07,41,Grand St & Elizabeth St,40.7185,-73.9972,47,E 20 St & Park Ave,40.73818,-73.98433,22637,Subscriber,1976,0
1800,2014-01-31 07:00:47,2014-01-31 07:30:47,52,E 33 St & 1 Ave,40.74402,-73.97196,60,Columbus Ave & W 72 St,40.77813,-73.97371,21918,Customer,1989,0
2100,2014-01-31 07:03:17,2014-01-31 07:38:17,60,Columbus Ave & W 72 St,40.77813,-73.97371,47,E 20 St & Park Ave,40.73818,-73.98433,20502,Customer,1956,1
720,2014-01-31 16:52:06,2014-01-31 17:04:06,7,Washington Square E,40.73049,-73.99572,47,E 20 St & Park Ave,40.73818,-73.98433,21267,Subscriber,1986,1
1140,2014-01-31 10:05:40,2014-01-31 10:24:40,33,Greenwich Ave & 8 Ave,40.73902,-74.00264,52,E 33 St & 1 Ave,40.74402,-73.97196,20469,Subscriber,1972,1
660,2014-01-31 18:12:57,2014-01-31 18:23:57,33,Greenwich Ave & 8 Ave,40.73902,-74.00264,52,E 33 St & 1 Ave,40.74402,-73.97196,22337,Customer,1976,0
1860,2014-01-31 10:01:56,2014-01-31 10:32:56,28,Stanton St & Chrystie St,40.72229,-73.99147,60,Columbus Ave & W 72 St,40.77813,-73.97371,20325,Customer,1993,0
2040,2014-01-31 09:26:41,2014-01-31 10:00:41,9,W 52 St & 9 Ave,40.7644,-73.9878,47,E 20 St & Park Ave,40.73818,-73.98433,20084,Subscriber,1968,2
720,2014-01-31 10:29:50,2014-01-31 10:41:50,8,Hudson St & Reade St,40.71534,-74.00915,52,E 33 St & 1 Ave,40.74402,-73.97196,21105,Subscriber,1966,2
900,2014-01-31 13:13:00,2014-01-31 13:28:00,44,St James Pl & Pearl St,40.71117,-74.00016,52,E 33 St & 1 Ave,40.74402,-73.97196,20952,Subscriber,2005,1
1380,2014-01-31 18:33:12,2014-01-31 18:56:12,9,W 52 St & 9 Ave,40.7644,-73.9878,60,Columbus Ave & W 72 St,40.77813,-73.97371,21161,Customer,1958,1
720,2014-01-31 14:54:07,2014-01-31 15:06:07,41,Grand St & Elizabeth St,40.7185,-73.9972,47,E 20 St & Park Ave,40.73818,-73.98433,21289,Customer,1994,1
480,2014-01-31 12:46:09,2014-01-31 12:54:09,60,Columbus Ave & W 72 St,40.77813,-73.97371,33,Greenwich Ave & 8 Ave,40.73902,-74.00264,20759,Subscriber,1980,2
2040,2014-01-31 17:31:39,2014-01-31 18:05:39,52,E 33 St & 1 Ave,40.74402,-73.97196,28,Stanton St & Chrystie St,40.72229,-73.99147,21508,Subscriber,1961,1
1860,2014-01-31 18:35:31,2014-01-31 19:06:31,28,Stanton St & Chrystie St,40.72229,-73.99147,41,Grand St & Elizabeth St,40.7185,-73.9972,21953,Subscriber,1999,0
360,2014-01-31 13:22:44,2014-01-31 13:28:44,52,E 33 St & 1 Ave,40.74402,-73.97196,47,E 20 St & Park Ave,40.73818,-73.98433,20400,Customer,1956,2
840,2014-01-31 18:02:22,2014-01-31 18:16:22,60,Columbus Ave & W 72 St,40.77813,-73.97371,52,E 33 St & 1 Ave,40.74402,-73.97196,20201,Customer,1964,1
420,2014-01-31 17:30:03,2014-01-31 17:37:03,41,Grand St & Elizabeth St,40.7185,-73.9972,33,Greenwich Ave & 8 Ave,40.73902,-74.00264,20344,Subscriber,1958,2
2100,2014-01-31 07:19:59,2014-01-31 07:54:59,41,Grand St & Elizabeth St,40.7185,-73.9972,47,E 20 St & Park Ave,40.73818,-73.98433,20118,Customer,1964,1
1560,2014-01-31 16:26:14,2014-01-31 16:52:14,33,Greenwich Ave & 8 Ave,40.73902,-74.00264,41,Grand St & Elizabeth St,40.7185,-73.9972,20535,Customer,1995,1
720,2014-01-31 09:48:30,2014-01-31 10:00:30,8,Hudson St & Reade St,40.71534,-74.00915,52,E 33 St & 1 Ave,40.74402,-73.97196,21236,Subscriber,1982,2
1620,2014-01-31 07:26:16,2014-01-31 07:53:16,28,Stanton St & Chrystie St,40.72229,-73.99147,60,Columbus Ave & W 72 St,40.77813,-73.97371,21078,Subscriber,1980,0
1500,2014-01-31 16:40:02,2014-01-31 17:05:02,47,E 20 St & Park Ave,40.73818,-73.98433,52,E 33 St & 1 Ave,40.74402,-73.97196,20427,Customer,1998,2
1980,2014-01-31 18:44:39,2014-01-31 19:17:39,33,Greenwich Ave & 8 Ave,40.73902,-74.00264,44,St James Pl & Pearl St,40.71117,-74.00016,22109,Subscriber,1999,0
1320,2014-01-31 15:23:15,2014-01-31 15:45:15,33,Greenwich Ave & 8 Ave,40.73902,-74.00264,52,E 33 St & 1 Ave,40.74402,-73.97196,21014,Customer,1994,1
720,2014-01-31 14:23:08,2014-01-31 14:35:08,52,E 33 St & 1 Ave,40.74402,-73.97196,44,St James Pl & Pearl St,40.71117,-74.00016,21505,Customer,1994,1
1920,2014-01-31 11:48:57,2014-01-31 12:20:57,7,Washington Square E,40.73049,-73.99572,33,Greenwich Ave & 8 Ave,40.73902,-74.00264,21898,Subscriber,1984,2
660,2014-01-31 10:55:22,2014-01-31 11:06:22,52,E 33 St & 1 Ave,40.74402,-73.97196,47,E 20 St & Park Ave,40.73818,-73.98433,21681,Customer,1983,2
1020,2014-01-31 11:22:28,2014-01-31 11:39:28,9,W 52 St & 9 Ave,40.7644,-73.9878,52,E 33 St & 1 Ave,40.74402,-73.97196,22702,Customer,1980,1
780,2014-01-31 11:41:22,2014-01-31 11:54:22,47,E 20 St & Park Ave,40.73818,-73.98433,28,Stanton St & Chrystie St,40.72229,-73.99147,20794,Subscriber,1951,1
600,2014-01-31 12:37:28,2014-01-31 12:47:28,52,E 33 St & 1 Ave,40.74402,-73.97196,44,St James Pl & Pearl St,40.71117,-74.00016,20339,Customer,1982,1
1080,2014-01-31 13:49:57,2014-01-31 14:07:57,47,E 20 St & Park Ave,40.73818,-73.98433,28,Stanton St & Chrystie St,40.72229,-73.99147,22692,Subscriber,1963,0
960,2014-01-31 10:59:35,2014-01-31 11:15:35,33,Greenwich Ave & 8 Ave,40.73902,-74.00264,28,Stanton St & Chrystie St,40.72229,-73.99147,21357,Customer,1978,0
1680,2014-01-31 12:33:48,2014-01-31 13:01:48,33,Greenwich Ave & 8 Ave,40.73902,-74.00264,28,Stanton St & Chrystie St,40.72229,-73.99147,21239,Subscriber,1961,2
540,2014-01-31 12:07:04,2014-01-31 12:16:04,28,Stanton St & Chrystie St,40.72229,-73.99147,33,Greenwich Ave & 8 Ave,40.73902,-74.00264,22643,Customer,1981,1
780,2014-01-31 14:07:35,2014-01-31 14:20:35,28,Stanton St & Chrystie St,40.72229,-73.99147,52,E 33 St & 1 Ave,40.74402,-73.97196,21769,Customer,2003,0
1140,2014-01-31 14:22:58,2014-01-31 14:41:58,52,E 33 St & 1 Ave,40.74402,-73.97196,47,E 20 St & Park Ave,40.73818,-73.98433,21913,Customer,1999,2
360,2014-01-31 09:43:39,2014-01-31 09:49:39,44,St James Pl & Pearl St,40.71117,-74.00016,60,Columbus Ave & W 72 St,40.77813,-73.97371,20072,Customer,1962,2
420,2014-01-31 07:10:47,2014-01-31 07:17:47,7,Washington Square E,40.73049,-73.99572,44,St James Pl & Pearl St,40.71117,-74.00016,21114,Subscriber,1952,1
960,2014-01-31 12:20:03,2014-01-31 12:36:03,44,St James Pl & Pearl St,40.71117,-74.00016,52,E 33 St & 1 Ave,40.74402,-73.97196,22319,Customer,2004,1
1800,2014-01-31 09:01:35,2014-01-31 09:31:35,33,Greenwich Ave & 8 Ave,40.73902,-74.00264,41,Grand St & Elizabeth St,40.7185,-73.9972,22784,Subscriber,1960,1
420,2014-01-31 14:37:09,2014-01-31 14:44:09,60,Columbus Ave & W 72 St,40.77813,-73.97371,41,Grand St & Elizabeth St,40.7185,-73.9972,21061,Subscriber,1959,2
1980,2014-01-31 18:06:57,2014-01-31 18:39:57,7,Washington Square E,40.73049,-73.99572,52,E 33 St & 1 Ave,40.74402,-73.97196,20849,Subscriber,1968,0
360,2014-01-31 07:02:22,2014-01-31 07:08:22,33,Greenwich Ave & 8 Ave,40.73902,-74.00264,41,Grand St & Elizabeth St,40.7185,-73.9972,20226,Subscriber,1976,2
420,2014-01-31 16:22:17,2014-01-31 16:29:17,44,St James Pl & Pearl St,40.71117,-74.00016,28,Stanton St & Chrystie St,40.72229,-73.99147,21879,Subscriber,1953,2
420,2014-01-31 16:15:11,2014-01-31 16:22:11,44,St James Pl & Pearl St,40.71117,-74.00016,28,Stanton St & Chrystie St,40.72229,-73.99147,20451,Subscriber,1986,1
960,2014-01-31 10:55:38,2014-01-31 11:11:38,7,Washington Square E,40.73049,-73.99572,47,E 20 St & Park Ave,40.73818,-73.98433,21165,Customer,1984,0
660,2014-01-31 07:45:34,2014-01-31 07:56:34,47,E 20 St & Park Ave,40.73818,-73.98433,60,Columbus Ave & W 72 St,40.77813,-73.97371,22542,Customer,2003,2
1080,2014-01-31 13:42:51,2014-01-31 14:00:51,41,Grand St & Elizabeth St,40.7185,-73.9972,44,St James Pl & Pearl St,40.71117,-74.00016,20892,Customer,1999,0
1380,2014-01-31 10:09:49,2014-01-31 10:32:49,47,E 20 St & Park Ave,40.73818,-73.98433,60,Columbus Ave & W 72 St,40.77813,-73.97371,22509,Customer,1950,2
1740,2014-01-31 09:27:37,2014-01-31 09:56:37,52,E 33 St & 1 Ave,40.74402,-73.97196,28,Stanton St & Chrystie St,40.72229,-73.99147,21464,Customer,1981,2
1680,2014-01-31 07:22:25,2014-01-31 07:50:25,52,E 33 St & 1 Ave,40.74402,-73.97196,33,Greenwich Ave & 8 Ave,40.73902,-74.00264,22962,Customer,1997,1
2040,2014-01-31 18:56:23,2014-01-31 19:30:23,33,Greenwich Ave & 8 Ave,40.73902,-74.00264,52,E 33 St & 1 Ave,40.74402,-73.97196,20909,Customer,1993,2
600,2014-01-31 10:24:08,2014-01-31 10:34:08,9,W 52 St & 9 Ave,40.7644,-73.9878,52,E 33 St & 1 Ave,40.74402,-73.97196,21009,Subscriber,1983,1
1980,2014-01-31 09:20:19,2014-01-31 09:53:19,44,St James Pl & Pearl St,40.71117,-74.00016,41,Grand St & Elizabeth St,40.7185,-73.9972,22196,Customer,1966,1
1860,2014-01-31 10:07:12,2014-01-31 10:38:12,41,Grand St & Elizabeth St,40.7185,-73.9972,28,Stanton St & Chrystie St,40.72229,-73.99147,21825,Subscriber,1951,1
1320,2014-01-31 12:34:40,2014-01-31 12:56:40,60,Columbus Ave & W 72 St,40.77813,-73.97371,44,St James Pl & Pearl St,40.71117,-74.00016,20639,Subscriber,1959,1
1680,2014-01-31 16:25:05,2014-01-31 16:53:05,52,E 33 St & 1 Ave,40.74402,-73.97196,28,Stanton St & Chrystie St,40.72229,-73.99147,21351,Subscriber,1975,0
540,2014-01-31 11:11:06,2014-01-31 11:20:06,60,Columbus Ave & W 72 St,40.77813,-73.97371,28,Stanton St & Chrystie St,40.72229,-73.99147,20182,Customer,1987,0
960,2014-01-31 11:15:11,2014-01-31 11:31:11,28,Stanton St & Chrystie St,40.72229,-73.99147,52,E 33 St & 1 Ave,40.74402,-73.97196,22030,Subscriber,1970,0
1260,2014-01-31 16:38:40,2014-01-31 16:59:40,60,Columbus Ave & W 72 St,40.77813,-73.97371,41,Grand St & Elizabeth St,40.7185,-73.9972,20199,Subscriber,1998,0
1980,2014-01-31 16:15:54,2014-01-31 16:48:54,28,Stanton St & Chrystie St,40.72229,-73.99147,52,E 33 St & 1 Ave,40.74402,-73.97196,21411,Customer,1958,0
1260,2014-01-31 18:16:01,2014-01-31 18:37:01,52,E 33 St & 1 Ave,40.74402,-73.97196,44,St James Pl & Pearl St,40.71117,-74.00016,21017,Customer,1968,1
1140,2014-01-31 15:27:22,2014-01-31 15:46:22,33,Greenwich Ave & 8 Ave,40.73902,-74.00264,52,E 33 St & 1 Ave,40.74402,-73.97196,22454,Subscriber,1969,1
720,2014-01-31 16:49:55,2014-01-31 17:01:55,60,Columbus Ave & W 72 St,40.77813,-73.97371,28,Stanton St & Chrystie St,40.72229,-73.99147,20463,Subscriber,1994,2
360,2014-01-31 10:49:15,2014-01-31 10:55:15,28,Stanton St & Chrystie St,40.72229,-73.99147,44,St James Pl & Pearl St,40.71117,-74.00016,20097,Subscriber,1955,0
1680,2014-01-31 10:46:52,2014-01-31 11:14:52,9,W 52 St & 9 Ave,40.7644,-73.9878,41,Grand St & Elizabeth St,40.7185,-73.9972,22809,Customer,1977,2
1080,2014-01-31 12:31:21,2014-01-31 12:49:21,33,Greenwich Ave & 8 Ave,40.73902,-74.00264,47,E 20 St & Park Ave,40.73818,-73.98433,22751,Customer,1978,0
1860,2014-01-31 18:15:28,2014-01-31 18:46:28,9,W 52 St & 9 Ave,40.7644,-73.9878,41,Grand St & Elizabeth St,40.7185,-73.9972,21257,Subscriber,1952,1
720,2014-01-31 09:16:00,2014-01-31 09:28:00,60,Columbus Ave & W 72 St,40.77813,-73.97371,8,Hudson St & Reade St,40.71534,-74.00915,20001,Subscriber,1982,2
1560,2014-01-31 10:31:17,2014-01-31 10:57:17,33,Greenwich Ave & 8 Ave,40.73902,-74.00264,52,E 33 St & 1 Ave,40.74402,-73.97196,21813,Subscriber,1959,0
1860,2014-01-31 18:41:38,2014-01-31 19:12:38,8,Hudson St & Reade St,40.71534,-74.00915,47,E 20 St & Park Ave,40.73818,-73.98433,21665,Customer,2003,2
900,2014-01-31 09:55:48,2014-01-31 10:10:48,41,Grand St & Elizabeth St,40.7185,-73.9972,44,St James Pl & Pearl St,40.71117,-74.00016,21296,Customer,2002,1
1200,2014-01-31 08:57:18,2014-01-31 09:17:18,33,Greenwich Ave & 8 Ave,40.73902,-74.00264,47,E 20 St & Park Ave,40.73818,-73.98433,20083,Subscriber,1966,0
1980,2014-01-31 12:15:59,2014-01-31 12:48:59,28,Stanton St & Chrystie St,40.72229,-73.99147,60,Columbus Ave & W 72 St,40.77813,-73.97371,20171,Subscriber,1998,1
1020,2014-01-31 15:07:31,2014-01-31 15:24:31,47,E 20 St & Park Ave,40.73818,-73.98433,44,St James Pl & Pearl St,40.71117,-74.00016,22250,Customer,1963,2
1380,2014-01-31 10:08:09,2014-01-31 10:31:09,8,Hudson St & Reade St,40.71534,-74.00915,33,Greenwich Ave & 8 Ave,40.73902,-74.00264,20517,Customer,2002,1
960,2014-01-31 10:21:37,2014-01-31 10:37:37,9,W 52 St & 9 Ave,40.7644,-73.9878,52,E 33 St & 1 Ave,40.74402,-73.97196,21333,Customer,1983,0
540,2014-01-31 17:37:14,2014-01-31 17:46:14,28,Stanton St & Chrystie St,40.72229,-73.99147,41,Grand St & Elizabeth St,40.7185,-73.9972,21064,Subscriber,1969,2
420,2014-01-31 08:49:53,2014-01-31 08:56:53,33,Greenwich Ave & 8 Ave,40.73902,-74.00264,60,Columbus Ave & W 72 St,40.77813,-73.97371,21319,Customer,1998,2
1620,2014-01-31 16:00:46,2014-01-31 16:27:46,44,St James Pl & Pearl St,40.71117,-74.00016,28,Stanton St & Chrystie St,40.72229,-73.99147,20691,Subscriber,1973,0
1920,2014-01-31 08:28:30,2014-01-31 09:00:30,41,Grand St & Elizabeth St,40.7185,-73.9972,47,E 20 St & Park Ave,40.73818,-73.98433,21643,Customer,1987,2
660,2014-01-31 18:59:35,2014-01-31 19:10:35,52,E 33 St & 1 Ave,40.74402,-73.97196,33,Greenwich Ave & 8 Ave,40.73902,-74.00264,22877,Customer,1960,0
1320,2014-01-31 13:58:48,2014-01-31 14:20:48,28,Stanton St & Chrystie St,40.72229,-73.99147,33,Greenwich Ave & 8 Ave,40.73902,-74.00264,22272,Subscriber,2003,2
2040,2014-01-31 12:56:27,2014-01-31 13:30:27,28,Stanton St & Chrystie St,40.72229,-73.99147,47,E 20 St & Park Ave,40.73818,-73.98433,22259,Subscriber,1961,0
1680,2014-01-31 07:36:12,2014-01-31 08:04:12,52,E 33 St & 1 Ave,40.74402,-73.97196,28,Stanton St & Chrystie St,40.72229,-73.99147,20970,Customer,1958,2
1380,2014-01-31 16:59:19,2014-01-31 17:22:19,28,Stanton St & Chrystie St,40.72229,-73.99147,47,E 20 St & Park Ave,40.73818,-73.98433,20067,Customer,1988,0
660,2014-01-31 18:09:07,2014-01-31 18:20:07,7,Washington Square E,40.73049,-73.99572,44,St James Pl & Pearl St,40.71117,-74.00016,21305,Customer,1964,0
1320,2014-01-31 18:15:19,2014-01-31 18:37:19,8,Hudson St & Reade St,40.71534,-74.00915,28,Stanton St & Chrystie St,40.72229,-73.99147,22289,Customer,1996,0
2100,2014-01-31 08:57:01,2014-01-31 09:32:01,44,St James Pl & Pearl St,40.71117,-74.00016,52,E 33 St & 1 Ave,40.74402,-73.97196,22903,Customer,1996,1
720,2014-01-31 18:24:02,2014-01-31 18:36:02,7,Washington Square E,40.73049,-73.99572,33,Greenwich Ave & 8 Ave,40.73902,-74.00264,21641,Subscriber,1953,1
1860,2014-01-31 16:03:04,2014-01-31 16:34:04,28,Stanton St & Chrystie St,40.72229,-73.99147,47,E 20 St & Park Ave,40.73818,-73.98433,22851,Customer,1975,0
1620,2014-01-31 13:02:51,2014-01-31 13:29:51,8,Hudson St & Reade St,40.71534,-74.00915,52,E 33 St & 1 Ave,40.74402,-73.97196,21852,Customer,1982,0
1020,2014-01-31 16:32:50,2014-01-31 16:49:50,44,St James Pl & Pearl St,40.71117,-74.00016,60,Columbus Ave & W 72 St,40.77813,-73.97371,20103,Subscriber,1976,1
1680,2014-01-31 12:06:49,2014-01-31 12:34:49,47,E 20 St & Park Ave,40.73818,-73.98433,28,Stanton St & Chrystie St,40.72229,-73.99147,21659,Customer,1961,1
1440,2014-01-31 07:49:56,2014-01-31 08:13:56,60,Columbus Ave & W 72 St,40.77813,-73.97371,47,E 20 St & Park Ave,40.73818,-73.98433,20646,Subscriber,1979,0
480,2014-01-31 07:37:54,2014-01-31 07:45:54,33,Greenwich Ave & 8 Ave,40.73902,-74.00264,41,Grand St & Elizabeth St,40.7185,-73.9972,21570,Subscriber,1965,0
1680,2014-01-31 13:36:14,2014-01-31 14:04:14,60,Columbus Ave & W 72 St,40.77813,-73.97371,52,E 33 St & 1 Ave,40.74402,-73.97196,20616,Customer,1984,2
1980,2014-01-31 14:57:31,2014-01-31 15:30:31,41,Grand St & Elizabeth St,40.7185,-73.9972,33,Greenwich Ave & 8 Ave,40.73902,-74.00264,21097,Customer,1957,0
960,2014-01-31 18:35:15,2014-01-31 18:51:15,28,Stanton St & Chrystie St,40.72229,-73.99147,33,Greenwich Ave & 8 Ave,40.73902,-74.00264,21185,Subscriber,1995,1
1560,2014-01-31 16:43:22,2014-01-31 17:09:22,47,E 20 St & Park Ave,40.73818,-73.98433,41,Grand St & Elizabeth St,40.7185,-73.9972,21507,Subscriber,1977,1
1800,2014-01-31 17:38:05,2014-01-31 18:08:05,8,Hudson St & Reade St,40.71534,-74.00915,44,St James Pl & Pearl St,40.71117,-74.00016,21136,Subscriber,1964,1
1800,2014-01-31 16:12:42,2014-01-31 16:42:42,8,Hudson St & Reade St,40.71534,-74.00915,33,Greenwich Ave & 8 Ave,40.73902,-74.00264,21387,Subscriber,1954,1
1020,2014-01-31 07:57:58,2014-01-31 08:14:58,44,St James Pl & Pearl St,40.71117,-74.00016,47,E 20 St & Park Ave,40.73818,-73.98433,22554,Customer,1956,0
480,2014-01-31 13:53:31,2014-01-31 14:01:31,60,Columbus Ave & W 72 St,40.77813,-73.97371,33,Greenwich Ave & 8 Ave,40.73902,-74.00264,22104,Subscriber,2001,2
2100,2014-01-31 10:20:40,2014-01-31 10:55:40,60,Columbus Ave & W 72 St,40.77813,-73.97371,33,Greenwich Ave & 8 Ave,40.73902,-74.00264,20085,Subscriber,1994,0
900,2014-01-31 16:42:23,2014-01-31 16:57:23,41,Grand St & Elizabeth St,40.7185,-73.9972,52,E 33 St & 1 Ave,40.74402,-73.97196,20331,Customer,1954,1
1620,2014-01-31 16:38:43,2014-01-31 17:05:43,41,Grand St & Elizabeth St,40.7185,-73.9972,52,E 33 St & 1 Ave,40.74402,-73.97196,20415,Customer,1974,1
1380,2014-01-31 09:00:37,2014-01-31 09:23:37,8,Hudson St & Reade St,40.71534,-74.00915,60,Columbus Ave & W 72 St,40.77813,-73.97371,20444,Subscriber,2004,2
660,2014-01-31 17:22:21,2014-01-31 17:33:21,47,E 20 St & Park Ave,40.73818,-73.98433,52,E 33 St & 1 Ave,40.74402,-73.97196,21340,Subscriber,1983,2
1080,2014-01-31 09:43:41,2014-01-31 10:01:41,33,Greenwich Ave & 8 Ave,40.73902,-74.00264,28,Stanton St & Chrystie St,40.72229,-73.99147,20492,Subscriber,1983,0
1680,2014-01-31 15:48:38,2014-01-31 16:16:38,8,Hudson St & Reade St,40.71534,-74.00915,28,Stanton St & Chrystie St,40.72229,-73.99147,22370,Subscriber,1995,2
1920,2014-01-31 09:24:19,2014-01-31 09:56:19,28,Stanton St & Chrystie St,40.72229,-73.99147,52,E 33 St & 1 Ave,40.74402,-73.97196,21392,Subscriber,1980,1
960,2014-01-31 14:08:32,2014-01-31 14:24:32,28,Stanton St & Chrystie St,40.72229,-73.99147,52,E 33 St & 1 Ave,40.74402,-73.97196,22225,Customer,1963,2
1740,2014-01-31 10:00:11,2014-01-31 10:29:11,41,Grand St & Elizabeth St,40.7185,-73.9972,44,St James Pl & Pearl St,40.71117,-74.00016,22137,Subscriber,1960,2
420,2014-01-31 15:52:59,2014-01-31 15:59:59,41,Grand St & Elizabeth St,40.7185,-73.9972,28,Stanton St & Chrystie St,40.72229,-73.99147,20150,Customer,1984,1
1740,2014-01-31 08:43:52,2014-01-31 09:12:52,7,Washington Square E,40.73049,-73.99572,60,Columbus Ave & W 72 St,40.77813,-73.97371,21439,Customer,1991,0
1980,2014-01-31 12:18:50,2014-01-31 12:51:50,44,St James Pl & Pearl St,40.71117,-74.00016,41,Grand St & Elizabeth St,40.7185,-73.9972,20819,Subscriber,1974,2
1440,2014-01-31 13:43:33,2014-01-31 14:07:33,52,E 33 St & 1 Ave,40.74402,-73.97196,33,Greenwich Ave & 8 Ave,40.73902,-74.00264,21168,Customer,1975,0
660,2014-01-31 16:33:28,2014-01-31 16:44:28,52,E 33 St & 1 Ave,40.74402,-73.97196,60,Columbus Ave & W 72 St,40.77813,-73.97371,20283,Customer,1978,1
1620,2014-01-31 09:23:11,2014-01-31 09:50:11,28,Stanton St & Chrystie St,40.72229,-73.99147,52,E 33 St & 1 Ave,40.74402,-73.97196,22904,Customer,1983,1
1380,2014-01-31 10:17:48,2014-01-31 10:40:48,44,St James Pl & Pearl St,40.71117,-74.00016,41,Grand St & Elizabeth St,40.7185,-73.9972,22917,Customer,1979,2
1860,2014-01-31 12:21:49,2014-01-31 12:52:49,52,E 33 St & 1 Ave,40.74402,-73.97196,41,Grand St & Elizabeth St,40.7185,-73.9972,20747,Subscriber,1984,1
1320,2014-01-31 10:09:24,2014-01-31 10:31:24,60,Columbus Ave & W 72 St,40.77813,-73.97371,33,Greenwich Ave & 8 Ave,40.73902,-74.00264,22605,Customer,1958,2
2100,2014-01-31 08:51:05,2014-01-31 09:26:05,9,W 52 St & 9 Ave,40.7644,-73.9878,44,St James Pl & Pearl St,40.71117,-74.00016,20035,Customer,1959,1
1800,2014-01-31 18:40:30,2014-01-31 19:10:30,44,St James Pl & Pearl St,40.71117,-74.00016,41,Grand St & Elizabeth St,40.7185,-73.9972,20489,Customer,1985,0
1500,2014-01-31 11:22:25,2014-01-31 11:47:25,52,E 33 St & 1 Ave,40.74402,-73.97196,33,Greenwich Ave & 8 Ave,40.73902,-74.00264,20050,Customer,1993,2
1320,2014-01-31 18:24:43,2014-01-31 18:46:43,8,Hudson St & Reade St,40.71534,-74.00915,52,E 33 St & 1 Ave,40.74402,-73.97196,20633,Subscriber,1990,0
1980,2014-01-31 07:54:06,2014-01-31 08:27:06,44,St James Pl & Pearl St,40.71117,-74.00016,47,E 20 St & Park Ave,40.73818,-73.98433,21510,Subscriber,1962,0
1500,2014-01-31 12:12:17,2014-01-31 12:37:17,28,Stanton St & Chrystie St,40.72229,-73.99147,33,Greenwich Ave & 8 Ave,40.73902,-74.00264,22391,Subscriber,1962,0
720,2014-01-31 10:55:00,2014-01-31 11:07:00,8,Hudson St & Reade St,40.71534,-74.00915,44,St James Pl & Pearl St,40.71117,-74.00016,21849,Customer,2005,2
1260,2014-01-31 10:15:03,2014-01-31 10:36:03,8,Hudson St & Reade St,40.71534,-74.00915,33,Greenwich Ave & 8 Ave,40.73902,-74.00264,20337,Subscriber,1969,2
1980,2014-01-31 10:55:32,2014-01-31 11:28:32,7,Washington Square E,40.73049,-73.99572,44,St James Pl & Pearl St,40.71117,-74.00016,21201,Subscriber,1995,1
1260,2014-01-31 07:00:17,2014-01-31 07:21:17,28,Stanton St & Chrystie St,40.72229,-73.99147,52,E 33 St & 1 Ave,40.74402,-73.97196,21930,Subscriber,1976,0
2040,2014-01-31 11:05:18,2014-01-31 11:39:18,52,E 33 St & 1 Ave,40.74402,-73.97196,41,Grand St & Elizabeth St,40.7185,-73.9972,20914,Customer,1956,2
600,2014-01-31 07:13:04,2014-01-31 07:23:04,28,Stanton St & Chrystie St,40.72229,-73.99147,47,E 20 St & Park Ave,40.73818,-73.98433,20898,Customer,1954,0
1440,2014-01-31 15:51:33,2014-01-31 16:15:33,44,St James Pl & Pearl St,40.71117,-74.00016,41,Grand St & Elizabeth St,40.7185,-73.9972,21290,Customer,1970,1
1080,2014-01-31 08:47:14,2014-01-31 09:05:14,28,Stanton St & Chrystie St,40.72229,-73.99147,52,E 33 St & 1 Ave,40.74402,-73.97196,22663,Customer,1968,1
540,2014-01-31 13:20:13,2014-01-31 13:29:13,44,St James Pl & Pearl St,40.71117,-74.00016,28,Stanton St & Chrystie St,40.72229,-73.99147,21864,Subscriber,1952,2
660,2014-01-31 14:59:50,2014-01-31 15:10:50,28,Stanton St & Chrystie St,40.72229,-73.99147,44,St James Pl & Pearl St,40.71117,-74.00016,21325,Subscriber,1968,1
1260,2014-01-31 18:03:23,2014-01-31 18:24:23,33,Greenwich Ave & 8 Ave,40.73902,-74.00264,60,Columbus Ave & W 72 St,40.77813,-73.97371,20573,Customer,1982,1
1860,2014-01-31 10:29:39,2014-01-31 11:00:39,60,Columbus Ave & W 72 St,40.77813,-73.97371,47,E 20 St & Park Ave,40.73818,-73.98433,20961,Subscriber,1980,1
1800,2014-01-31 14:13:33,2014-01-31 14:43:33,9,W 52 St & 9 Ave,40.7644,-73.9878,44,St James Pl & Pearl St,40.71117,-74.00016,22885,Customer,1995,2
1320,2014-01-31 16:49:40,2014-01-31 17:11:40,8,Hudson St & Reade St,40.71534,-74.00915,41,Grand St & Elizabeth St,40.7185,-73.9972,21303,Subscriber,1951,0
1080,2014-01-31 12:19:00,2014-01-31 12:37:00,28,Stanton St & Chrystie St,40.72229,-73.99147,47,E 20 St & Park Ave,40.73818,-73.98433,20015,Customer,1977,2
1740,2014-01-31 11:33:43,2014-01-31 12:02:43,60,Columbus Ave & W 72 St,40.77813,-73.97371,47,E 20 St & Park Ave,40.73818,-73.98433,20722,Customer,1983,0
600,2014-01-31 14:14:14,2014-01-31 14:24:14,47,E 20 St & Park Ave,40.73818,-73.98433,41,Grand St & Elizabeth St,40.7185,-73.9972,21241,Subscriber,1979,2
1560,2014-01-31 16:43:40,2014-01-31 17:09:40,47,E 20 St & Park Ave,40.73818,-73.98433,28,Stanton St & Chrystie St,40.72229,-73.99147,21987,Customer,2004,0
900,2014-01-31 09:16:58,2014-01-31 09:31:58,47,E 20 St & Park Ave,40.73818,-73.98433,28,Stanton St & Chrystie St,40.72229,-73.99147,22244,Customer,1997,1
540,2014-01-31 09:39:11,2014-01-31 09:48:11,52,E 33 St & 1 Ave,40.74402,-73.97196,47,E 20 St & Park Ave,40.73818,-73.98433,21344,Subscriber,1954,1
1560,2014-01-31 13:20:43,2014-01-31 13:46:43,9,W 52 St & 9 Ave,40.7644,-73.9878,52,E 33 St & 1 Ave,40.74402,-73.97196,20748,Customer,1972,0
1200,2014-01-31 13:05:08,2014-01-31 13:25:08,33,Greenwich Ave & 8 Ave,40.73902,-74.00264,47,E 20 St & Park Ave,40.73818,-73.98433,21216,Subscriber,2003,0
1140,2014-01-31 08:33:59,2014-01-31 08:52:59,44,St James Pl & Pearl St,40.71117,-74.00016,60,Columbus Ave & W 72 St,40.77813,-73.97371,21067,Customer,1968,0
900,2014-01-31 15:15:47,2014-01-31 15:30:47,9,W 52 St & 9 Ave,40.7644,-73.9878,28,Stanton St & Chrystie St,40.72229,-73.99147,22646,Customer,2004,2
840,2014-01-31 18:18:31,2014-01-31 18:32:31,28,Stanton St & Chrystie St,40.72229,-73.99147,52,E 33 St & 1 Ave,40.74402,-73.97196,20153,Customer,1973,1
2100,2014-01-31 11:41:19,2014-01-31 12:16:19,60,Columbus Ave & W 72 St,40.77813,-73.97371,44,St James Pl & Pearl St,40.71117,-74.00016,20086,Subscriber,1977,0
660,2014-01-31 10:52:01,2014-01-31 11:03:01,8,Hudson St & Reade St,40.71534,-74.00915,47,E 20 St & Park Ave,40.73818,-73.98433,20505,Customer,1955,2
2040,2014-01-31 13:31:37,2014-01-31 14:05:37,28,Stanton St & Chrystie St,40.72229,-73.99147,47,E 20 St & Park Ave,40.73818,-73.98433,20688,Customer,1997,2
420,2014-01-31 08:14:26,2014-01-31 08:21:26,28,Stanton St & Chrystie St,40.72229,-73.99147,33,Greenwich Ave & 8 Ave,40.73902,-74.00264,20287,Subscriber,2000,2
1560,2014-01-31 11:54:53,2014-01-31 12:20:53,8,Hudson St & Reade St,40.71534,-74.00915,33,Greenwich Ave & 8 Ave,40.73902,-74.00264,21418,Subscriber,1956,0
540,2014-01-31 17:52:12,2014-01-31 18:01:12,41,Grand St & Elizabeth St,40.7185,-73.9972,47,E 20 St & Park Ave,40.73818,-73.98433,20164,Customer,1987,0
1920,2014-01-31 16:51:04,2014-01-31 17:23:04,41,Grand St & Elizabeth St,40.7185,-73.9972,33,Greenwich Ave & 8 Ave,40.73902,-74.00264,21195,Subscriber,1960,1
1860,2014-01-31 18:52:45,2014-01-31 19:23:45,41,Grand St & Elizabeth St,40.7185,-73.9972,44,St James Pl & Pearl St,40.71117,-74.00016,20861,Subscriber,1976,0
1140,2014-01-31 10:22:29,2014-01-31 10:41:29,28,Stanton St & Chrystie St,40.72229,-73.99147,60,Columbus Ave & W 72 St,40.77813,-73.97371,20301,Subscriber,1974,2
1500,2014-01-31 11:25:28,2014-01-31 11:50:28,52,E 33 St & 1 Ave,40.74402,-73.97196,28,Stanton St & Chrystie St,40.72229,-73.99147,22306,Customer,2000,0
540,2014-01-31 08:46:46,2014-01-31 08:55:46,41,Grand St & Elizabeth St,40.7185,-73.9972,52,E 33 St & 1 Ave,40.74402,-73.97196,20047,Customer,2003,2
1320,2014-01-31 12:03:43,2014-01-31 12:25:43,9,W 52 St & 9 Ave,40.7644,-73.9878,60,Columbus Ave & W 72 St,40.77813,-73.97371,20243,Subscriber,1983,0
1440,2014-01-31 18:51:20,2014-01-31 19:15:20,28,Stanton St & Chrystie St,40.72229,-73.99147,44,St James Pl & Pearl St,40.71117,-74.00016,20225,Subscriber,1956,0
660,2014-01-31 13:12:41,2014-01-31 13:23:41,60,Columbus Ave & W 72 St,40.77813,-73.97371,41,Grand St & Elizabeth St,40.7185,-73.9972,21540,Subscriber,1958,2
1740,2014-01-31 11:09:34,2014-01-31 11:38:34,52,E 33 St & 1 Ave,40.74402,-73.97196,28,Stanton St & Chrystie St,40.72229,-73.99147,22066,Customer,1971,2
1980,2014-01-31 14:22:01,2014-01-31 14:55:01,52,E 33 St & 1 Ave,40.74402,-73.97196,60,Columbus Ave & W 72 St,40.77813,-73.97371,22609,Customer,1952,1
780,2014-01-31 16:45:10,2014-01-31 16:58:10,28,Stanton St & Chrystie St,40.72229,-73.99147,47,E 20 St & Park Ave,40.73818,-73.98433,22983,Customer,1959,1
1620,2014-01-31 14:10:22,2014-01-31 14:37:22,7,Washington Square E,40.73049,-73.99572,60,Columbus Ave & W 72 St,40.77813,-73.97371,21481,Customer,1987,0
1020,2014-01-31 12:16:08,2014-01-31 12:33:08,44,St James Pl & Pearl St,40.71117,-74.00016,33,Greenwich Ave & 8 Ave,40.73902,-74.00264,22067,Customer,1957,0
1680,2014-01-31 18:43:16,2014-01-31 19:11:16,52,E 33 St & 1 Ave,40.74402,-73.97196,33,Greenwich Ave & 8 Ave,40.73902,-74.00264,22685,Customer,1987,0
540,2014-01-31 14:03:24,2014-01-31 14:12:24,44,St James Pl & Pearl St,40.71117,-74.00016,33,Greenwich Ave & 8 Ave,40.73902,-74.00264,20737,Customer,1959,2
1440,2014-01-31 11:31:15,2014-01-31 11:55:15,9,W 52 St & 9 Ave,40.7644,-73.9878,44,St James Pl & Pearl St,40.71117,-74.00016,21142,Subscriber,1956,0
1860,2014-01-31 10:04:07,2014-01-31 10:35:07,52,E 33 St & 1 Ave,40.74402,-73.97196,47,E 20 St & Park Ave,40.73818,-73.98433,22161,Customer,1979,1
1860,2014-01-31 10:51:56,2014-01-31 11:22:56,44,St James Pl & Pearl St,40.71117,-74.00016,33,Greenwich Ave & 8 Ave,40.73902,-74.00264,21465,Subscriber,1980,0
2100,2014-01-31 16:20:43,2014-01-31 16:55:43,47,E 20 St & Park Ave,40.73818,-73.98433,41,Grand St & Elizabeth St,40.7185,-73.9972,20619,Subscriber,1992,0
2100,2014-01-31 14:07:58,2014-01-31 14:42:58,41,Grand St & Elizabeth St,40.7185,-73.9972,33,Greenwich Ave & 8 Ave,40.73902,-74.00264,21253,Customer,2005,2
480,2014-01-31 11:38:32,2014-01-31 11:46:32,44,St James Pl & Pearl St,40.71117,-74.00016,60,Columbus Ave & W 72 St,40.77813,-73.97371,22342,Subscriber,1983,2
1260,2014-01-31 14:16:45,2014-01-31 14:37:45,8,Hudson St & Reade St,40.71534,-74.00915,33,Greenwich Ave & 8 Ave,40.73902,-74.00264,22249,Customer,1973,2
540,2014-01-31 16:46:10,2014-01-31 16:55:10,8,Hudson St & Reade St,40.71534,-74.00915,47,E 20 St & Park Ave,40.73818,-73.98433,21495,Subscriber,1959,2
1800,2014-01-31 18:30:47,2014-01-31 19:00:47,60,Columbus Ave & W 72 St,40.77813,-73.97371,33,Greenwich Ave & 8 Ave,40.73902,-74.00264,22541,Customer,1961,0
1440,2014-01-31 07:28:56,2014-01-31 07:52:56,60,Columbus Ave & W 72 St,40.77813,-73.97371,44,St James Pl & Pearl St,40.71117,-74.00016,20778,Customer,1988,0
1380,2014-01-31 10:11:37,2014-01-31 10:34:37,60,Columbus Ave & W 72 St,40.77813,-73.97371,28,Stanton St & Chrystie St,40.72229,-73.99147,22653,Customer,1976,0
900,2014-01-31 09:50:10,2014-01-31 10:05:10,28,Stanton St & Chrystie St,40.72229,-73.99147,44,St James Pl & Pearl St,40.71117,-74.00016,21872,Subscriber,1970,1
600,2014-01-31 12:47:08,2014-01-31 12:57:08,8,Hudson St & Reade St,40.71534,-74.00915,52,E 33 St & 1 Ave,40.74402,-73.97196,22811,Subscriber,1978,1
1620,2014-01-31 14:22:39,2014-01-31 14:49:39,8,Hudson St & Reade St,40.71534,-74.00915,52,E 33 St & 1 Ave,40.74402,-73.97196,21529,Customer,1958,1
1440,2014-01-31 10:32:47,2014-01-31 10:56:47,28,Stanton St & Chrystie St,40.72229,-73.99147,41,Grand St & Elizabeth St,40.7185,-73.9972,20565,Customer,1955,1
1140,2014-01-31 14:05:17,2014-01-31 14:24:17,8,Hudson St & Reade St,40.71534,-74.00915,28,Stanton St & Chrystie St,40.72229,-73.99147,22849,Customer,2002,2
1500,2014-01-31 09:47:06,2014-01-31 10:12:06,9,W 52 St & 9 Ave,40.7644,-73.9878,47,E 20 St & Park Ave,40.73818,-73.98433,21104,Customer,1983,0
1980,2014-01-31 12:59:26,2014-01-31 13:32:26,47,E 20 St & Park Ave,40.73818,-73.98433,41,Grand St & Elizabeth St,40.7185,-73.9972,22163,Subscriber,1979,1
1740,2014-01-31 17:01:13,2014-01-31 17:30:13,28,Stanton St & Chrystie St,40.72229,-73.99147,60,Columbus Ave & W 72 St,40.77813,-73.97371,20608,Subscriber,1961,2
1440,2014-01-31 10:49:50,2014-01-31 11:13:50,47,E 20 St & Park Ave,40.73818,-73.98433,44,St James Pl & Pearl St,40.71117,-74.00016,20361,Customer,1956,0
1980,2014-01-31 15:19:18,2014-01-31 15:52:18,47,E 20 St & Park Ave,40.73818,-73.98433,28,Stanton St & Chrystie St,40.72229,-73.99147,21554,Subscriber,1960,1
1980,2014-01-31 13:27:00,2014-01-31 14:00:00,33,Greenwich Ave & 8 Ave,40.73902,-74.00264,52,E 33 St & 1 Ave,40.74402,-73.97196,20964,Subscriber,1964,1
840,2014-01-31 13:02:09,2014-01-31 13:16:09,47,E 20 St & Park Ave,40.73818,-73.98433,52,E 33 St & 1 Ave,40.74402,-73.97196,21384,Subscriber,1964,2
1140,2014-01-31 09:12:47,2014-01-31 09:31:47,44,St James Pl & Pearl St,40.71117,-74.00016,60,Columbus Ave & W 72 St,40.77813,-73.97371,21728,Customer,1957,1
1200,2014-01-31 15:38:14,2014-01-31 15:58:14,33,Greenwich Ave & 8 Ave,40.73902,-74.00264,60,Columbus Ave & W 72 St,40.77813,-73.97371,21902,Customer,2001,1
1020,2014-01-31 07:39:43,2014-01-31 07:56:43,28,Stanton St & Chrystie St,40.72229,-73.99147,33,Greenwich Ave & 8 Ave,40.73902,-74.00264,22722,Subscriber,1969,2
780,2014-01-31 09:01:59,2014-01-31 09:14:59,44,St James Pl & Pearl St,40.71117,-74.00016,28,Stanton St & Chrystie St,40.72229,-73.99147,21440,Subscriber,1987,2
1080,2014-01-31 17:38:17,2014-01-31 17:56:17,44,St James Pl & Pearl St,40.71117,-74.00016,33,Greenwich Ave & 8 Ave,40.73902,-74.00264,21028,Subscriber,1956,1
1500,2014-01-31 15:11:03,2014-01-31 15:36:03,9,W 52 St & 9 Ave,40.7644,-73.9878,28,Stanton St & Chrystie St,40.72229,-73.99147,21254,Subscriber,1968,2
480,2014-01-31 12:39:27,2014-01-31 12:47:27,28,Stanton St & Chrystie St,40.72229,-73.99147,44,St James Pl & Pearl St,40.71117,-74.00016,20603,Subscriber,2003,1
960,2014-01-31 16:10:39,2014-01-31 16:26:39,52,E 33 St & 1 Ave,40.74402,-73.97196,28,Stanton St & Chrystie St,40.72229,-73.99147,20859,Subscriber,1985,0
1560,2014-01-31 18:41:25,2014-01-31 19:07:25,60,Columbus Ave & W 72 St,40.77813,-73.97371,44,St James Pl & Pearl St,40.71117,-74.00016,20405,Subscriber,1975,1
2100,2014-01-31 18:59:21,2014-01-31 19:34:21,8,Hudson St & Reade St,40.71534,-74.00915,60,Columbus Ave & W 72 St,40.77813,-73.97371,21521,Customer,1993,2
1620,2014-01-31 09:19:46,2014-01-31 09:46:46,44,St James Pl & Pearl St,40.71117,-74.00016,28,Stanton St & Chrystie St,40.72229,-73.99147,20684,Subscriber,1978,1
420,2014-01-31 15:17:59,2014-01-31 15:24:59,7,Washington Square E,40.73049,-73.99572,44,St James Pl & Pearl St,40.71117,-74.00016,22394,Customer,1951,2
1200,2014-01-31 15:02:30,2014-01-31 15:22:30,28,Stanton St & Chrystie St,40.72229,-73.99147,60,Columbus Ave & W 72 St,40.77813,-73.97371,22346,Customer,1950,0
1140,2014-01-31 12:40:20,2014-01-31 12:59:20,7,Washington Square E,40.73049,-73.99572,44,St James Pl & Pearl St,40.71117,-74.00016,20303,Customer,1994,0
1860,2014-01-31 17:58:35,2014-01-31 18:29:35,60,Columbus Ave & W 72 St,40.77813,-73.97371,52,E 33 St & 1 Ave,40.74402,-73.97196,22360,Subscriber,2005,0
540,2014-01-31 17:05:21,2014-01-31 17:14:21,33,Greenwich Ave & 8 Ave,40.73902,-74.00264,52,E 33 St & 1 Ave,40.74402,-73.97196,21712,Subscriber,1959,1
1320,2014-01-31 17:28:43,2014-01-31 17:50:43,52,E 33 St & 1 Ave,40.74402,-73.97196,47,E 20 St & Park Ave,40.73818,-73.98433,21496,Subscriber,1955,2
600,2014-01-31 11:09:07,2014-01-31 11:19:07,52,E 33 St & 1 Ave,40.74402,-73.97196,41,Grand St & Elizabeth St,40.7185,-73.9972,20290,Subscriber,1995,2
1440,2014-01-31 07:10:15,2014-01-31 07:34:15,9,W 52 St & 9 Ave,40.7644,-73.9878,47,E 20 St & Park Ave,40.73818,-73.98433,21858,Subscriber,1976,0
720,2014-01-31 16:21:30,2014-01-31 16:33:30,47,E 20 St & Park Ave,40.73818,-73.98433,52,E 33 St & 1 Ave,40.74402,-73.97196,22731,Customer,1958,2
1860,2014-01-31 08:21:38,2014-01-31 08:52:38,60,Columbus Ave & W 72 St,40.77813,-73.97371,41,Grand St & Elizabeth St,40.7185,-73.9972,22891,Customer,1997,0
480,2014-01-31 15:37:15,2014-01-31 15:45:15,52,E 33 St & 1 Ave,40.74402,-73.97196,60,Columbus Ave & W 72 St,40.77813,-73.97371,20762,Subscriber,1979,2
840,2014-01-31 16:56:07,2014-01-31 17:10:07,8,Hudson St & Reade St,40.71534,-74.00915,28,Stanton St & Chrystie St,40.72229,-73.99147,21315,Customer,1994,1
540,2014-01-31 14:44:31,2014-01-31 14:53:31,47,E 20 St & Park Ave,40.73818,-73.98433,41,Grand St & Elizabeth St,40.7185,-73.9972,21457,Subscriber,1990,1
1020,2014-01-31 07:26:51,2014-01-31 07:43:51,52,E 33 St & 1 Ave,40.74402,-73.97196,41,Grand St & Elizabeth St,40.7185,-73.9972,20742,Customer,1996,0
960,2014-01-31 15:03:24,2014-01-31 15:19:24,33,Greenwich Ave & 8 Ave,40.73902,-74.00264,28,Stanton St & Chrystie St,40.72229,-73.99147,20858,Customer,1997,1
660,2014-01-31 13:21:55,2014-01-31 13:32:55,60,Columbus Ave & W 72 St,40.77813,-73.97371,33,Greenwich Ave & 8 Ave,40.73902,-74.00264,20028,Customer,1981,2
840,2014-01-31 17:52:28,2014-01-31 18:06:28,41,Grand St & Elizabeth St,40.7185,-73.9972,28,Stanton St & Chrystie St,40.72229,-73.99147,20704,Customer,1967,1
600,2014-01-31 15:34:45,2014-01-31 15:44:45,52,E 33 St & 1 Ave,40.74402,-73.97196,28,Stanton St & Chrystie St,40.72229,-73.99147,21830,Customer,1992,0
1860,2014-01-31 15:38:06,2014-01-31 16:09:06,7,Washington Square E,40.73049,-73.99572,28,Stanton St & Chrystie St,40.72229,-73.99147,20054,Customer,1977,1
600,2014-01-31 14:18:43,2014-01-31 14:28:43,44,St James Pl & Pearl St,40.71117,-74.00016,47,E 20 St & Park Ave,40.73818,-73.98433,22381,Customer,1971,1
2040,2014-01-31 18:10:53,2014-01-31 18:44:53,47,E 20 St & Park Ave,40.73818,-73.98433,44,St James Pl & Pearl St,40.71117,-74.00016,20513,Subscriber,1951,0
1440,2014-01-31 14:02:32,2014-01-31 14:26:32,8,Hudson St & Reade St,40.71534,-74.00915,47,E 20 St & Park Ave,40.73818,-73.98433,22153,Customer,1956,0
660,2014-01-31 08:48:12,2014-01-31 08:59:12,7,Washington Square E,40.73049,-73.99572,44,St James Pl & Pearl St,40.71117,-74.00016,21151,Subscriber,2000,0
420,2014-01-31 13:25:35,2014-01-31 13:32:35,9,W 52 St & 9 Ave,40.7644,-73.9878,60,Columbus Ave & W 72 St,40.77813,-73.97371,22200,Subscriber,1966,2
420,2014-01-31 07:01:12,2014-01-31 07:08:12,60,Columbus Ave & W 72 St,40.77813,-73.97371,28,Stanton St & Chrystie St,40.72229,-73.99147,22170,Subscriber,1977,1
1380,2014-01-31 11:33:13,2014-01-31 11:56:13,28,Stanton St & Chrystie St,40.72229,-73.99147,44,St James Pl & Pearl St,40.71117,-74.00016,22654,Subscriber,1958,0
1200,2014-01-31 15:37:56,2014-01-31 15:57:56,8,Hudson St & Reade St,40.71534,-74.00915,28,Stanton St & Chrystie St,40.72229,-73.99147,21386,Customer,1963,0
540,2014-01-31 13:29:32,2014-01-31 13:38:32,44,St James Pl & Pearl St,40.71117,-74.00016,60,Columbus Ave & W 72 St,40.77813,-73.97371,20784,Subscriber,1952,1
1200,2014-01-31 13:15:10,2014-01-31 13:35:10,7,Washington Square E,40.73049,-73.99572,41,Grand St & Elizabeth St,40.7185,-73.9972,22296,Subscriber,1960,1
1500,2014-01-31 15:28:22,2014-01-31 15:53:22,33,Greenwich Ave & 8 Ave,40.73902,-74.00264,47,E 20 St & Park Ave,40.73818,-73.98433,21050,Subscriber,1989,2
780,2014-01-31 17:22:27,2014-01-31 17:35:27,28,Stanton St & Chrystie St,40.72229,-73.99147,33,Greenwich Ave & 8 Ave,40.73902,-74.00264,21100,Customer,1969,1
720,2014-01-31 16:44:58,2014-01-31 16:56:58,41,Grand St & Elizabeth St,40.7185,-73.9972,28,Stanton St & Chrystie St,40.72229,-73.99147,20511,Subscriber,1961,2
900,2014-01-31 15:05:22,2014-01-31 15:20:22,9,W 52 St & 9 Ave,40.7644,-73.9878,28,Stanton St & Chrystie St,40.72229,-73.99147,20402,Subscriber,1996,2
1020,2014-01-31 12:03:10,2014-01-31 12:20:10,41,Grand St & Elizabeth St,40.7185,-73.9972,33,Greenwich Ave & 8 Ave,40.73902,-74.00264,21983,Customer,1977,2
1740,2014-01-31 15:08:34,2014-01-31 15:37:34,28,Stanton St & Chrystie St,40.72229,-73.99147,52,E 33 St & 1 Ave,40.74402,-73.97196,21818,Customer,1975,1
360,2014-01-31 12:05:21,2014-01-31 12:11:21,9,W 52 St & 9 Ave,40.7644,-73.9878,52,E 33 St & 1 Ave,40.74402,-73.97196,22883,Subscriber,2000,0
1860,2014-01-31 14:50:39,2014-01-31 15:21:39,8,Hudson St & Reade St,40.71534,-74.00915,41,Grand St & Elizabeth St,40.7185,-73.9972,20341,Customer,1979,1
2100,2014-01-31 12:12:35,2014-01-31 12:47:35,41,Grand St & Elizabeth St,40.7185,-73.9972,33,Greenwich Ave & 8 Ave,40.73902,-74.00264,22631,Subscriber,1962,2
1200,2014-01-31 10:41:16,2014-01-31 11:01:16,7,Washington Square E,40.73049,-73.99572,47,E 20 St & Park Ave,40.73818,-73.98433,21693,Customer,1968,0
2040,2014-01-31 13:55:05,2014-01-31 14:29:05,28,Stanton St & Chrystie St,40.72229,-73.99147,33,Greenwich Ave & 8 Ave,40.73902,-74.00264,20148,Customer,2005,0
1140,2014-01-31 10:49:46,2014-01-31 11:08:46,8,Hudson St & Reade St,40.71534,-74.00915,33,Greenwich Ave & 8 Ave,40.73902,-74.00264,21081,Subscriber,1964,1
1200,2014-01-31 18:10:04,2014-01-31 18:30:04,47,E 20 St & Park Ave,40.73818,-73.98433,33,Greenwich Ave & 8 Ave,40.73902,-74.00264,20069,Subscriber,1998,0
1740,2014-01-31 10:42:29,2014-01-31 11:11:29,9,W 52 St & 9 Ave,40.7644,-73.9878,47,E 20 St & Park Ave,40.73818,-73.98433,22785,Customer,1983,1
1740,2014-01-31 09:29:45,2014-01-31 09:58:45,28,Stanton St & Chrystie St,40.72229,-73.99147,44,St James Pl & Pearl St,40.71117,-74.00016,21452,Subscriber,1968,0
1980,2014-01-31 16:03:13,2014-01-31 16:36:13,47,E 20 St & Park Ave,40.73818,-73.98433,52,E 33 St & 1 Ave,40.74402,-73.97196,22359,Subscriber,1984,0
960,2014-01-31 17:39:25,2014-01-31 17:55:25,33,Greenwich Ave & 8 Ave,40.73902,-74.00264,52,E 33 St & 1 Ave,40.74402,-73.97196,22696,Subscriber,1969,1
480,2014-01-31 12:02:18,2014-01-31 12:10:18,7,Washington Square E,40.73049,-73.99572,44,St James Pl & Pearl St,40.71117,-74.00016,21311,Customer,1966,2
1140,2014-01-31 15:11:09,2014-01-31 15:30:09,8,Hudson St & Reade St,40.71534,-74.00915,44,St James Pl & Pearl St,40.71117,-74.00016,20066,Subscriber,1983,0
1980,2014-01-31 17:12:34,2014-01-31 17:45:34,8,Hudson St & Reade St,40.71534,-74.00915,47,E 20 St & Park Ave,40.73818,-73.98433,20104,Subscriber,1995,1
2040,2014-01-31 15:50:49,2014-01-31 16:24:49,9,W 52 St & 9 Ave,40.7644,-73.9878,47,E 20 St & Park Ave,40.73818,-73.98433,22022,Subscriber,1962,1
540,2014-01-31 16:48:08,2014-01-31 16:57:08,9,W 52 St & 9 Ave,40.7644,-73.9878,44,St James Pl & Pearl St,40.71117,-74.00016,21531,Customer,1962,2
1440,2014-01-31 10:14:06,2014-01-31 10:38:06,47,E 20 St & Park Ave,40.73818,-73.98433,33,Greenwich Ave & 8 Ave,40.73902,-74.00264,22641,Subscriber,1973,2
540,2014-01-31 12:59:39,2014-01-31 13:08:39,33,Greenwich Ave & 8 Ave,40.73902,-74.00264,41,Grand St & Elizabeth St,40.7185,-73.9972,22979,Customer,1961,1
1440,2014-01-31 17:43:19,2014-01-31 18:07:19,47,E 20 St & Park Ave,40.73818,-73.98433,60,Columbus Ave & W 72 St,40.77813,-73.97371,22432,Subscriber,1970,0
840,2014-01-31 17:19:32,2014-01-31 17:33:32,33,Greenwich Ave & 8 Ave,40.73902,-74.00264,28,Stanton St & Chrystie St,40.72229,-73.99147,20764,Subscriber,1956,1
960,2014-01-31 07:18:21,2014-01-31 07:34:21,28,Stanton St & Chrystie St,40.72229,-73.99147,44,St James Pl & Pearl St,40.71117,-74.00016,22110,Subscriber,1961,0
2040,2014-01-31 12:49:58,2014-01-31 13:23:58,47,E 20 St & Park Ave,40.73818,-73.98433,44,St James Pl & Pearl St,40.71117,-74.00016,21263,Customer,1998,2
1920,2014-01-31 07:48:38,2014-01-31 08:20:38,60,Columbus Ave & W 72 St,40.77813,-73.97371,44,St James Pl & Pearl St,40.71117,-74.00016,20046,Customer,1982,1
1740,2014-01-31 09:55:16,2014-01-31 10:24:16,44,St James Pl & Pearl St,40.71117,-74.00016,28,Stanton St & Chrystie St,40.72229,-73.99147,21152,Subscriber,1966,1
780,2014-01-31 12:02:15,2014-01-31 12:15:15,44,St James Pl & Pearl St,40.71117,-74.00016,47,E 20 St & Park Ave,40.73818,-73.98433,22667,Subscriber,1955,2
660,2014-01-31 13:11:08,2014-01-31 13:22:08,8,Hudson St & Reade St,40.71534,-74.00915,44,St James Pl & Pearl St,40.71117,-74.00016,22248,Subscriber,1965,0
840,2014-01-31 07:54:46,2014-01-31 08:08:46,28,Stanton St & Chrystie St,40.72229,-73.99147,44,St James Pl & Pearl St,40.71117,-74.00016,21210,Subscriber,2003,1
840,2014-01-31 13:56:08,2014-01-31 14:10:08,47,E 20 St & Park Ave,40.73818,-73.98433,44,St James Pl & Pearl St,40.71117,-74.00016,20820,Subscriber,1998,0
840,2014-01-31 14:01:24,2014-01-31 14:15:24,8,Hudson St & Reade St,40.71534,-74.00915,28,Stanton St & Chrystie St,40.72229,-73.99147,20713,Subscriber,1961,0
1980,2014-01-31 08:55:16,2014-01-31 09:28:16,60,Columbus Ave & W 72 St,40.77813,-73.97371,33,Greenwich Ave & 8 Ave,40.73902,-74.00264,22099,Customer,2000,2
1860,2014-01-31 12:28:34,2014-01-31 12:59:34,44,St James Pl & Pearl St,40.71117,-74.00016,28,Stanton St & Chrystie St,40.72229,-73.99147,21491,Subscriber,1970,2
1440,2014-01-31 11:37:50,2014-01-31 12:01:50,8,Hudson St & Reade St,40.71534,-74.00915,60,Columbus Ave & W 72 St,40.77813,-73.97371,20926,Customer,1971,2
1500,2014-01-31 16:37:58,2014-01-31 17:02:58,33,Greenwich Ave & 8 Ave,40.73902,-74.00264,28,Stanton St & Chrystie St,40.72229,-73.99147,20955,Subscriber,1963,1
660,2014-01-31 18:29:07,2014-01-31 18:40:07,60,Columbus Ave & W 72 St,40.77813,-73.97371,41,Grand St & Elizabeth St,40.7185,-73.9972,20357,Customer,1954,2
840,2014-01-31 15:06:19,2014-01-31 15:20:19,9,W 52 St & 9 Ave,40.7644,-73.9878,44,St James Pl & Pearl St,40.71117,-74.00016,22946,Customer,1965,1
1620,2014-01-31 07:05:37,2014-01-31 07:32:37,9,W 52 St & 9 Ave,40.7644,-73.9878,47,E 20 St & Park Ave,40.73818,-73.98433,20370,Customer,1965,1
1680,2014-01-31 08:29:54,2014-01-31 08:57:54,44,St James Pl & Pearl St,40.71117,-74.00016,41,Grand St & Elizabeth St,40.7185,-73.9972,20935,Customer,1981,2
1740,2014-01-31 09:41:21,2014-01-31 10:10:21,52,E 33 St & 1 Ave,40.74402,-73.97196,41,Grand St & Elizabeth St,40.7185,-73.9972,20096,Subscriber,1955,2
660,2014-01-31 16:11:43,2014-01-31 16:22:43,9,W 52 St & 9 Ave,40.7644,-73.9878,44,St James Pl & Pearl St,40.71117,-74.00016,21951,Subscriber,1972,2
1860,2014-01-31 09:07:55,2014-01-31 09:38:55,33,Greenwich Ave & 8 Ave,40.73902,-74.00264,60,Columbus Ave & W 72 St,40.77813,-73.97371,21920,Customer,1991,2
1140,2014-01-31 11:15:43,2014-01-31 11:34:43,7,Washington Square E,40.73049,-73.99572,44,St James Pl & Pearl St,40.71117,-74.00016,20074,Customer,1976,1
1080,2014-01-31 09:10:27,2014-01-31 09:28:27,33,Greenwich Ave & 8 Ave,40.73902,-74.00264,44,St James Pl & Pearl St,40.71117,-74.00016,20816,Subscriber,2001,1
780,2014-01-31 17:59:02,2014-01-31 18:12:02,52,E 33 St & 1 Ave,40.74402,-73.97196,41,Grand St & Elizabeth St,40.7185,-73.9972,21388,Subscriber,1998,2
1620,2014-01-31 12:32:08,2014-01-31 12:59:08,47,E 20 St & Park Ave,40.73818,-73.98433,60,Columbus Ave & W 72 St,40.77813,-73.97371,21371,Subscriber,1996,2
420,2014-01-31 15:12:22,2014-01-31 15:19:22,8,Hudson St & Reade St,40.71534,-74.00915,33,Greenwich Ave & 8 Ave,40.73902,-74.00264,21950,Subscriber,1981,0
1380,2014-01-31 07:13:06,2014-01-31 07:36:06,47,E 20 St & Park Ave,40.73818,-73.98433,60,Columbus Ave & W 72 St,40.77813,-73.97371,20094,Subscriber,1986,0
1980,2014-01-31 17:17:39,2014-01-31 17:50:39,9,W 52 St & 9 Ave,40.7644,-73.9878,44,St James Pl & Pearl St,40.71117,-74.00016,21760,Subscriber,1999,2
360,2014-01-31 23:40:00,2014-01-31 23:46:00,60,Columbus Ave & W 72 St,40.77813,-73.97371,7,Washington Square E,40.73049,-73.99572,20000,Subscriber,1999,1
1680,2014-01-31 11:11:54,2014-01-31 11:39:54,8,Hudson St & Reade St,40.71534,-74.00915,33,Greenwich Ave & 8 Ave,40.73902,-74.00264,20638,Customer,1957,2
1140,2014-01-31 13:42:35,2014-01-31 14:01:35,8,Hudson St & Reade St,40.71534,-74.00915,52,E 33 St & 1 Ave,40.74402,-73.97196,20244,Subscriber,1969,1
1200,2014-01-31 09:09:38,2014-01-31 09:29:38,60,Columbus Ave & W 72 St,40.77813,-73.97371,52,E 33 St & 1 Ave,40.74402,-73.97196,20108,Subscriber,1966,1
2040,2014-01-31 15:23:36,2014-01-31 15:57:36,47,E 20 St & Park Ave,40.73818,-73.98433,41,Grand St & Elizabeth St,40.7185,-73.9972,20378,Customer,1999,2
900,2014-01-31 16:20:47,2014-01-31 16:35:47,41,Grand St & Elizabeth St,40.7185,-73.9972,33,Greenwich Ave & 8 Ave,40.73902,-74.00264,22575,Subscriber,1964,0
1680,2014-01-31 16:02:47,2014-01-31 16:30:47,7,Washington Square E,40.73049,-73.99572,28,Stanton St & Chrystie St,40.72229,-73.99147,21327,Subscriber,1954,0
540,2014-01-31 07:31:58,2014-01-31 07:40:58,8,Hudson St & Reade St,40.71534,-74.00915,44,St James Pl & Pearl St,40.71117,-74.00016,21186,Subscriber,2003,2
2100,2014-01-31 17:31:48,2014-01-31 18:06:48,44,St James Pl & Pearl St,40.71117,-74.00016,28,Stanton St & Chrystie St,40.72229,-73.99147,20656,Customer,1962,1
1860,2014-01-31 13:13:07,2014-01-31 13:44:07,52,E 33 St & 1 Ave,40.74402,-73.97196,44,St James Pl & Pearl St,40.71117,-74.00016,21840,Subscriber,1990,2
1380,2014-01-31 17:01:04,2014-01-31 17:24:04,28,Stanton St & Chrystie St,40.72229,-73.99147,44,St James Pl & Pearl St,40.71117,-74.00016,22444,Customer,1990,2
900,2014-01-31 07:50:56,2014-01-31 08:05:56,9,W 52 St & 9 Ave,40.7644,-73.9878,47,E 20 St & Park Ave,40.73818,-73.98433,21318,Customer,2001,1
1020,2014-01-31 11:39:55,2014-01-31 11:56:55,8,Hudson St & Reade St,40.71534,-74.00915,47,E 20 St & Park Ave,40.73818,-73.98433,22510,Customer,1992,2
780,2014-01-31 10:34:38,2014-01-31 10:47:38,9,W 52 St & 9 Ave,40.7644,-73.9878,33,Greenwich Ave & 8 Ave,40.73902,-74.00264,21441,Customer,1976,0
1200,2014-01-31 09:04:35,2014-01-31 09:24:35,52,E 33 St & 1 Ave,40.74402,-73.97196,47,E 20 St & Park Ave,40.73818,-73.98433,21752,Customer,2000,0
900,2014-01-31 18:33:59,2014-01-31 18:48:59,33,Greenwich Ave & 8 Ave,40.73902,-74.00264,28,Stanton St & Chrystie St,40.72229,-73.99147,22205,Customer,1950,0
480,2014-01-31 08:20:19,2014-01-31 08:28:19,47,E 20 St & Park Ave,40.73818,-73.98433,52,E 33 St & 1 Ave,40.74402,-73.97196,20851,Customer,1987,1
780,2014-01-31 10:49:06,2014-01-31 11:02:06,52,E 33 St & 1 Ave,40.74402,-73.97196,28,Stanton St & Chrystie St,40.72229,-73.99147,20157,Subscriber,1963,0
660,2014-01-31 15:22:57,2014-01-31 15:33:57,7,Washington Square E,40.73049,-73.99572,60,Columbus Ave & W 72 St,40.77813,-73.97371,22598,Subscriber,1982,1
1680,2014-01-31 12:12:59,2014-01-31 12:40:59,8,Hudson St & Reade St,40.71534,-74.00915,41,Grand St & Elizabeth St,40.7185,-73.9972,20471,Customer,1951,2
1440,2014-01-31 12:09:59,2014-01-31 12:33:59,44,St James Pl & Pearl St,40.71117,-74.00016,52,E 33 St & 1 Ave,40.74402,-73.97196,21791,Customer,1997,1
1020,2014-01-31 12:50:33,2014-01-31 13:07:33,44,St James Pl & Pearl St,40.71117,-74.00016,33,Greenwich Ave & 8 Ave,40.73902,-74.00264,22583,Customer,1980,0
600,2014-01-31 11:08:57,2014-01-31 11:18:57,7,Washington Square E,40.73049,-73.99572,52,E 33 St & 1 Ave,40.74402,-73.97196,22630,Subscriber,1988,1
1140,2014-01-31 09:47:33,2014-01-31 10:06:33,8,Hudson St & Reade St,40.71534,-74.00915,28,Stanton St & Chrystie St,40.72229,-73.99147,22508,Customer,1988,0
1500,2014-01-31 09:27:16,2014-01-31 09:52:16,7,Washington Square E,40.73049,-73.99572,47,E 20 St & Park Ave,40.73818,-73.98433,20480,Customer,1977,0
1260,2014-01-31 07:17:24,2014-01-31 07:38:24,33,Greenwich Ave & 8 Ave,40.73902,-74.00264,60,Columbus Ave & W 72 St,40.77813,-73.97371,20862,Subscriber,1966,2
900,2014-01-31 08:56:46,2014-01-31 09:11:46,60,Columbus Ave & W 72 St,40.77813,-73.97371,33,Greenwich Ave & 8 Ave,40.73902,-74.00264,21547,Customer,1995,0
1020,2014-01-31 12:29:27,2014-01-31 12:46:27,60,Columbus Ave & W 72 St,40.77813,-73.97371,52,E 33 St & 1 Ave,40.74402,-73.97196,22415,Customer,1983,1
1020,2014-01-31 10:09:45,2014-01-31 10:26:45,41,Grand St & Elizabeth St,40.7185,-73.9972,33,Greenwich Ave & 8 Ave,40.73902,-74.00264,20529,Customer,2005,0
600,2014-01-31 15:20:44,2014-01-31 15:30:44,28,Stanton St & Chrystie St,40.72229,-73.99147,33,Greenwich Ave & 8 Ave,40.73902,-74.00264,20954,Subscriber,1973,0
1140,2014-01-31 16:01:13,2014-01-31 16:20:13,33,Greenwich Ave & 8 Ave,40.73902,-74.00264,52,E 33 St & 1 Ave,40.74402,-73.97196,22191,Customer,1977,2
600,2014-01-31 17:32:14,2014-01-31 17:42:14,60,Columbus Ave & W 72 St,40.77813,-73.97371,44,St James Pl & Pearl St,40.71117,-74.00016,22336,Customer,1999,2
960,2014-01-31 16:56:53,2014-01-31 17:12:53,7,Washington Square E,40.73049,-73.99572,44,St James Pl & Pearl St,40.71117,-74.00016,21843,Subscriber,1972,1
1380,2014-01-31 17:23:04,2014-01-31 17:46:04,52,E 33 St & 1 Ave,40.74402,-73.97196,28,Stanton St & Chrystie St,40.72229,-73.99147,21316,Customer,1960,0
1440,2014-01-31 13:59:07,2014-01-31 14:23:07,47,E 20 St & Park Ave,40.73818,-73.98433,41,Grand St & Elizabeth St,40.7185,-73.9972,21780,Customer,1991,2
600,2014-01-31 18:31:46,2014-01-31 18:41:46,28,Stanton St & Chrystie St,40.72229,-73.99147,44,St James Pl & Pearl St,40.71117,-74.00016,20369,Subscriber,1974,1
1080,2014-01-31 13:58:58,2014-01-31 14:16:58,7,Washington Square E,40.73049,-73.99572,41,Grand St & Elizabeth St,40.7185,-73.9972,22164,Customer,1979,0
1560,2014-01-31 13:18:40,2014-01-31 13:44:40,33,Greenwich Ave & 8 Ave,40.73902,-74.00264,41,Grand St & Elizabeth St,40.7185,-73.9972,22488,Subscriber,1977,2
1500,2014-01-31 12:25:23,2014-01-31 12:50:23,7,Washington Square E,40.73049,-73.99572,33,Greenwich Ave & 8 Ave,40.73902,-74.00264,21215,Customer,1967,0
840,2014-01-31 11:13:03,2014-01-31 11:27:03,8,Hudson St & Reade St,40.71534,-74.00915,33,Greenwich Ave & 8 Ave,40.73902,-74.00264,22210,Subscriber,1980,1
1860,2014-01-31 10:33:05,2014-01-31 11:04:05,9,W 52 St & 9 Ave,40.7644,-73.9878,41,Grand St & Elizabeth St,40.7185,-73.9972,21837,Subscriber,1951,2
1680,2014-01-31 09:37:28,2014-01-31 10:05:28,7,Washington Square E,40.73049,-73.99572,52,E 33 St & 1 Ave,40.74402,-73.97196,21200,Subscriber,1972,0
1140,2014-01-31 08:01:29,2014-01-31 08:20:29,7,Washington Square E,40.73049,-73.99572,41,Grand St & Elizabeth St,40.7185,-73.9972,20143,Subscriber,1987,0
780,2014-01-31 13:06:51,2014-01-31 13:19:51,47,E 20 St & Park Ave,40.73818,-73.98433,33,Greenwich Ave & 8 Ave,40.73902,-74.00264,21156,Subscriber,1982,2
1020,2014-01-31 15:50:55,2014-01-31 16:07:55,8,Hudson St & Reade St,40.71534,-74.00915,52,E 33 St & 1 Ave,40.74402,-73.97196,21674,Customer,1976,1
420,2014-01-31 07:01:57,2014-01-31 07:08:57,44,St James Pl & Pearl St,40.71117,-74.00016,33,Greenwich Ave & 8 Ave,40.73902,-74.00264,21378,Customer,1963,2
1920,2014-01-31 16:02:07,2014-01-31 16:34:07,8,Hudson St & Reade St,40.71534,-74.00915,52,E 33 St & 1 Ave,40.74402,-73.97196,22587,Customer,1997,0
1800,2014-01-31 10:40:18,2014-01-31 11:10:18,52,E 33 St & 1 Ave,40.74402,-73.97196,33,Greenwich Ave & 8 Ave,40.73902,-74.00264,21237,Subscriber,1972,1
2040,2014-01-31 10:10:33,2014-01-31 10:44:33,47,E 20 St & Park Ave,40.73818,-73.98433,44,St James Pl & Pearl St,40.71117,-74.00016,20121,Subscriber,1953,2
600,2014-01-31 14:14:00,2014-01-31 14:24:00,60,Columbus Ave & W 72 St,40.77813,-73.97371,28,Stanton St & Chrystie St,40.72229,-73.99147,20533,Customer,1959,0
420,2014-01-31 12:21:15,2014-01-31 12:28:15,7,Washington Square E,40.73049,-73.99572,52,E 33 St & 1 Ave,40.74402,-73.97196,21671,Subscriber,1990,2
2040,2014-01-31 07:56:20,2014-01-31 08:30:20,52,E 33 St & 1 Ave,40.74402,-73.97196,47,E 20 St & Park Ave,40.73818,-73.98433,22890,Customer,1960,0
600,2014-01-31 09:41:34,2014-01-31 09:51:34,28,Stanton St & Chrystie St,40.72229,-73.99147,60,Columbus Ave & W 72 St,40.77813,-73.97371,22436,Subscriber,1971,0
1140,2014-01-31 14:32:39,2014-01-31 14:51:39,44,St James Pl & Pearl St,40.71117,-74.00016,52,E 33 St & 1 Ave,40.74402,-73.97196,22213,Customer,1966,2
660,2014-01-31 07:35:34,2014-01-31 07:46:34,52,E 33 St & 1 Ave,40.74402,-73.97196,28,Stanton St & Chrystie St,40.72229,-73.99147,22914,Customer,1952,0
840,2014-01-31 09:19:20,2014-01-31 09:33:20,33,Greenwich Ave & 8 Ave,40.73902,-74.00264,44,St James Pl & Pearl St,40.71117,-74.00016,21116,Subscriber,1967,0
600,2014-01-31 07:19:52,2014-01-31 07:29:52,47,E 20 St & Park Ave,40.73818,-73.98433,44,St James Pl & Pearl St,40.71117,-74.00016,22386,Subscriber,1967,1
1500,2014-01-31 08:56:59,2014-01-31 09:21:59,8,Hudson St & Reade St,40.71534,-74.00915,28,Stanton St & Chrystie St,40.72229,-73.99147,22687,Subscriber,1983,2
960,2014-01-31 10:32:26,2014-01-31 10:48:26,9,W 52 St & 9 Ave,40.7644,-73.9878,52,E 33 St & 1 Ave,40.74402,-73.97196,20637,Customer,2004,2
1680,2014-01-31 12:38:35,2014-01-31 13:06:35,52,E 33 St & 1 Ave,40.74402,-73.97196,33,Greenwich Ave & 8 Ave,40.73902,-74.00264,22379,Customer,1999,0
2040,2014-01-31 12:28:05,2014-01-31 13:02:05,47,E 20 St & Park Ave,40.73818,-73.98433,28,Stanton St & Chrystie St,40.72229,-73.99147,22043,Subscriber,1969,0
1740,2014-01-31 09:20:52,2014-01-31 09:49:52,41,Grand St & Elizabeth St,40.7185,-73.9972,47,E 20 St & Park Ave,40.73818,-73.98433,22844,Subscriber,2004,1
900,2014-01-31 12:27:41,2014-01-31 12:42:41,41,Grand St & Elizabeth St,40.7185,-73.9972,52,E 33 St & 1 Ave,40.74402,-73.97196,20087,Subscriber,1955,2
780,2014-01-31 16:02:49,2014-01-31 16:15:49,41,Grand St & Elizabeth St,40.7185,-73.9972,60,Columbus Ave & W 72 St,40.77813,-73.97371,21399,Customer,2000,2
1500,2014-01-31 17:37:46,2014-01-31 18:02:46,41,Grand St & Elizabeth St,40.7185,-73.9972,52,E 33 St & 1 Ave,40.74402,-73.97196,21400,Subscriber,1996,2
1680,2014-01-31 12:19:56,2014-01-31 12:47:56,9,W 52 St & 9 Ave,40.7644,-73.9878,41,Grand St & Elizabeth St,40.7185,-73.9972,21287,Customer,1978,1
840,2014-01-31 16:58:55,2014-01-31 17:12:55,52,E 33 St & 1 Ave,40.74402,-73.97196,47,E 20 St & Park Ave,40.73818,-73.98433,20799,Subscriber,1995,1
480,2014-01-31 17:49:28,2014-01-31 17:57:28,8,Hudson St & Reade St,40.71534,-74.00915,28,Stanton St & Chrystie St,40.72229,-73.99147,21724,Customer,1969,0
2100,2014-01-31 17:00:18,2014-01-31 17:35:18,60,Columbus Ave & W 72 St,40.77813,-73.97371,47,E 20 St & Park Ave,40.73818,-73.98433,20056,Customer,2003,2
1980,2014-01-31 18:04:34,2014-01-31 18:37:34,8,Hudson St & Reade St,40.71534,-74.00915,33,Greenwich Ave & 8 Ave,40.73902,-74.00264,21737,Customer,1986,0
1560,2014-01-31 07:12:50,2014-01-31 07:38:50,9,W 52 St & 9 Ave,40.7644,-73.9878,28,Stanton St & Chrystie St,40.72229,-73.99147,20142,Customer,1983,2
1740,2014-01-31 18:06:04,2014-01-31 18:35:04,41,Grand St & Elizabeth St,40.7185,-73.9972,44,St James Pl & Pearl St,40.71117,-74.00016,22445,Customer,1969,1
1200,2014-01-31 08:32:45,2014-01-31 08:52:45,60,Columbus Ave & W 72 St,40.77813,-73.97371,28,Stanton St & Chrystie St,40.72229,-73.99147,20503,Subscriber,1993,1
1440,2014-01-31 18:54:04,2014-01-31 19:18:04,7,Washington Square E,40.73049,-73.99572,60,Columbus Ave & W 72 St,40.77813,-73.97371,20393,Subscriber,1993,2
1500,2014-01-31 11:25:37,2014-01-31 11:50:37,41,Grand St & Elizabeth St,40.7185,-73.9972,52,E 33 St & 1 Ave,40.74402,-73.97196,20362,Customer,1969,1
900,2014-01-31 09:06:45,2014-01-31 09:21:45,9,W 52 St & 9 Ave,40.7644,-73.9878,52,E 33 St & 1 Ave,40.74402,-73.97196,20732,Subscriber,2000,0
1440,2014-01-31 08:42:30,2014-01-31 09:06:30,7,Washington Square E,40.73049,-73.99572,28,Stanton St & Chrystie St,40.72229,-73.99147,22615,Customer,1960,1
1740,2014-01-31 18:17:53,2014-01-31 18:46:53,8,Hudson St & Reade St,40.71534,-74.00915,41,Grand St & Elizabeth St,40.7185,-73.9972,20045,Customer,1983,1
1620,2014-01-31 11:08:01,2014-01-31 11:35:01,28,Stanton St & Chrystie St,40.72229,-73.99147,47,E 20 St & Park Ave,40.73818,-73.98433,22318,Subscriber,1967,0
720,2014-01-31 13:05:47,2014-01-31 13:17:47,52,E 33 St & 1 Ave,40.74402,-73.97196,33,Greenwich Ave & 8 Ave,40.73902,-74.00264,21204,Customer,1971,2
1140,2014-01-31 15:28:37,2014-01-31 15:47:37,8,Hudson St & Reade St,40.71534,-74.00915,33,Greenwich Ave & 8 Ave,40.73902,-74.00264,22958,Customer,1969,1
600,2014-01-31 15:28:22,2014-01-31 15:38:22,33,Greenwich Ave & 8 Ave,40.73902,-74.00264,60,Columbus Ave & W 72 St,40.77813,-73.97371,21494,Subscriber,2003,0
420,2014-01-31 12:46:19,2014-01-31 12:53:19,8,Hudson St & Reade St,40.71534,-74.00915,44,St James Pl & Pearl St,40.71117,-74.00016,21203,Customer,1966,2
1920,2014-01-31 12:51:11,2014-01-31 13:23:11,7,Washington Square E,40.73049,-73.99572,60,Columbus Ave & W 72 St,40.77813,-73.97371,20531,Subscriber,2005,2
1800,2014-01-31 15:13:00,2014-01-31 15:43:00,47,E 20 St & Park Ave,40.73818,-73.98433,41,Grand St & Elizabeth St,40.7185,-73.9972,21626,Customer,1986,1
1680,2014-01-31 08:59:58,2014-01-31 09:27:58,60,Columbus Ave & W 72 St,40.77813,-73.97371,52,E 33 St & 1 Ave,40.74402,-73.97196,22699,Customer,1950,2
1560,2014-01-31 11:06:08,2014-01-31 11:32:08,47,E 20 St & Park Ave,40.73818,-73.98433,28,Stanton St & Chrystie St,40.72229,-73.99147,20470,Customer,1959,2
